table,data_sha256,rows,run_id,archived_at
ai_power_regions,8eb17844cc08c0535559bdeddb8f57536251d894311e0f4a08a581e0b939d79c,187,20261004T023527Z-local,2026-10-04T02:35:27Z
api_cost_ledger,98bb8d59701b5399732fc6f990e356e356a33a3448e5f81066b4ad927eb523df,2457,20261010T152307Z-github,2026-10-10T15:23:07Z
ba_supply_monthly,4263d1340f02add02e447d39dc9ed6bf879526e4ef836ef7cff39653c6cd6ed4,158503,20261004T023527Z-local,2026-10-04T02:35:27Z
battery_stack_monthly,9dc416cf998404e2797edaab2cad03cb361f0aa6e30bda0c6e20e9f4d08f2254,10542,20261010T152307Z-github,2026-10-10T15:23:07Z
battery_stack_review_monthly,e75534dad88d40374aa895b24cf66bd3bc9eb604d107038dce2002cea9d8a3ef,3744,20261004T043727Z-local,2026-10-04T04:37:27Z
battery_stack_stress_daily,9d17d82bc2802702022adc59c6e4294bf29ae16d61bbcb99f5e2ef9edadde096,1260,20261005T011352Z-local,2026-10-05T01:13:52Z
caiso_area_load_hourly,0c5c9e9a7a0c2d1792b1ee726b5f49ea46c0bc7dbd0442ea81569fbe007a637e,266340,20261010T152307Z-github,2026-10-10T15:23:07Z
caiso_as_prices,74c917795c68b5451e6b7f4170b1d37f19676954fba8394643a5cc324767099b,147264,20261010T152307Z-github,2026-10-10T15:23:07Z
caiso_battery_storage,d2c2f09ccb96eac6e82a9e9d703cf65cc613a820c3e3e710de006392e585b7be,354240,20261010T152307Z-github,2026-10-10T15:23:07Z
caiso_curtailment_daily,0543ebbfa0152c825fb88a195c06e52336758ceb0faa1596abacee31e3d3b853,25020,20261010T152307Z-github,2026-10-10T15:23:07Z
caiso_curtailment_intervals,69aa6265a69fdd3fb18a70e6baa4919ff786e4df78bd804ffe77ad29dd6bf6cd,484819,20261004T175251Z-local,2026-10-04T17:52:51Z
caiso_curtailment_profile,dfd69d8ed74695e3ab87f416db16ff0b2c1926745a09750469f496b00dd0edc3,6124,20261005T021655Z-local,2026-10-05T02:16:55Z
caiso_dam_alert_day_hub_prices,296370b48c7619074a078b8d42f64ff4b064319281672a62e6d25338169dc1d1,3024,20261004T023527Z-local,2026-10-04T02:35:27Z
caiso_dam_cleared_energy,df69235489f893912e7a5ef5d4cc90eecb36266de65ce091975f72542b8e630b,9727,20261010T152307Z-github,2026-10-10T15:23:07Z
caiso_dam_hub_prices,f541399c24899c66c136b345671755861cb73c15885688acc1cbf1c7461451cb,2520,20260929T012526Z-local,2026-09-29T01:25:26Z
caiso_fuel_supply,1c64272dc9d93b3ac292619230576a90971cd69779bdba112653ced60aaa2d06,153504,20261010T152307Z-github,2026-10-10T15:23:07Z
caiso_fuel_supply_history,a9e1386f10749fad506f68b34295380ae94808788f3d2748d55a171732057d45,782808,20261006T182112Z-local,2026-10-06T18:21:12Z
caiso_grid_emergencies,8b32f987d6cc062f27c9e4390987f69bb49e0c3ce1f07e0a83902316afb8b8a5,1900,20261004T023527Z-local,2026-10-04T02:35:27Z
caiso_interconnection_queue,db1d59d7af2a574fa845abd7a6bb5709ebd740a5947a346dac0d90575e482f12,2278,20261009T221405Z-local,2026-10-09T22:14:05Z
caiso_reliability_daily,8a21ec9353f88cae8b9391409e229ccf33bded2151f090d36ba28bbca7600b80,20464,20261004T023527Z-local,2026-10-04T02:35:27Z
caiso_rtm_hub_prices,d1550b96192aaccd546bd717840c328315cc82224841f2eef28163a87a7479e4,9504,20260929T012526Z-local,2026-09-29T01:25:26Z
caiso_trader_daily,cefa13c88891dc18df54c7903b9597e4bdcd7c903c782d48c0bc357875449991,789,20260929T012526Z-local,2026-09-29T01:25:26Z
caiso_wind_solar_forecast,25c46ddcaf500ae45c414f22c29882ff1595492395ada5871fd460ff78fe05d2,339721,20261006T182112Z-local,2026-10-06T18:21:12Z
carb_auction_allowance_prices,3e9bd58d583fcb71f5a2122ca5abbb107bc385390d53924b94a3964d23ead233,336,20261004T023527Z-local,2026-10-04T02:35:27Z
carb_lcfs_credit_prices,d1830f46d10c0bef67ae4522a2eb35222c6ea0d015614649907a6fa63681d968,1124,20261006T181138Z-local,2026-10-06T18:11:38Z
carbon_intensity_daily,38b3ec79faeee064dbc0a849c7cff98cddf72213be97dbc636df76b7b8ff972f,46778,20261010T152307Z-github,2026-10-10T15:23:07Z
carbon_intensity_hourly,c332117715ae48f54bfe1ce3a8bb118f30682f10b19bcd5051708b1100b81d1b,1123029,20261010T152307Z-github,2026-10-10T15:23:07Z
carbon_intensity_monthly,76cc1c565380406a722f1486fd884582372d08b1494791161ca78a07ef2abb21,1275,20261010T152307Z-github,2026-10-10T15:23:07Z
census_metro_population,aa0f310c33ef9d6caa9ebdb3266ff0d55a338c53cbef03de7ade23fc7af616ab,1650,20261006T004810Z-local,2026-10-06T00:48:10Z
cftc_cot_positions,24bd53df4af13fa53d86918ad6209b8e74d5b6a3dd64919411df34bbb5f134fc,9824,20261010T152307Z-github,2026-10-10T15:23:07Z
clean_energy_hourly,c279b5cae27a9bf431b4f315b3107a589b9254e0e2d7270f6d41e9e084c5c8fd,471232,20261006T182112Z-local,2026-10-06T18:21:12Z
clean_energy_summary,42508b42ef671c66efb0f2b6d025d7415cfed3c07fbf5935bc4cbfdc3f1c693f,27447,20261006T182112Z-local,2026-10-06T18:21:12Z
cost_of_power_carbon,72ac12402ef49fa1eea3f74ee7085e61b7c9ec8caadeb32be19ddea0200ef0f3,712,20261004T023527Z-local,2026-10-04T02:35:27Z
cost_of_power_hourly_profile,cf790fc25af52c7b00935b8a45422e7686dc93cbc4e543e0316c4509e218aa7f,4368,20261004T023527Z-local,2026-10-04T02:35:27Z
cost_of_power_monthly,d74dbb3170635bd52afcce67ab96040fccb5f9d241384e4d3b19c4dc75f0749f,2304,20261004T023527Z-local,2026-10-04T02:35:27Z
datacenter_facilities,24e621116c46303b0c7425aab692c2750a2c38a620049cb4692be52b537e3d60,380,20261010T152307Z-github,2026-10-10T15:23:07Z
datacenter_operator_sites,b6048f7f36bb607e69f7b6b48e8cd4ea0c8607c4b7c2e9f6ac320c3ba8e2bfaa,275,20261009T221405Z-local,2026-10-09T22:14:05Z
datacenter_projects,d92789de364595634b5279189591eb46feff0553aefe7a92d77b5ffa04905343,103,20261009T221405Z-local,2026-10-09T22:14:05Z
datacenter_projects_evidence,15c5e231e46d16cfd7356a476f932d60420fb59818345efcdb54cd23e6232b12,116,20261009T221405Z-local,2026-10-09T22:14:05Z
datacenter_queue_positions,22f0d8c79146f494a8ca4ea48d5b5e5221230de0c5681276a342eff5d2c66184,3,20261009T221405Z-local,2026-10-09T22:14:05Z
eia860m_operating_generators,b70444f794e080200f8f80b6c104ff9cf0bdf5cec27f52046cc329c318c5251e,28605,20261010T152307Z-github,2026-10-10T15:23:07Z
eia860m_planned_generators,c916d8bcf838220d129979441b7a99c42192761403524cc43c6b17c0a806b936,2316,20261010T152307Z-github,2026-10-10T15:23:07Z
eia860m_retired_generators,147325462308c06af9adf51aadd5cdf637c07db02ef0d3ccb13b91a0c8b6a722,249,20261010T152307Z-github,2026-10-10T15:23:07Z
eia860m_retired_generators_all,a74dbc0b323f2608cada5d872e54fe90c07da7efbcd17c8c745d5dbc47f1b40c,7334,20261006T182112Z-local,2026-10-06T18:21:12Z
eia930_all_demand,5904842290387be5de3a30e1c24f8304c64938c962d2e4b2c8a5553fc8330f73,16800,20261010T152307Z-github,2026-10-10T15:23:07Z
eia930_all_emissions,5a304fde6583ca4d8ddc79ba0615c4972240aeb58a11eb4012dadbf1606618da,4331784,20261010T152307Z-github,2026-10-10T15:23:07Z
eia930_all_generation,231cc0625b013fb8a612112361b6a769d754e3e0b6950b8a2aca62d3e07b472f,89208,20261010T152307Z-github,2026-10-10T15:23:07Z
eia930_all_history,c97975f0e8af50ac9af137d4247ab0ca057f5df5983268d9e08205ee41fa2406,60084,20261004T023527Z-local,2026-10-04T02:35:27Z
eia930_all_interchange,8e7b1787454f0ce4302bb5463843594fb7884cc17b0d2c7ae16bce2cf77a176b,206088,20261010T152307Z-github,2026-10-10T15:23:07Z
eia930_all_storage,7730095d3e496cca2a5a73c4af9cdee2587ad249b77e37037633c4d2d9153c0e,71736,20261010T152307Z-github,2026-10-10T15:23:07Z
eia930_ciso_demand,3ebe5b11cdf9682b91030741d8c9a36f113ef44fff4eb6ba7cba9389740ac4ff,1632,20260929T012526Z-local,2026-09-29T01:25:26Z
eia930_ciso_generation,d03d4498ca4602f8a031ba18bf74bdae320d3b564417cae6b17801a4740be11f,7920,20260929T012526Z-local,2026-09-29T01:25:26Z
eia930_daily_demand,f7661a4cf3874d4584b390855113ea2ad769644a3a1d0155b46aee394528819a,190913,20261010T152307Z-github,2026-10-10T15:23:07Z
eia930_daily_interchange,a81c678c6770165d9e0ba88e9911ebdd78d3b3093075c76924c49baa7114e0a6,948060,20261010T152307Z-github,2026-10-10T15:23:07Z
eia930_daily_total_interchange,6f81c732763bd08775f3be27fc4faaefa38b46ec3c783de45027541556ab3d8d,210911,20261002T232240Z-local,2026-10-02T23:22:40Z
eia930_demand_growth,d731dbf610e8adb8be9b0b352016e629755987ea47774a98d296dd67d5b23ad8,24108,20261005T021655Z-local,2026-10-05T02:16:55Z
eia930_demand_weather,3fe515217b7c978f610da7b2d4c0043ca492331b2e217baf7597c52945b158bd,1057,20261006T004810Z-local,2026-10-06T00:48:10Z
eia930_erco_demand,7e518641e2ede290c5e341b52ca0ed400a45b1c00452ae750c10855912dc6884,1488,20260929T012526Z-local,2026-09-29T01:25:26Z
eia930_erco_generation,0b9e62f19701a7c6636bb7f40fc3d88f0a144e98256f557b602018cea4dd56a6,7128,20260929T012526Z-local,2026-09-29T01:25:26Z
eia930_event_hourly_interchange,d604de3fc5e2c823c6ea3020bb66aff861bc3f13dce3983e4c07baa4a9ceff07,266833,20261004T023527Z-local,2026-10-04T02:35:27Z
eia930_generation_latest,f80d0c0f7ea05641dc044ee2a6404349834ce4d864e2f63308314c3fc509c498,3166,20261010T152307Z-github,2026-10-10T15:23:07Z
eia930_isne_demand,367b2b1ba937209779446ea8959f993c66ff49c88f3b660f3fa4ab6320847df6,1632,20260929T012526Z-local,2026-09-29T01:25:26Z
eia930_isne_generation,ef6be1b2aa378d9a75b87b30577982283c32f9d7aae677be9a6a0781bd132b39,8040,20260929T012526Z-local,2026-09-29T01:25:26Z
eia930_miso_demand,79524a54e190c6f17faf0e10408695734ec29edf683f38929bda25f90518304f,1632,20260929T012526Z-local,2026-09-29T01:25:26Z
eia930_miso_generation,79482d7341a58af643b3ef45170860035223db6ef35f072afcba3f80ca71375a,7128,20260929T012526Z-local,2026-09-29T01:25:26Z
eia930_nyis_demand,3cda745f859847135c409fe1337fe887a610e2f0169101430252748c74e03ae0,1488,20260929T012526Z-local,2026-09-29T01:25:26Z
eia930_nyis_generation,8a3e81c24f095f57c835d0ce7b09e6547c7584840d6e2e6fde826f6215714d1d,7128,20260929T012526Z-local,2026-09-29T01:25:26Z
eia930_pjm_demand,817faa223e7e836f7160b9e0573574f52cf4bfeb0173ec389a91e666888dcdec,1632,20260929T012526Z-local,2026-09-29T01:25:26Z
eia930_pjm_generation,f57115f2477b4dc327c998cc758fd3732eff5c2bc4e6069e91b43b8052599dc4,7128,20260929T012526Z-local,2026-09-29T01:25:26Z
eia930_swpp_demand,8a7f7d67c3b8ce8e17d3183f4b5064d6542fe35f7c0634c12cf4f680df06da04,1584,20260928T232704Z-local,2026-09-28T23:27:04Z
eia930_swpp_generation,a1216c0e9540b64c1f0cba680487fe36a7cdf65562db480f608bd3eb0dd00b95,7920,20260929T012526Z-local,2026-09-29T01:25:26Z
eia930_us48_demand,051c1b4d7850ff51c05dbf18d55ab28da8ce8f7f1a61718f67a549cbc1dbed62,1632,20260929T012526Z-local,2026-09-29T01:25:26Z
eia930_us48_generation,aee998cc9f32b64fbef2331f8d3b91ed4736c19c75f49318bdd73792bdcea097,12720,20260929T012526Z-local,2026-09-29T01:25:26Z
eia_all_futures_prices,9839c2a368de27cd4a4a11f2ebca91ca0456b525eb6c4f05dc25b125dab3bce0,21240,20261006T181138Z-local,2026-10-06T18:11:38Z
eia_basin_production_monthly,a1b2187a82c01a3c54db6f422c4e765126ce52f7139c64c96cde8445f294b73a,1668,20261010T152307Z-github,2026-10-10T15:23:07Z
eia_crude_first_purchase_prices,b74cc12c54a466703331cc54cdbf59028f1086b08053dd3d40b5e04e769ad48d,860,20261010T152307Z-github,2026-10-10T15:23:07Z
eia_crude_imports_by_country,89d71d139859fcbde76a8add684293a98c0f82485875e2d11910a669018246e5,22633,20261010T152307Z-github,2026-10-10T15:23:07Z
eia_crude_stream_prices,0580d71f062c9f5c2a99a12aa5174228ec827f727791db2568c60aff8a845dc1,2982,20261010T152307Z-github,2026-10-10T15:23:07Z
eia_fuel_spot_prices,ad05e47a769684aab317fe98369ae2a749e911203dbfb65204dd82a97d91c585,27732,20261010T152307Z-github,2026-10-10T15:23:07Z
eia_gas_storage_weekly,6158cbdc32fea865e51caf1bfc0e260d99aca74ada6ba7112c09daeeb013099a,7000,20261010T152307Z-github,2026-10-10T15:23:07Z
eia_gas_trade_monthly,0fbbad9dcf594a1effc68815cf3aec8f6929844f61e69daafe545683ff69c92a,1979,20261010T152307Z-github,2026-10-10T15:23:07Z
eia_lng_exports_monthly,3efda02b4780fc24a3e641c0a7fa3d78be8c4485c24ec1293e346aa4b4a57daa,1083,20261010T152307Z-github,2026-10-10T15:23:07Z
eia_padd_crude_pipeline_flows,ec3e59aef8ccc875732a82b4b98f3ff51611b8675d294c34e89ba95b3b768a4b,4558,20261010T152307Z-github,2026-10-10T15:23:07Z
eia_petroleum_stocks_weekly,7e73b43765b826aaf113f381ad8502e3b013fd764bb1b33d786b2a2dd4c29eb0,16815,20261010T152307Z-github,2026-10-10T15:23:07Z
eia_petroleum_supply_weekly,d099a9283ca5139f04d2ee4057e3100501584b811bbb6db4f74fc06ba7bde746,26118,20261010T152307Z-github,2026-10-10T15:23:07Z
eia_petroleum_trade_weekly,b6776485c005299f9c78258172a9aae0c6a7deb17a7441cdb9fa739c859077c5,12579,20261010T152307Z-github,2026-10-10T15:23:07Z
eia_power_plant_fuel_costs,3a585d11f754871bf8886c0990552e1f4dafc194aec55fca4510e0ff07300d16,12898,20261010T152307Z-github,2026-10-10T15:23:07Z
eia_product_spot_prices,bb1dbe8e3b489f087635eb69aabe7b7e44a297709f6c23865087c4999de6e2b9,71998,20261010T152307Z-github,2026-10-10T15:23:07Z
eia_regional_retail_fuel_prices,ec40d19cb90f681d586f7957f1a47d30c933d28e3fd55fb5f076f97101364b02,16199,20261010T152307Z-github,2026-10-10T15:23:07Z
eia_retail_electricity_prices,3993a12c44d13fe4a5e7c082ad4e614dc415a145691dd4ddd828e6b692023123,114202,20261010T152307Z-github,2026-10-10T15:23:07Z
eia_retail_fuel_prices,8a5601313647c528d653ed20b3f0db0b157b0d0065ec4a23d5137c6b4afcde70,5328,20261010T152307Z-github,2026-10-10T15:23:07Z
eia_retail_sales_monthly,a2b4e539c5b3d6d692568ea6bd15135171354be5005ea1b44c22eb38a65b3d55,228203,20261010T152307Z-github,2026-10-10T15:23:07Z
eia_sector_energy_consumption_monthly,906c4bf08d112f9b757562cf161179fac59c800e3e2b6283533e29c742bd7e28,8988,20261010T152307Z-github,2026-10-10T15:23:07Z
eia_state_generation_monthly,07a62a04b1cf8d2f60596646e274ee8fe242f1f24b34d62f389cedb9c55aa64c,200030,20261010T152307Z-github,2026-10-10T15:23:07Z
energy_companies,171286aa570093873f3baba69d0901696258a2f086a2a4dbcae72bbb2a54d383,426,20261010T152307Z-github,2026-10-10T15:23:07Z
energy_deals,de346327e0845797f08783b8bce061fbbde7ec4fc995300b91af071f7bcd45a1,444,20261009T221405Z-local,2026-10-09T22:14:05Z
energy_deals_evidence,33e30c0a36d24b1033680f947bed0b420df9091392fdbdb482e7cb7c19a0fbc0,487,20261009T221405Z-local,2026-10-09T22:14:05Z
energy_projects,716887553a84552bd9e62c99f253ca4b852a419e5e0358365cc58565d22bcdc9,43685,20261009T221405Z-local,2026-10-09T22:14:05Z
ercot_all_hub_prices_history,46de17fe4394e643492ed60c143e518fffaef423b8404b8447c78e42712c3c28,3063570,20261004T023527Z-local,2026-10-04T02:35:27Z
ercot_as_prices,85690bca7c769d97966e2523c2140d6104507fdf75f1e7b3a71f0d084df3ece1,336932,20261010T152307Z-github,2026-10-10T15:23:07Z
ercot_as_prices_daily,e1c49614716f29bcd1c2b4c943f47f511e072cce2244bdc12d924dc1d7624ba7,70195,20261010T152307Z-github,2026-10-10T15:23:07Z
ercot_as_prices_monthly,5c9a0ce7fca5ee6f266f9bae6d2e574a1d0d355702697948794e11c2445ec15c,2325,20261010T152307Z-github,2026-10-10T15:23:07Z
ercot_as_quantities,e3aabf46b57866e0ce36ee6a7d966c2dcd4d2164922eba6afa603f6c0f5b8623,3840,20261003T102720Z-local,2026-10-03T10:27:20Z
ercot_dam_cleared_energy,cd88d05fa457419e6ad5d722f715aaed0b1d2ef00861b87db37ab28b69e842e4,432,20261010T152307Z-github,2026-10-10T15:23:07Z
ercot_dam_esr_awards,57484bedcc6eab2c074408d3a75903ff3b8b39ed71acb10235ce7f992987d036,1873365,20261010T152307Z-github,2026-10-10T15:23:07Z
ercot_dam_hub_prices,5ecb0dab305a45c3cc869a82a515c92e1c9667d482331a894d973bad9ba0a83a,5040,20260929T012526Z-local,2026-09-29T01:25:26Z
ercot_dam_hub_prices_2015,a19879ed9f63fd959a115ec84c78254e9622580bb285a9f3e5884d525adbdaa7,52560,20260928T232704Z-local,2026-09-28T23:27:04Z
ercot_dam_hub_prices_2016,99eeacf96e7ec63f983489b14290f8fc3b3e152bfa9e3181b2df081ad1b66268,52704,20260928T232704Z-local,2026-09-28T23:27:04Z
ercot_dam_hub_prices_2017,a547aa99fd68fa40b0b2778ebbb7c07093499cb9a67d84bad82083919baf57b5,52560,20260928T232704Z-local,2026-09-28T23:27:04Z
ercot_dam_hub_prices_2018,4da3ace4802abfaa0d53b2df88c913c2966da49679ec0f0884f440adf85bd374,52560,20260928T232704Z-local,2026-09-28T23:27:04Z
ercot_dam_hub_prices_2019,4dc9cb55e4d060e9751e6061172f6dc6a64e48d87a5325beb84e7054fe2be761,52560,20260928T232704Z-local,2026-09-28T23:27:04Z
ercot_dam_hub_prices_2020,9b4cba30207459e49139806457ff2a854a0cd948c818696b0cd886384af75a30,52704,20260928T232704Z-local,2026-09-28T23:27:04Z
ercot_dam_hub_prices_2021,c1153eb012cef0f0249959d68a488ea80619e47047c3c3c8051e9cfe61a6767d,52560,20260928T232704Z-local,2026-09-28T23:27:04Z
ercot_dam_hub_prices_2022,db36e9b4bbb76982aa8316640cf41555a4418ac30a2e1c3db8f55e4f24e69e4f,52560,20260928T232704Z-local,2026-09-28T23:27:04Z
ercot_dam_hub_prices_2023,f154fc1da3f86388bf9d08ec2e32a62dbb937656d5154f90352b789ead08f3fa,52560,20260928T232704Z-local,2026-09-28T23:27:04Z
ercot_dam_hub_prices_2024,18e3ff3be02cff37b46c84e88fd02078d65cd2c3448246c8a2820a4806974dde,52704,20260928T232704Z-local,2026-09-28T23:27:04Z
ercot_dam_hub_prices_2025,e18a28d8461f2113ae5a30b934efd42e631d2dff07b0b374c0376e88c3509d95,52560,20260928T232704Z-local,2026-09-28T23:27:04Z
ercot_dam_hub_prices_2026,9b2867a01d3f5bb5794735e873d810ec895b394fd66ba26d459dc5c18b5dec86,34122,20260928T232704Z-local,2026-09-28T23:27:04Z
ercot_hub_prices_daily,2b50bb9917fe2ba50b3e06dc4c750c6ff159be674e45fb5dacc47431fe9fe0be,345720,20261010T152307Z-github,2026-10-10T15:23:07Z
ercot_interconnection_queue,59fd22127cac8ad5c61ee001a66a673cb66fc1ddcda8c24c1469a13df69e05e4,1778,20261009T221405Z-local,2026-10-09T22:14:05Z
ercot_large_load_status,5c898eca059a26d2b7249535b3bafcb85382f74592fd734246d3800b7008f563,29,20261004T205600Z-local,2026-10-04T20:56:00Z
ercot_peak_premium_annual,44d5d1f6715b1f5a03b3ea3dcc87cd479edb8444dd45a2259ac601d7b28490a1,2016,20261004T023527Z-local,2026-10-04T02:35:27Z
ercot_peak_premium_monthly,dc881bbbcfacb9738b500e3e480e356b4253b99564047cdae819139b6632bd3b,23688,20261004T023527Z-local,2026-10-04T02:35:27Z
ercot_rtm_hub_prices,ca0865b9717e2e7c52e4497f48b7f65c960cc30bf438abb424404797cc1102dd,19008,20260929T012526Z-local,2026-09-29T01:25:26Z
ercot_rtm_hub_prices_2015,c45264c16c63ec60387d86962375bd1647aaa109abf2a584a37789381cccee00,210240,20260928T232704Z-local,2026-09-28T23:27:04Z
ercot_rtm_hub_prices_2016,8f1cd7e7b83b6195c2f7302623a7040a19f8fa59b2bee208c5221ed02b5b614a,210816,20260928T232704Z-local,2026-09-28T23:27:04Z
ercot_rtm_hub_prices_2017,54bd0f4a1c80452a227431d5f78f5bcf88b41d2a475ae911d931d153bc866920,210240,20260928T232704Z-local,2026-09-28T23:27:04Z
ercot_rtm_hub_prices_2018,2b615f027c5537dea9c852227870212a5e500b98418599aac4419286c7480096,210240,20260928T232704Z-local,2026-09-28T23:27:04Z
ercot_rtm_hub_prices_2019,63dcd294f147d2ca02e37fd9f781c4429dd4ac6ff4709d8be8f77cd5fa5d0a1a,210240,20260928T232704Z-local,2026-09-28T23:27:04Z
ercot_rtm_hub_prices_2020,74a6e076a4fac5d947af4d693b469fe56ccc48c4d16ff72a30df9f8c4835c81f,210816,20260928T232704Z-local,2026-09-28T23:27:04Z
ercot_rtm_hub_prices_2021,027f6199a0dd937f77da1221ee5cacd8673fa10b51e737f982ae78327b0e8c1e,210240,20260928T232704Z-local,2026-09-28T23:27:04Z
ercot_rtm_hub_prices_2022,b453332baeed55fa720b248e883382e3c2ddf6e4b77a240f02240cab7dc15827,210240,20260928T232704Z-local,2026-09-28T23:27:04Z
ercot_rtm_hub_prices_2023,e532c63f60d8c8350f85eb7b7dacd3e6dfc29f896337f6781a051d34bd6d8917,210240,20260928T232704Z-local,2026-09-28T23:27:04Z
ercot_rtm_hub_prices_2024,aa9ed563aea3e5f71efe15d079c68f21a73b19a9851af8a80c7401310da7ad48,210816,20260928T232704Z-local,2026-09-28T23:27:04Z
ercot_rtm_hub_prices_2025,ec030a2d5007384d6c1d8a7ae7bb27ba04c6d2c7c81d7ffcc5affe9006dd56f0,210240,20260928T232704Z-local,2026-09-28T23:27:04Z
ercot_rtm_hub_prices_2026,aafff54f3a9fb77b36ea568dd6a30cf3c9674b8e2d460761024cfa65392d8bb7,136488,20260928T232704Z-local,2026-09-28T23:27:04Z
ercot_rtm_node_prices,b9516e78ed6dd286ac97846291d7209acb8d497d678bd5425dc844168d50208c,213900,20261005T100020Z-local,2026-10-05T10:00:20Z
ercot_sced_esr_hourly,018c3e3f6a30977b10f2d2bb312268903d736d6dba4b9e2fe563295007d583e0,1458735,20261005T100020Z-local,2026-10-05T10:00:20Z
ercot_storage_dam_awards_monthly,79a596c3a667edd05a1a07ffc046368dd930635e8a4104c418821502be88323a,252,20261010T152307Z-github,2026-10-10T15:23:07Z
ercot_storage_dam_offers_daily,5c9f6dda42671b9b83a22237a8b587b1a84a04507e3e2bb1428ed64aba051ba1,19344,20261010T152307Z-github,2026-10-10T15:23:07Z
ercot_storage_dam_offers_monthly,d9270e9b9e3aa72377229b90b6117ceceb8df4d2eba3c323188d80f8b5b26dc2,819,20261010T152307Z-github,2026-10-10T15:23:07Z
ercot_storage_node_basis,2da3ad0bdf6aa0c9422319c206efb2836a9efcc17b0418f2badbd2311780468d,2050,20261005T100020Z-local,2026-10-05T10:00:20Z
ercot_storage_rt_monthly,96070d17589247c61d1fa1bcbc51e17e89bfc054591903293680b740eac70f80,329,20261005T100020Z-local,2026-10-05T10:00:20Z
ercot_trader_daily,a841fc4e3ff2b5c84e12a9d93c92266786e0ccb78149ef60c44a4e8b438d5955,1578,20260929T012526Z-local,2026-09-29T01:25:26Z
ercot_wind_solar_forecast,a561f863adbe67720a22e1144d4cabfbb6fe6fec180377c443ec0ddb7cc6225a,1066,20261006T182112Z-local,2026-10-06T18:21:12Z
ercot_wind_solar_hsl_daily,579f9948d0faaf08316470dba0c20cad1616ac125c080983b5ce1aa668b132f1,126,20261010T152307Z-github,2026-10-10T15:23:07Z
ercot_wind_solar_hsl_hourly,81111b5ec7c043db164477022a7f2e652e01efd9fa42868d07ea7643850fe961,4440,20261010T152307Z-github,2026-10-10T15:23:07Z
ercot_wind_solar_output_hourly,6d16e60715839f14a407bf1ba711f1484c6c82b01ddf31a52e9b074e4d1dfb31,52608,20261010T152307Z-github,2026-10-10T15:23:07Z
ercot_zone_load_hourly,61e02d19a4744a43dddc39439b220038e6cfcf5006eb5e85f111b8deea06b42a,920358,20261010T152307Z-github,2026-10-10T15:23:07Z
ercot_zone_prices_history,6cb80b1feb7ab827ae61404bf08532c6e154b71c0236587504a72ac5e29006dd,2473320,20261007T100923Z-local,2026-10-07T10:09:23Z
event_study_estimates,1bd5b16449f51a7067b8b2941f22169ff0f82856791579e833905bf42b21c54f,2747,20261004T023527Z-local,2026-10-04T02:35:27Z
event_window_daily,9b83d3ff74ee559f72d7e0a7852cf6efd8589a310888105589d3168fddb2217e,28438,20261004T023527Z-local,2026-10-04T02:35:27Z
ferc_eqr_buyer_doubtful,3e743c6411d3091e89dae24838e86dafdc62d6779622a0e5991b432a9f343dd3,1281,20261004T175251Z-local,2026-10-04T17:52:51Z
ferc_eqr_buyer_names,68a04f5be8a4f17a6439e0c20f9ecc9efa983f9fc9b87c42e7f4b779dfb5f8d0,17955,20261004T175251Z-local,2026-10-04T17:52:51Z
ferc_eqr_contract_terms,274f5bc4184a40bb30bab68543774165727be11d4f428207b243b7b6167a23eb,186873,20261005T165942Z-local,2026-10-05T16:59:42Z
ferc_eqr_contracts,1f6b954cf1b90eeed033f0e70a3888a2cb2ce7b3efaf1586f63b769cae3981f2,186873,20261009T221405Z-local,2026-10-09T22:14:05Z
ferc_eqr_contracts_history,52a0864d1a15874d93b2677287fc40f5dbdbd9c3d90b0f3f8443e4d965431194,571115,20261009T221405Z-local,2026-10-09T22:14:05Z
ferc_eqr_party_mw,692e62177e4f27437a7c13843d9f11bf910cdc6307c1dbb525cd582dd0b85c1b,812,20261005T165942Z-local,2026-10-05T16:59:42Z
ferc_eqr_party_totals,5283388801605597ee1f198750e0d3ad4cf4ce4a95a1c289701886bc1f09092a,12290,20261004T175251Z-local,2026-10-04T17:52:51Z
ferc_eqr_quarter_changes,06b83eca084a3933f41c802fa40e8bbb3502f5d1267a54a49a6424089b13dc76,68,20261005T165942Z-local,2026-10-05T16:59:42Z
flex_alert_effects,3bba1fbe482b7d5cc21cc5ef8cd4d16e0737a5200c956d9d05025af19aac1c2e,2973,20261004T023527Z-local,2026-10-04T02:35:27Z
flex_alert_model,42ad04c6d7f28c436ff7cb6001a1d9afeb84e2d64e3326e62a9f11b89910f36c,881,20261004T023527Z-local,2026-10-04T02:35:27Z
fred_daily_spot_prices,352afd798c626022d2989b4ff338b9c1e678843480e165a7c0f6f58d03c2680f,24321,20261010T152307Z-github,2026-10-10T15:23:07Z
fred_imf_commodity_prices,1b871e2bdcb23089192ad2982e8c2fce024edc82afcbe5fb3e7d3873cac0c88f,2075,20261010T152307Z-github,2026-10-10T15:23:07Z
fred_treasury_yields,9e88649da49b8b187a8109a1280dc563ac34b132b876ac2a73db385296903a77,5832,20261010T152307Z-github,2026-10-10T15:23:07Z
generation_mix_hourly_profile,c1df7ae90e636c2a10f55506d0d8ea3a90588f4c2c9f372d542913d01c5e1c24,165760,20261006T182112Z-local,2026-10-06T18:21:12Z
generation_mix_records,9ccef2024a397256486cd8307a63d7ce576221180ff65137cd308553356a5806,306,20261006T182112Z-local,2026-10-06T18:21:12Z
grid_network_links,85c8214b309507cf34a1c1631676a9bb4a101b6b34115435887aba7bf111e413,26040,20261010T152307Z-github,2026-10-10T15:23:07Z
grid_network_nodes,b9a6987f081e4e2bfb34209108c30a1bfb9c31554d4fd6738448baa698084bd6,84,20261010T152307Z-github,2026-10-10T15:23:07Z
grid_stress_yearly,1080973fc2d06c1cf74ef9062db04f647f05e8cb37d46c2a05d02b63acdd7ebc,2394,20261006T182112Z-local,2026-10-06T18:21:12Z
hub_price_comparison,0d8cf267361f13f76b93d6764a564020ff62e405c8d9601020de4de6f5876c6b,575,20261005T021655Z-local,2026-10-05T02:16:55Z
imf_commodity_prices,1e5405a63deb80a25cd0a92cde7641dc54d4c35916caa8cac1bd0509232bd85e,465,20261010T152307Z-github,2026-10-10T15:23:07Z
interconnection_queue_summary,6854f2c0446bdfddea64ae14dc1bbc5dce21e2c042cf33a091a21c63b7c64e9b,17246,20261004T175251Z-local,2026-10-04T17:52:51Z
iso_all_capacity_prices,d938cf36183c9295f5e9f48799ba330825d93f0ac5bfe62d947f5756eea17d4f,814,20261004T023527Z-local,2026-10-04T02:35:27Z
iso_curtailment_monthly,ec74230af9174a2d55732607f724687186bcfa7c0fc627fed12a050f9cffd092,3232,20261010T152307Z-github,2026-10-10T15:23:07Z
iso_dam_hub_prices,6ddb0b2ab316409245eb9750c3862ab246c8903adfbb32e43af5b6f33792f64b,19632,20261010T152307Z-github,2026-10-10T15:23:07Z
iso_hub_prices_history,f8e7e6c6cd8b34b28eab749f602a2358184b18a178e56fda1876b83c04207af9,488692,20261010T152307Z-github,2026-10-10T15:23:07Z
iso_rt_top_intervals,846654346740b3ee0856422dcfa8788c5cae503d9af351e192636b6657b5836c,50,20261010T152307Z-github,2026-10-10T15:23:07Z
iso_rtm_hub_prices,308d088338a5cc009ea383bd0a7c1dea7f9dc4f1417b950beb32d2784f744e8f,48864,20261010T152307Z-github,2026-10-10T15:23:07Z
iso_trader_daily,df3340a4a92b5772fe812de4d2c8710512b600db0d001970a531b6e9f9302a2a,13355,20261010T152307Z-github,2026-10-10T15:23:07Z
iso_zone_prices_history,6b0ef0cc9c85aab8cd3aab48489418c1c2f003abbd18b48d9727ab0fbe067252,1664445,20261009T221405Z-local,2026-10-09T22:14:05Z
isone_as_prices,6c3012532a3f7c1d8e4baa6f12dccfe64640c91c8a96107ef7bbd1ee50423bf4,55964,20261004T042502Z-local,2026-10-04T04:25:02Z
isone_dam_cleared_energy,1f81fc64f7f5e3d00d1e8956be9494811273b7d998e789fe8a0eed57e434af9e,960,20261010T152307Z-github,2026-10-10T15:23:07Z
isone_dam_zone_prices,b82f2dc330d732550e524493efdd36844c259d517a40c95917cddda41d45d43d,9936,20261010T152307Z-github,2026-10-10T15:23:07Z
isone_ddg_undelivered_monthly,0a1573d73d4c87a9b9cc4b4bf61cb867bf33c9bc22f7fc7e180de6a78fb6f232,840,20261007T221509Z-local,2026-10-07T22:15:09Z
isone_interconnection_queue,979032f914d16332e7aabae6a6efcee6313e5e33582cb42df86a3961c75acca4,1751,20261009T221405Z-local,2026-10-09T22:14:05Z
isone_rtm_zone_prices,49eb74cb9207faf35548591b6dd8536266d17dcef7e00c1232d8ac83a0ea231a,31968,20261010T152307Z-github,2026-10-10T15:23:07Z
isone_rtm_zone_prices_hourly,56e4bf06c3bd218ca8bf382b57b979c204e19bd5b978c2627fd7b1e215e1ed08,9288,20261010T152307Z-github,2026-10-10T15:23:07Z
isone_trader_daily,3b15dfd1ffb25e4b35e10da05034732d5972a1c505bc6861cbc45c4e600277d7,2367,20260929T012526Z-local,2026-09-29T01:25:26Z
isone_zone_load_hourly,5e8d6d57daa783dea1b3f24baf3f859142b93e0c7766d2b5cc31d016a602d4d8,131319,20261010T152307Z-github,2026-10-10T15:23:07Z
isone_zone_prices_history,27b8dc06557b488e37b1d55cd25d0cf12efac94a4fb262e6eb59e8a85b9cef93,1075024,20261007T104338Z-local,2026-10-07T10:43:38Z
known_data_faults,c6857581dfdf1457d18aa686356815f242ae47a9ccd7b47536dc0f4b7c47ab5d,28,20261005T080305Z-local,2026-10-05T08:03:05Z
large_load_rule_reads,39134d3a3fd468e71b61fb134c9236f9ea7c6223e185d76c2edf2553dc4958ed,87,20261008T050942Z-local,2026-10-08T05:09:42Z
large_load_rules,3ef0e861dd303059d1e34674c449b6d6d66d39c7e72f1429779e3e8565b1c6b2,43,20261008T050942Z-local,2026-10-08T05:09:42Z
large_load_rules_internal,e50de70e7b106b3821823bafdd3ddcea1aaa5f3116b7366ff6df0e8579f09523,73,20261008T050942Z-local,2026-10-08T05:09:42Z
large_load_statements,fcaf9ce589fed29b50c9a793fce56e6528a953a5dc2e799be96233730e8d622f,796,20261008T012407Z-local,2026-10-08T01:24:07Z
large_load_waits,cc5014403c400e4172cee30e0e165008b5ec2a891991596be119ae3f85e5c066,2622,20261009T011510Z-local,2026-10-09T01:15:10Z
lbnl_interconnection_queue,68c196ee6d1365aac1b3f3705c0efd8f1f23508db6759a722f4b0d20bec6dc8c,38201,20261004T023527Z-local,2026-10-04T02:35:27Z
merchant_revenue_monthly,cc3fc6c1a218d6afae3675046059a397edc7869470784d1851351f9dd7c112d1,8335,20261004T023527Z-local,2026-10-04T02:35:27Z
miso_as_prices,ce833c76dd7b35b0f99a3e633176efb604a9e22cac08fa6cc2223260f325612d,54936,20261004T042502Z-local,2026-10-04T04:25:02Z
miso_dam_hub_prices,42ae8a1dfa6f7689310ba450d6072d9de933277e9d11aa90bdc722075c991c35,6720,20260929T012526Z-local,2026-09-29T01:25:26Z
miso_interconnection_queue,c785ce41172a5bbc61d1b9b3a1b038900f4802f70700b4b790f4b8946a95b094,3881,20261004T023527Z-local,2026-10-04T02:35:27Z
miso_rtm_hub_prices,aca4951cd16dabcc6277c36cf5f87d3cd533d5d553dd442c519fc945beee8f1f,6144,20260929T012526Z-local,2026-09-29T01:25:26Z
miso_trader_daily,f214a601060f4068f28745c0f8fb0d93cad16ad96660dd8a86abd3ea946f8a6c,2072,20260929T012526Z-local,2026-09-29T01:25:26Z
news_index,53f6b30c014022d0827f26456fad3275bdbdd07a201e91a1588faf011cab0132,13096,20261010T152307Z-github,2026-10-10T15:23:07Z
news_scores_shadow,6462e0066a72cecf07ecdb3f99eb941e19075506a900f85ee05fb97717a30d3d,4748,20261010T152307Z-github,2026-10-10T15:23:07Z
news_stories,609a02559aa1aa3f320fffe91abb243582b6528a899bb42aada78c2264db693d,18045,20261010T152307Z-github,2026-10-10T15:23:07Z
noaa_grid_weather_daily,be9c4f6c88d650e9331a6764d72839ccc8a72d4908689f7bfd53ce7fb1741faf,117814,20261006T004810Z-local,2026-10-06T00:48:10Z
noaa_grid_weather_hourly,3d41fc043d1e083a3e0c41cc36c4df99486751426443c1c1f367fa5be4d4e4c4,1894465,20261006T004810Z-local,2026-10-06T00:48:10Z
noaa_grid_weather_stations,e68abfe9bdd9fe5545a32b002fdbfa471dc8efdb651ecfff171776b59f23c8ec,245,20261006T004810Z-local,2026-10-06T00:48:10Z
noaa_isd_hourly,ddbc75892025c570c559313facf7db2aaad291b31f51fffff53f12a3253854d1,412435,20261004T023527Z-local,2026-10-04T02:35:27Z
noaa_station_weather_hourly,237c96043fdb69704086865ac3b2ec3f3d69289941f26c742497ef0f802948dc,4714333,20261006T004810Z-local,2026-10-06T00:48:10Z
nrc_reactor_status,4df3973472b6240ced068ff5a0534b3156a2fc73f18b759512c25b3cdc0702c9,233295,20261006T182112Z-local,2026-10-06T18:21:12Z
nyiso_as_prices,5bb414b037e79c60d3bbb934cc4b2b6504d583306b24d93dcc6c7719a9e649f3,293376,20261004T042502Z-local,2026-10-04T04:25:02Z
nyiso_dam_cleared_energy,94e910590b0df080cb13fbf53710d45db24943578cc3c0a4f40474be85e811ec,9744,20261010T152307Z-github,2026-10-10T15:23:07Z
nyiso_dam_zone_prices,dc6b12efa2ba6944d7e922074bc49a312c18e4a535626ca0208554d9d3f2d3ec,12408,20261010T152307Z-github,2026-10-10T15:23:07Z
nyiso_interconnection_queue,52905894020978c980413b4eda935fd8980f11814feebb7ad38b207674273364,1814,20261004T023527Z-local,2026-10-04T02:35:27Z
nyiso_load_queue,9c1091f248377a2fe1dd8f129ad6c2de59bd5094affd6a241c49f7016f7acfba,74,20261007T100923Z-local,2026-10-07T10:09:23Z
nyiso_rtm_zone_prices,e63cd8016248e3c2c182eeb436085a41d5346513037d5dd0ba106d8a972c3b4f,47520,20261010T152307Z-github,2026-10-10T15:23:07Z
nyiso_trader_daily,ef8aa09f1562ef65672bc3c20e464af66de291062fd5293b3efbcb8672ee57c1,2893,20260929T012526Z-local,2026-09-29T01:25:26Z
nyiso_zone_load_hourly,83c4dfc3fdf6bec9aa8d8e025928c704438b4a3fcc221e1967a560c661efce16,749595,20261010T152307Z-github,2026-10-10T15:23:07Z
pjm_rpm_capacity_prices,316ae9d2980ec2ad87ea44890df7668fd0a7d45dc3e269a905d17aa6a387635a,234,20261010T152307Z-github,2026-10-10T15:23:07Z
policy_action_tags,0994ae93c0eeffc7e361ee99fa8a0e5452e2cebace591ec5982f2676816ce58d,38,20261008T101827Z-local,2026-10-08T10:18:27Z
policy_actions,0f0913b05caa7897a123523d7991bb66fe0926ef98db62636888d8189aae322c,1894,20261010T152307Z-github,2026-10-10T15:23:07Z
policy_reads,a34674b14a9b490f72838289724b35366d6a1aa27cecb4f8b4b7adf890d23885,371,20261010T152307Z-github,2026-10-10T15:23:07Z
policy_reads_evidence,1d554961d57ebf43273912415d927cc64e45b9a5c1370c74714c9c39637fd612,3139,20261010T152307Z-github,2026-10-10T15:23:07Z
portwatch_chokepoint_transits,6fe983582fe6f2cb0effa1a00f74a104cba80631023f6e27b063361d75d30311,119028,20261010T152307Z-github,2026-10-10T15:23:07Z
price_board_carbon,0209c5188243f4aaee13f874aa7b152949e16985f107b98e101aa1282c910404,15,20261010T152307Z-github,2026-10-10T15:23:07Z
price_board_latest,31853c13e0268c647e20204451cd20a41104b60c96b737912c68d1fbac1a8813,3276,20261010T152307Z-github,2026-10-10T15:23:07Z
price_board_peak_offpeak,0065a4cbc042370123bba0afda45aa064a859b9ae842d98884b5a6a305d960d9,3285,20261010T152307Z-github,2026-10-10T15:23:07Z
price_board_spreads,27c1705ed7a51279a09c00b357f36918bca2a82217c55f5bac3d05a0cdcaadbb,2285,20261010T152307Z-github,2026-10-10T15:23:07Z
price_board_stats,61bc96a31bbc9f9f7f174a79d72e31716ba443b06f4f6fd2c7e529ba9f405bb5,297,20261006T181138Z-local,2026-10-06T18:11:38Z
rggi_auction_allowance_prices,357b0e78cb3bb7573cb30d302dbb3d1db16718d9ae9383c9ee4e0a273b197444,304,20261010T152307Z-github,2026-10-10T15:23:07Z
rrc_lease_production_monthly,9ba957fc4ae1fd45818ab1dad299737c772e3d583683f5c06474cb0412d65879,212252,20261004T023527Z-local,2026-10-04T02:35:27Z
shoulder_hours_monthly,d8d2464bafe16b8ae8300646090d7605df38c008f1fbab9e1a0130574adf4634,27201,20261004T193920Z-local,2026-10-04T19:39:20Z
spp_as_prices,528cbd18e65249c33487a34ea0dd2a51155393e1e3869ea21d8fea2fbed1bc55,159432,20261004T042502Z-local,2026-10-04T04:25:02Z
spp_as_quantities,2ef885235b02113c89f7d39daae406b1d3ace377f324cf0f8f5ccab280039c3a,159768,20261004T175251Z-local,2026-10-04T17:52:51Z
spp_curtailment_daily,7eca24dcb13736bf5f1c60b72c1e80ce7943b8d04a4664f3347961324e19056d,38240,20261010T152307Z-github,2026-10-10T15:23:07Z
spp_dam_cleared_energy,8ffa2efed680bcca00d5242978dfb89b105168a1c7e0c6dcb02eced32b46c8d1,14352,20261010T152307Z-github,2026-10-10T15:23:07Z
spp_dam_hub_prices,8e709955fd3c5ada8953082728a8b2de4c953eda0b3a5b29a2f0c15db447802d,1680,20260929T012526Z-local,2026-09-29T01:25:26Z
spp_interconnection_queue,09db1d62234b0585e5d52b90b0501335f2a855957ceb6eab37fcf847b97e3822,3076,20261009T221405Z-local,2026-10-09T22:14:05Z
spp_rtm_hub_prices,51e3a578c02447eac52682d10425f1e991e54f5d9d2cf4e9a24fd97cad551cfa,768,20260929T012526Z-local,2026-09-29T01:25:26Z
spp_trader_daily,46a2a4be358ca3be14f9e93e5c3f3ccee8025ed62590a8b7c3a7779af271bfeb,262,20260929T012526Z-local,2026-09-29T01:25:26Z
state_generation_mix_monthly,79c6ed336008e5d5d3eb5dd2fe20c40a089b85bbcf8b63cbe2a42510373e5767,107560,20261010T152307Z-github,2026-10-10T15:23:07Z
storage_buildout_monthly,37b05c1aca60f8c4666d559b5d7f7728e1722e9f6db388bb62c8b7e942260499,21229,20261010T152307Z-github,2026-10-10T15:23:07Z
storage_capacity,b6c7a6acc7012eb494a92a71d31579106f0ca7c47344d48ed798bc97d87323bd,1627,20261010T152307Z-github,2026-10-10T15:23:07Z
storage_daily_cycle,5689e12b1247eb2444af85dd3121bff6fd1736856dafdf8dbde23f51304c18f7,14187,20261010T152307Z-github,2026-10-10T15:23:07Z
storage_owners_monthly,3bcafbbd80ec62fa21077028c4a51e96894307f59127b6d54022aabc5eb99cf4,9540,20261004T045005Z-local,2026-10-04T04:50:05Z
texas_delivery_charges,f530bab0775354e3f9f56bc1451ee5c623fa1168e2ae67d0feae025b1d7398d5,73,20261007T020508Z-local,2026-10-07T02:05:08Z
texas_transmission_matrix,14339f5844820764f993974ce5102d4abe962e2ea248928883a8f44322f2eb59,855,20261007T100923Z-local,2026-10-07T10:09:23Z
weather_forecast_hourly,d34c65b6639066dedeab4e193bf37c84dd037b31a97e079ad9755e604e4f7a02,6246,20261010T152307Z-github,2026-10-10T15:23:07Z
weather_obs_hourly,bb2578057a97cbf44a766502ead58a51c19b8f87b92319b2c683f72e89c296db,6418,20261010T152307Z-github,2026-10-10T15:23:07Z
