table,iso,market,n_nodes,interval,ts_min,ts_max,n_rows,source_report,last_run,validator_status,license,sector
caiso_dam_hub_prices,CAISO,caiso_dam,3,PT1H,2026-08-26T07:00:00Z,2026-09-27T06:00:00Z,2304,caiso:PRC_LMP,2026-09-25T23:48:41Z,pass,public,power
caiso_rtm_hub_prices,CAISO,caiso_rtm,3,PT15M,2026-08-26T07:00:00Z,2026-09-25T06:45:00Z,8640,caiso:PRC_INTVL_LMP,2026-09-25T23:48:41Z,pass,public,power
carb_auction_allowance_prices,none,,56,P3M,2012-11-01T00:00:00Z,2026-08-01T00:00:00Z,336,carb:auction-results-summary,2026-09-25T23:58:24Z,pass,internal,carbon
eia930_ciso_demand,CAISO,,1,PT1H,2026-08-26T00:00:00Z,2026-09-24T23:00:00Z,1440,eia:electricity/rto/region-data,2026-09-25T23:57:19Z,pass,public,power
eia930_ciso_generation,CAISO,,1,PT1H,2026-08-26T00:00:00Z,2026-09-24T23:00:00Z,7200,eia:electricity/rto/fuel-type-data;eia:electricity/rto/region-data,2026-09-25T23:57:19Z,pass,public,power
eia930_erco_demand,ERCOT,,1,PT1H,2026-09-22T00:00:00Z,2026-09-24T23:00:00Z,144,eia:electricity/rto/region-data,2026-09-25T23:57:19Z,pass,public,power
eia930_erco_generation,ERCOT,,1,PT1H,2026-08-26T00:00:00Z,2026-09-24T23:00:00Z,6480,eia:electricity/rto/fuel-type-data;eia:electricity/rto/region-data,2026-09-25T23:57:19Z,pass,public,power
eia930_isne_demand,ISO-NE,,1,PT1H,2026-08-26T00:00:00Z,2026-09-24T23:00:00Z,1440,eia:electricity/rto/region-data,2026-09-25T23:57:19Z,pass,public,power
eia930_isne_generation,ISO-NE,,1,PT1H,2026-08-26T00:00:00Z,2026-09-24T23:00:00Z,7272,eia:electricity/rto/fuel-type-data;eia:electricity/rto/region-data,2026-09-25T23:57:19Z,pass,public,power
eia930_miso_demand,MISO,,1,PT1H,2026-08-26T00:00:00Z,2026-09-24T23:00:00Z,1440,eia:electricity/rto/region-data,2026-09-25T23:57:19Z,pass,public,power
eia930_miso_generation,MISO,,1,PT1H,2026-08-26T00:00:00Z,2026-09-24T23:00:00Z,6480,eia:electricity/rto/fuel-type-data;eia:electricity/rto/region-data,2026-09-25T23:57:19Z,pass,public,power
eia930_nyis_demand,NYISO,,1,PT1H,2026-09-22T00:00:00Z,2026-09-24T23:00:00Z,144,eia:electricity/rto/region-data,2026-09-25T23:57:19Z,pass,public,power
eia930_nyis_generation,NYISO,,1,PT1H,2026-08-26T00:00:00Z,2026-09-24T23:00:00Z,6480,eia:electricity/rto/fuel-type-data;eia:electricity/rto/region-data,2026-09-25T23:57:19Z,pass,public,power
eia930_pjm_demand,PJM,,1,PT1H,2026-08-26T00:00:00Z,2026-09-24T23:00:00Z,1440,eia:electricity/rto/region-data,2026-09-25T23:57:19Z,pass,public,power
eia930_pjm_generation,PJM,,1,PT1H,2026-08-26T00:00:00Z,2026-09-24T23:00:00Z,6480,eia:electricity/rto/fuel-type-data;eia:electricity/rto/region-data,2026-09-25T23:57:19Z,pass,public,power
eia930_swpp_demand,SPP,,1,PT1H,2026-08-26T00:00:00Z,2026-09-24T23:00:00Z,1440,eia:electricity/rto/region-data,2026-09-25T23:57:19Z,pass,public,power
eia930_swpp_generation,SPP,,1,PT1H,2026-08-26T00:00:00Z,2026-09-24T23:00:00Z,7200,eia:electricity/rto/fuel-type-data;eia:electricity/rto/region-data,2026-09-25T23:57:19Z,pass,public,power
eia930_us48_demand,US48,,1,PT1H,2026-08-26T00:00:00Z,2026-09-24T23:00:00Z,1440,eia:electricity/rto/region-data,2026-09-25T23:57:19Z,pass,public,power
eia930_us48_generation,US48,,1,PT1H,2026-08-26T00:00:00Z,2026-09-24T23:00:00Z,11520,eia:electricity/rto/fuel-type-data;eia:electricity/rto/region-data,2026-09-25T23:57:19Z,pass,public,power
eia_fuel_spot_prices,none,,3,P1D,1986-01-02T00:00:00Z,2026-09-22T00:00:00Z,27702,eia:natural-gas/pri/fut;eia:petroleum/pri/spt,2026-09-25T23:57:29Z,pass,public,oil;gas
eia_lng_exports_monthly,none,,17,P1M,2013-11-01T00:00:00Z,2026-06-01T00:00:00Z,1066,eia:natural-gas/move/poe2,2026-09-25T23:57:39Z,pass,public,lng
eia_petroleum_stocks_weekly,none,,8,P1W,1982-08-20T00:00:00Z,2026-09-18T00:00:00Z,16799,eia:petroleum/stoc/wstk,2026-09-25T23:57:39Z,pass,public,oil;products
eia_petroleum_trade_weekly,none,,7,P1W,1990-01-05T00:00:00Z,2026-09-18T00:00:00Z,12565,eia:petroleum/move/wkly,2026-09-25T23:57:39Z,pass,public,oil;products
eia_product_spot_prices,none,,9,P1D,1986-06-02T00:00:00Z,2026-09-22T00:00:00Z,71908,eia:petroleum/pri/spt,2026-09-25T23:57:39Z,pass,public,products
eia_retail_fuel_prices,none,,3,P1W,1990-08-20T00:00:00Z,2026-09-21T00:00:00Z,5322,eia:petroleum/pri/gnd,2026-09-25T23:57:39Z,pass,public,products
ercot_dam_hub_prices,ERCOT,ercot_dam,5,PT1H,2026-08-26T05:00:00Z,2026-09-27T04:00:00Z,3840,ercot:NP4-190-CD,2026-09-25T23:45:05Z,pass,public,power
ercot_rtm_hub_prices,ERCOT,ercot_rtm,5,PT15M,2026-08-26T05:00:00Z,2026-09-25T04:45:00Z,14400,ercot:NP6-785-ER;ercot:NP6-905-CD,2026-09-25T23:45:05Z,pass,public,power
fred_daily_spot_prices,none,,3,P1D,1986-01-02T00:00:00Z,2026-09-22T00:00:00Z,24291,fred:DCOILBRENTEU;fred:DCOILWTICO;fred:DHHNGSP,2026-09-25T23:58:27Z,pass,public,oil;gas
fred_imf_commodity_prices,none,,5,P1M,1992-01-01T00:00:00Z,2026-07-01T00:00:00Z,2075,fred:PCOALAUUSDM;fred:PNGASEUUSDM;fred:PNGASJPUSDM;fred:PNICKUSDM;fred:PURANUSDM,2026-09-25T23:58:27Z,pass,internal,gas;lng;coal;uranium;metals
isone_dam_zone_prices,ISO-NE,isone_dam,9,PT1H,2026-08-26T04:00:00Z,2026-09-27T03:00:00Z,6912,isone:da_lmp_hourly,2026-09-25T23:56:39Z,pass,public,power
isone_rtm_zone_prices,ISO-NE,isone_rtm,9,PT15M,2026-09-22T04:00:00Z,2026-09-25T03:45:00Z,2592,isone:rt_lmp_5min,2026-09-25T23:56:39Z,pass,public,power
isone_rtm_zone_prices_hourly,ISO-NE,isone_rtm,9,PT1H,2026-08-26T04:00:00Z,2026-09-25T03:00:00Z,6480,isone:rt_lmp_hourly_final,2026-09-25T23:56:39Z,pass,public,power
miso_dam_hub_prices,MISO,miso_dam,8,PT1H,2026-08-26T05:00:00Z,2026-09-27T04:00:00Z,6144,miso:da_expost_lmp,2026-09-25T23:49:37Z,pass,public,power
miso_rtm_hub_prices,MISO,miso_rtm,8,PT1H,2026-09-22T05:00:00Z,2026-09-25T04:00:00Z,576,miso:rt_lmp_prelim,2026-09-25T23:49:37Z,pass,public,power
news_index,none,,42,event,2026-09-23T21:16:42Z,2026-09-25T22:58:28Z,714,42 outlets,2026-09-26T00:00:13Z,pass,public,news
news_stories,none,,42,event,2026-09-23T21:16:42Z,2026-09-25T22:58:28Z,714,42 outlets,2026-09-25T23:58:34Z,pass,internal,news
nyiso_dam_zone_prices,NYISO,nyiso_dam,11,PT1H,2026-08-26T04:00:00Z,2026-09-27T03:00:00Z,8448,nyiso:damlbmp,2026-09-25T23:49:28Z,pass,public,power
nyiso_rtm_zone_prices,NYISO,nyiso_rtm,11,PT15M,2026-08-26T04:00:00Z,2026-09-25T03:45:00Z,31680,nyiso:realtime,2026-09-25T23:49:28Z,pass,public,power
pjm_rpm_capacity_prices,PJM,bra,18,P1Y,2007-06-01T00:00:00Z,2028-06-01T00:00:00Z,234,pjm:rpm-clearing-price-summary,2026-09-25T23:58:22Z,pass,internal,capacity
rggi_auction_allowance_prices,none,,85,P3M,2008-09-25T00:00:00Z,2026-09-09T00:00:00Z,304,rggi:prices-volumes,2026-09-25T23:58:24Z,pass,internal,carbon
spp_dam_hub_prices,SPP,spp_dam,2,PT1H,2026-08-26T05:00:00Z,2026-09-27T04:00:00Z,1536,spp:DA-LMP-SL,2026-09-25T23:49:48Z,pass,public,power
