table,data_sha256,rows,uploaded_at,redivis_table
caiso_battery_storage,5dbc9dc9f1fa5e1bbd0367abbbb316d10213dfa1c38d4ea89b7a1bcbf1431a19,25920,2026-09-28T21:11:13Z,caiso_battery_storage
caiso_curtailment_daily,455c7309d2a57c7631ca1472071ea819e26c9d9b98130da227fc81b415a1010e,24936,2026-09-28T21:11:13Z,caiso_curtailment_daily
caiso_dam_hub_prices,54a9245943027f655a5f65b661a8d1b4d63c3a7e07415b7651cb0866acc01ae1,2448,2026-09-28T21:11:13Z,caiso_dam_hub_prices
caiso_interconnection_queue,19355a5a39a8d485b57a94f3633241ea5684706323872ba3a738fddcdfadef0c,2278,2026-09-28T21:11:13Z,caiso_interconnection_queue
caiso_rtm_hub_prices,cc86b7dfeeb7485fecc284ec1ebbd1591a5bde15d813148c5b557c97a7068576,9504,2026-09-28T21:11:13Z,caiso_rtm_hub_prices
caiso_trader_daily,84ba6bb1ecfa288fade4d9d1cfe16e799e478caee681755ba46f0781120138eb,777,2026-09-28T21:11:13Z,caiso_trader_daily
carb_auction_allowance_prices,56af221eddc8023b8ac40c975ad43487430d47b84337903f045c01d7763c364b,336,2026-09-26T04:16:54Z,carb_auction_allowance_prices
datacenter_facilities,7e32872065375bc79d86d49b0fa87bfb115a053dbc0303801c8e6d40afcdce72,340,2026-09-28T21:11:13Z,datacenter_facilities
datacenter_operator_sites,229b8ed0908c4bb54ac216740494d0ac120b34deff425c8c90a882b56fe72387,275,2026-09-28T21:11:13Z,datacenter_operator_sites
datacenter_projects,496590886aa572d20a0fa682091b31b3c3367b30fc2381135d0a37e4582062e0,63,2026-09-28T21:11:13Z,datacenter_projects
datacenter_projects_evidence,1dafd9255de25d5628248f2d5f4e546f0185913f11c86111984088609f7c91b8,73,2026-09-28T21:11:13Z,datacenter_projects_evidence
datacenter_queue_positions,421931d08fa80258bff5d93a3c704170f59942a5b49c0d237e41e15ca0f6afcb,3,2026-09-28T21:11:13Z,datacenter_queue_positions
eia860m_operating_generators,bd7e58ee0d50dd2e3d8e299a0fbed6d2333cb62c5c34690039646f1164ef3c4e,28605,2026-09-28T21:11:13Z,eia860m_operating_generators
eia860m_planned_generators,5f905bdd25a57010a983086b859ceceeade0d37be5aefa4fb76b6522fb8ebd49,2316,2026-09-28T21:11:13Z,eia860m_planned_generators
eia860m_retired_generators,d07aa01e02c2e7d62d635fd24ce053a88fceb62ff6d03fbae92832410d413b78,249,2026-09-28T21:11:13Z,eia860m_retired_generators
eia930_ciso_demand,557b1d1bdfc7027da0be29985ed9a275f50751f8eea2f3ae3f7e3dcbcc39bec3,1584,2026-09-28T21:11:13Z,eia930_ciso_demand
eia930_ciso_generation,637d4e9eb081b27ebc01cfff27eb76864ecf40f65f896475d5b66d5c10d9d12e,7920,2026-09-28T21:11:13Z,eia930_ciso_generation
eia930_erco_demand,c2414b79a12d3c5a7ba180a56cdaf015370b7f999b9f8da14cbb829af2151bc3,1440,2026-09-28T21:11:13Z,eia930_erco_demand
eia930_erco_generation,35561addd3839a820117bc81fb17c1d9b744d55fd13aa034a9bef4061bf2d0e0,7128,2026-09-28T21:11:13Z,eia930_erco_generation
eia930_generation_latest,053fe6f55bdd40cb7dc4f33f12006223eecde3c430562e74167889123bf9f7ce,2409,2026-09-28T21:11:13Z,eia930_generation_latest
eia930_isne_demand,fcfdb9705caeeaef4b21046d0313eca482924a6c526fd80cf62cd15c71c2379b,1584,2026-09-28T21:11:13Z,eia930_isne_demand
eia930_isne_generation,f0f6b5983052960bf924bbc614149a73202697fce9824c4a26a6d99600539eba,8040,2026-09-28T21:11:13Z,eia930_isne_generation
eia930_miso_demand,e0629aa54516a526df29f6d27afe83c17f8b872f1093a204d6987efd1f90fc24,1584,2026-09-28T21:11:13Z,eia930_miso_demand
eia930_miso_generation,148a7653c58540d2632a711040b9e0164eeed5857cc0f5d54feb29122d33aef6,7128,2026-09-28T21:11:13Z,eia930_miso_generation
eia930_nyis_demand,b28eebfd3be06de6284123de1fd52d2ad9544f66bca29b98f5ce0f85dc47402d,1440,2026-09-28T21:11:13Z,eia930_nyis_demand
eia930_nyis_generation,fef383e00826dd301cabe7bf8b7666dee485557d34569466eb5123e5a00fea96,7128,2026-09-28T21:11:13Z,eia930_nyis_generation
eia930_pjm_demand,463f7daf487440f893a3ff5c0629e640409b12615e5366b63a5b55c2c0aff735,1584,2026-09-28T21:11:13Z,eia930_pjm_demand
eia930_pjm_generation,1ca3f03e9d9a77c5371c2c35e7295fc3708e0b6ec16d773f8a75ae65e52988bd,7128,2026-09-28T21:11:13Z,eia930_pjm_generation
eia930_swpp_demand,b809c71146054079a6278b24beb387b2278acf79aba67e3a5161eb5a8dff53a5,1584,2026-09-28T21:11:13Z,eia930_swpp_demand
eia930_swpp_generation,7ab9cc47f231d8928106570ae322b15d4a9a593c26138a6862a44cf36435d1ef,7920,2026-09-28T21:11:13Z,eia930_swpp_generation
eia930_us48_demand,5ee417e7463b72a079a81fbaa3069e3bfa145fc98aac118558ea0d1f96b596f0,1584,2026-09-28T21:11:13Z,eia930_us48_demand
eia930_us48_generation,37a1a8f396c2de66c3ed230b822b0783a7e0e0501d524cbf1578fba71bbf4ec9,12672,2026-09-28T21:11:13Z,eia930_us48_generation
eia_crude_first_purchase_prices,86a6f321d5f83f67d3a2cc22b6313686a3a8a34fef0dc337a3f1caa8064cc125,858,2026-09-28T21:11:13Z,eia_crude_first_purchase_prices
eia_crude_imports_by_country,66452457ca74b1d0ba84a7b1f3524424e0cffc4c010ebbe2480602b631ac199a,22615,2026-09-28T21:11:13Z,eia_crude_imports_by_country
eia_fuel_spot_prices,21437fdfc31bdab4520bb90a791b521ec29a64ea0bdf44a754a4627b716c61c3,27702,2026-09-28T21:11:13Z,eia_fuel_spot_prices
eia_lng_exports_monthly,a916eeca1fc0fe9f1729ff221d59abf6a9c654cd1214780a6dc7842da1da06a8,1066,2026-09-28T21:11:13Z,eia_lng_exports_monthly
eia_padd_crude_pipeline_flows,caf7d288044a7eff3d58835b24c5d3f34d63305e385a5427323ccf1f4b617c7b,4550,2026-09-28T21:11:13Z,eia_padd_crude_pipeline_flows
eia_petroleum_stocks_weekly,d448ab10afc1a1d3b49ee4b3ce05d64a5a8f39a97a874578801cf3ab3306efec,16799,2026-09-28T21:11:13Z,eia_petroleum_stocks_weekly
eia_petroleum_trade_weekly,500a99cd6aa5d826cf1efaa82025eafda2b8151f314158ce35d6b859235e513f,12565,2026-09-28T21:11:13Z,eia_petroleum_trade_weekly
eia_product_spot_prices,372894bf8505f2251c7ce469e51cfc075a8cb0803eefec64d15a0a5deed04a7b,71908,2026-09-28T21:11:13Z,eia_product_spot_prices
eia_retail_electricity_prices,05f4ed75dd0299d390ea7126fb84709eb672980b337118eaceddf858bb251dd0,114202,2026-09-28T21:11:13Z,eia_retail_electricity_prices
eia_retail_fuel_prices,06b3bb49280c40feb4d11489450d3e406f784377c2f367bc2a5bc01e28dca2fb,5322,2026-09-28T21:11:13Z,eia_retail_fuel_prices
eia_retail_sales_monthly,0b5256ffa6c61396e3aef4dfd66461dce61bea0b4625676b1853a2c2407f7bc7,228203,2026-09-28T21:11:13Z,eia_retail_sales_monthly
eia_sector_energy_consumption_monthly,c22030cdff79bcada202b57c508a93931043381705d9952e237eeb0d0344a30e,8974,2026-09-28T21:11:13Z,eia_sector_energy_consumption_monthly
eia_state_generation_monthly,6b48b8cf3867565fe776f7dfdff939558870593f34e0496bfba4d453201b95d4,200030,2026-09-28T21:11:13Z,eia_state_generation_monthly
energy_deals,2e86a2bed2d4d99d6455b5bd683e6e05e71f4876f0094f9616228bc8ed475f08,372,2026-09-28T21:11:13Z,energy_deals
energy_deals_evidence,d42517b1d2f18448fd5689b8868b835302d13f587332b2324865a20eccc3f547,389,2026-09-28T21:11:13Z,energy_deals_evidence
energy_projects,79a6ae738fb2f5854c82fd2011d5e8f30da2ee1201870057145d0f6c0912269a,43677,2026-09-28T21:11:13Z,energy_projects
ercot_dam_hub_prices,faa5e0ce4fbeb0bb8f9e049322eab44aaf17513b95f84137d0fb08dbb6e60edc,5040,2026-09-28T21:11:13Z,ercot_dam_hub_prices
ercot_dam_hub_prices_2015,a19879ed9f63fd959a115ec84c78254e9622580bb285a9f3e5884d525adbdaa7,52560,2026-09-26T04:16:54Z,ercot_dam_hub_prices_2015
ercot_dam_hub_prices_2016,99eeacf96e7ec63f983489b14290f8fc3b3e152bfa9e3181b2df081ad1b66268,52704,2026-09-26T04:16:54Z,ercot_dam_hub_prices_2016
ercot_dam_hub_prices_2017,a547aa99fd68fa40b0b2778ebbb7c07093499cb9a67d84bad82083919baf57b5,52560,2026-09-26T04:16:54Z,ercot_dam_hub_prices_2017
ercot_dam_hub_prices_2018,4da3ace4802abfaa0d53b2df88c913c2966da49679ec0f0884f440adf85bd374,52560,2026-09-26T04:16:54Z,ercot_dam_hub_prices_2018
ercot_dam_hub_prices_2019,4dc9cb55e4d060e9751e6061172f6dc6a64e48d87a5325beb84e7054fe2be761,52560,2026-09-26T04:16:54Z,ercot_dam_hub_prices_2019
ercot_dam_hub_prices_2020,9b4cba30207459e49139806457ff2a854a0cd948c818696b0cd886384af75a30,52704,2026-09-26T04:16:54Z,ercot_dam_hub_prices_2020
ercot_dam_hub_prices_2021,c1153eb012cef0f0249959d68a488ea80619e47047c3c3c8051e9cfe61a6767d,52560,2026-09-26T04:16:54Z,ercot_dam_hub_prices_2021
ercot_dam_hub_prices_2022,db36e9b4bbb76982aa8316640cf41555a4418ac30a2e1c3db8f55e4f24e69e4f,52560,2026-09-26T04:16:54Z,ercot_dam_hub_prices_2022
ercot_dam_hub_prices_2023,f154fc1da3f86388bf9d08ec2e32a62dbb937656d5154f90352b789ead08f3fa,52560,2026-09-26T04:16:54Z,ercot_dam_hub_prices_2023
ercot_dam_hub_prices_2024,18e3ff3be02cff37b46c84e88fd02078d65cd2c3448246c8a2820a4806974dde,52704,2026-09-26T04:16:54Z,ercot_dam_hub_prices_2024
ercot_dam_hub_prices_2025,e18a28d8461f2113ae5a30b934efd42e631d2dff07b0b374c0376e88c3509d95,52560,2026-09-26T04:16:54Z,ercot_dam_hub_prices_2025
ercot_dam_hub_prices_2026,9b2867a01d3f5bb5794735e873d810ec895b394fd66ba26d459dc5c18b5dec86,34122,2026-09-26T04:16:54Z,ercot_dam_hub_prices_2026
ercot_interconnection_queue,9a60e8b88eec7d7ac32524eee44a5c9fe43dd8a898502ff6c26992455097dd5f,1778,2026-09-28T21:11:13Z,ercot_interconnection_queue
ercot_peak_premium_annual,491d0dd86dfca1a5a4ed4619243036bb5bd89842759e689e5ee6a0a91e5664a6,2016,2026-09-26T04:16:54Z,ercot_peak_premium_annual
ercot_peak_premium_monthly,ccd0a439fbf393b99a40ff74d7844423ab35746ba41930a26427a0e566b5cf6e,23688,2026-09-26T04:16:54Z,ercot_peak_premium_monthly
ercot_rtm_hub_prices,2b16422486156093fe90a32faa7ef6f5b55ad241bc272235e89858b011bace2e,19008,2026-09-28T21:11:13Z,ercot_rtm_hub_prices
ercot_rtm_hub_prices_2015,c45264c16c63ec60387d86962375bd1647aaa109abf2a584a37789381cccee00,210240,2026-09-26T04:16:54Z,ercot_rtm_hub_prices_2015
ercot_rtm_hub_prices_2016,8f1cd7e7b83b6195c2f7302623a7040a19f8fa59b2bee208c5221ed02b5b614a,210816,2026-09-26T04:16:54Z,ercot_rtm_hub_prices_2016
ercot_rtm_hub_prices_2017,54bd0f4a1c80452a227431d5f78f5bcf88b41d2a475ae911d931d153bc866920,210240,2026-09-26T04:16:54Z,ercot_rtm_hub_prices_2017
ercot_rtm_hub_prices_2018,2b615f027c5537dea9c852227870212a5e500b98418599aac4419286c7480096,210240,2026-09-26T04:16:54Z,ercot_rtm_hub_prices_2018
ercot_rtm_hub_prices_2019,63dcd294f147d2ca02e37fd9f781c4429dd4ac6ff4709d8be8f77cd5fa5d0a1a,210240,2026-09-26T04:16:54Z,ercot_rtm_hub_prices_2019
ercot_rtm_hub_prices_2020,74a6e076a4fac5d947af4d693b469fe56ccc48c4d16ff72a30df9f8c4835c81f,210816,2026-09-26T04:16:54Z,ercot_rtm_hub_prices_2020
ercot_rtm_hub_prices_2021,027f6199a0dd937f77da1221ee5cacd8673fa10b51e737f982ae78327b0e8c1e,210240,2026-09-26T04:16:54Z,ercot_rtm_hub_prices_2021
ercot_rtm_hub_prices_2022,b453332baeed55fa720b248e883382e3c2ddf6e4b77a240f02240cab7dc15827,210240,2026-09-26T04:16:54Z,ercot_rtm_hub_prices_2022
ercot_rtm_hub_prices_2023,e532c63f60d8c8350f85eb7b7dacd3e6dfc29f896337f6781a051d34bd6d8917,210240,2026-09-26T04:16:54Z,ercot_rtm_hub_prices_2023
ercot_rtm_hub_prices_2024,aa9ed563aea3e5f71efe15d079c68f21a73b19a9851af8a80c7401310da7ad48,210816,2026-09-26T04:16:54Z,ercot_rtm_hub_prices_2024
ercot_rtm_hub_prices_2025,ec030a2d5007384d6c1d8a7ae7bb27ba04c6d2c7c81d7ffcc5affe9006dd56f0,210240,2026-09-26T04:16:54Z,ercot_rtm_hub_prices_2025
ercot_rtm_hub_prices_2026,aafff54f3a9fb77b36ea568dd6a30cf3c9674b8e2d460761024cfa65392d8bb7,136488,2026-09-26T04:16:54Z,ercot_rtm_hub_prices_2026
ercot_trader_daily,73add624a68ba4f3238a837d6d8f8e377f9ab14b78cdf8b31306235375effcdd,1578,2026-09-28T21:11:13Z,ercot_trader_daily
ercot_wind_solar_hsl_daily,842ee448678cf60b63f06c2fa0edd0966806a4f85b5917367ad54c04dd450383,54,2026-09-28T21:11:13Z,ercot_wind_solar_hsl_daily
fred_daily_spot_prices,74930c6f1854ab371fac699789b6659f341ac04d1a0e076993a79155abd53480,24291,2026-09-28T21:11:13Z,fred_daily_spot_prices
fred_imf_commodity_prices,5fcfbea5d48fae7ef1ecbe9be624b87a6fc8c554dcf8367386b8cad6ebe40bff,2075,2026-09-28T21:11:13Z,fred_imf_commodity_prices
iso_curtailment_monthly,03142d59d23d5394471b87f3ee4b4db67e42535543913dd2b4928d424a978812,1988,2026-09-28T21:11:13Z,iso_curtailment_monthly
iso_rt_top_intervals,a5836cb5200c840f7ef2ab73c7c8717ee21fe113f3fa0d81c0f7935074aebbfa,50,2026-09-28T21:11:13Z,iso_rt_top_intervals
isone_dam_zone_prices,aec69fc88c207d60a242de0b54a74f35b29e9fe73cef6a334148a45629a92aa8,7560,2026-09-28T21:11:13Z,isone_dam_zone_prices
isone_interconnection_queue,f693ad93bb39baf06e5432d64b7bebe0270cbc2e3fe29b05baa2e1b2dce059cb,1751,2026-09-28T21:11:13Z,isone_interconnection_queue
isone_rtm_zone_prices,a87e0f22a938cb02aad6b84578d344087266a03080e4a71691720c5be8892eec,22464,2026-09-28T21:11:13Z,isone_rtm_zone_prices
isone_rtm_zone_prices_hourly,482d0bd1cd73a1096f3ac5efc978733bbe8fdfb5d7c65804ba31962c6823f644,7128,2026-09-28T21:11:13Z,isone_rtm_zone_prices_hourly
isone_trader_daily,a603773c237c28008fee202f2bfd43c30be3bc24be7726518ac25143b8ff4f79,2367,2026-09-28T21:11:13Z,isone_trader_daily
miso_dam_hub_prices,7e8acf951b2acebb401318d07862bcaabba414e039d71582b53b4f8bb54e2f69,6720,2026-09-28T21:11:13Z,miso_dam_hub_prices
miso_interconnection_queue,8670b2b1dad436254038e058eb5d81b688095c6b02d9aa5ecdbb06936df89722,3873,2026-09-28T21:11:13Z,miso_interconnection_queue
miso_rtm_hub_prices,699ecc68083edca0e852fd8bcc436a214738a9a36bb6dd6b5ada5a268258fa32,6144,2026-09-28T21:11:13Z,miso_rtm_hub_prices
miso_trader_daily,43782dbc045a583b0ee49217a8d2d539e18af7760edd9f10c41ba4942afa073e,2072,2026-09-28T21:11:13Z,miso_trader_daily
news_index,27dd10131b5854c9c1e2c902be3fffa6338d6bb73f4cf2c3734f3fe0eb321291,8630,2026-09-28T21:11:13Z,news_index
news_stories,8a4aa2c21fd466892ed802f3b62af1599ea8f666bd7ae1966484174468442675,12971,2026-09-28T21:11:13Z,news_stories
nyiso_dam_zone_prices,6d7ae0327079087292b3bc66340942b15178b21a6e52fc3061cb1ae2c0d1da7e,9240,2026-09-28T21:11:13Z,nyiso_dam_zone_prices
nyiso_interconnection_queue,9da07a5f468db1b7e70d38d8b784443f73acb074177314d33e60e44b86188d94,1814,2026-09-26T04:16:54Z,nyiso_interconnection_queue
nyiso_rtm_zone_prices,c83c31e06503eb84986676100fddd6c2c2865cf434d64773ad4b5007b7bffadb,34848,2026-09-28T21:11:13Z,nyiso_rtm_zone_prices
nyiso_trader_daily,9ce5751f6aa97923a61e836f5e216492e7c4ed79c0644713258ce5f012e60652,2893,2026-09-28T21:11:13Z,nyiso_trader_daily
pjm_rpm_capacity_prices,4fa0a51274d5f5c3c881ca1f5bc460794632fd76e09c45d46edf72a432c93bb4,234,2026-09-28T21:11:13Z,pjm_rpm_capacity_prices
policy_actions,8daf854fe2f2190581e040557b80fcd577cd120086f9a19c79802da5a4f5a4e3,1819,2026-09-28T21:11:13Z,policy_actions
portwatch_chokepoint_transits,8043dae079be5715fba41695b2c692cc6c70ae952de72c21614c4a8c38218dcf,118440,2026-09-28T21:11:13Z,portwatch_chokepoint_transits
rggi_auction_allowance_prices,c084d963a4ba836bcc2d7493350131b89681930edcd5ca696ed0bda35e98f32b,304,2026-09-28T21:11:13Z,rggi_auction_allowance_prices
spp_curtailment_daily,b2e9cdc47075a3e9c1a63674ddfbd2c02c16d3a5ce9536bb46cdb4f338b98e0a,38056,2026-09-28T21:11:13Z,spp_curtailment_daily
spp_dam_hub_prices,4ca014f8ab5f11490c89264ce19ec422ae53afaef35393cf369f1324d3a2b42d,1680,2026-09-28T21:11:13Z,spp_dam_hub_prices
spp_interconnection_queue,88a8ddbbeac6c9ad1258f82419a0505edb8d9716e9626dec75eec2af09ec8141,3076,2026-09-28T21:11:13Z,spp_interconnection_queue
spp_rtm_hub_prices,c521a9ff70870567a6aa47e90009a75ebd06fc7ae72e97eb0b461362e9fe3378,768,2026-09-28T21:11:13Z,spp_rtm_hub_prices
spp_trader_daily,f9a9b4cac855bc6cadab8bb60c4eb81e2cfbe2a85c4588df2acc536ba5c01a65,262,2026-09-28T21:11:13Z,spp_trader_daily
state_generation_mix_monthly,79c6ed336008e5d5d3eb5dd2fe20c40a089b85bbcf8b63cbe2a42510373e5767,107560,2026-09-27T10:11:02Z,state_generation_mix_monthly
weather_forecast_hourly,e01388e88d6de9304e098de6efefb9de66ae65697261453cf69bf5c16e6c1f5a,2184,2026-09-28T21:11:13Z,weather_forecast_hourly
weather_obs_hourly,9bcf60039f3178a32f65888404c2876643b9ea0f5553f553325018d73fbb0399,2345,2026-09-28T21:11:13Z,weather_obs_hourly
