source,publisher,report,report_url,document_list,license,tables,first_seen,last_seen
ANS Nuclear Newswire,ANS Nuclear Newswire,news stories via feed 'ANS Nuclear Newswire',,,internal,news_index;news_stories,2026-09-25,2026-09-26
Bloomberg.com,Bloomberg.com,news stories via feed 'Bloomberg energy (via Google News)',,,internal,news_index;news_stories,2026-09-25,2026-09-26
California Public Utilities Commission (.gov),California Public Utilities Commission (.gov),news stories via feed 'CPUC news',,,internal,news_index;news_stories,2026-09-25,2026-09-26
Canary Media,Canary Media,news stories via feed 'Canary Media',,,internal,news_index;news_stories,2026-09-25,2026-09-26
CivicPlus,CivicPlus,news stories via feed 'CPUC news',,,internal,news_index;news_stories,2026-09-25,2026-09-26
DOE newsroom,DOE newsroom,news stories via feed 'DOE newsroom',,,internal,news_index;news_stories,2026-09-25,2026-09-26
Data Center Dynamics,Data Center Dynamics,news stories via feed 'Data Center Dynamics',,,internal,news_index;news_stories,2026-09-25,2026-09-26
Data Center Frontier,Data Center Frontier,news stories via feed 'Data Center Frontier',,,internal,news_index;news_stories,2026-09-25,2026-09-26
Data Center Knowledge,Data Center Knowledge,news stories via feed 'Data Center Knowledge',,,internal,news_index;news_stories,2026-09-25,2026-09-26
EIA Today in Energy,EIA Today in Energy,news stories via feed 'EIA Today in Energy',,,internal,news_index;news_stories,2026-09-25,2026-09-26
Electrek,Electrek,news stories via feed 'Electrek',,,internal,news_index;news_stories,2026-09-25,2026-09-26
Energy-Storage.news,Energy-Storage.news,news stories via feed 'Energy-Storage.news',,,internal,news_index;news_stories,2026-09-25,2026-09-26
Federal Energy Regulatory Commission (.gov),Federal Energy Regulatory Commission (.gov),news stories via feed 'FERC news',,,internal,news_index;news_stories,2026-09-25,2026-09-26
Financial Times,Financial Times,news stories via feed 'FT energy (via Google News)',,,internal,news_index;news_stories,2026-09-25,2026-09-26
Hart Energy,Hart Energy,news stories via feed 'Hart Energy',,,internal,news_index;news_stories,2026-09-25,2026-09-26
Heatmap News,Heatmap News,news stories via feed 'Heatmap News',,,internal,news_index;news_stories,2026-09-25,2026-09-26
Hydrogen Insight,Hydrogen Insight,news stories via feed 'Hydrogen Insight',,,internal,news_index;news_stories,2026-09-25,2026-09-26
IEA – International Energy Agency,IEA – International Energy Agency,news stories via feed 'IEA news',,,internal,news_index;news_stories,2026-09-25,2026-09-26
JPT Homepage,JPT Homepage,news stories via feed 'JPT (SPE)',,,internal,news_index;news_stories,2026-09-25,2026-09-26
LNG Prime,LNG Prime,news stories via feed 'LNG Prime',,,internal,news_index;news_stories,2026-09-25,2026-09-26
Latitude Media,Latitude Media,news stories via feed 'Latitude Media',,,internal,news_index;news_stories,2026-09-25,2026-09-26
Midcontinent Independent System Operator (MISO),Midcontinent Independent System Operator (MISO),news stories via feed 'MISO newsroom',,,internal,news_index;news_stories,2026-09-25,2026-09-26
Natural Gas Intelligence,Natural Gas Intelligence,news stories via feed 'Natural Gas Intelligence',,,internal,news_index;news_stories,2026-09-25,2026-09-26
OilPrice.com,OilPrice.com,news stories via feed 'OilPrice.com',,,internal,news_index;news_stories,2026-09-25,2026-09-26
PJM newsroom,PJM newsroom,news stories via feed 'PJM newsroom',,,internal,news_index;news_stories,2026-09-25,2026-09-26
POWER Magazine,POWER Magazine,news stories via feed 'POWER Magazine',,,internal,news_index;news_stories,2026-09-25,2026-09-26
PUC Interchange (.gov),PUC Interchange (.gov),news stories via feed 'Texas PUC news',,,internal,news_index;news_stories,2026-09-25,2026-09-26
Reuters,Reuters,news stories via feed 'Reuters energy (via Google News)',,,internal,news_index;news_stories,2026-09-25,2026-09-26
Rigzone,Rigzone,news stories via feed 'Rigzone',,,internal,news_index;news_stories,2026-09-25,2026-09-26
T&D World,T&D World,news stories via feed 'T&D World',,,internal,news_index;news_stories,2026-09-25,2026-09-26
U.S. Environmental Protection Agency (.gov),U.S. Environmental Protection Agency (.gov),news stories via feed 'EPA news',,,internal,news_index;news_stories,2026-09-25,2026-09-26
Utility Dive,Utility Dive,news stories via feed 'Utility Dive',,,internal,news_index;news_stories,2026-09-25,2026-09-26
WSJ,WSJ,news stories via feed 'WSJ energy (via Google News)',,,internal,news_index;news_stories,2026-09-25,2026-09-26
World Nuclear News,World Nuclear News,news stories via feed 'World Nuclear News',,,internal,news_index;news_stories,2026-09-25,2026-09-26
caiso.com,caiso.com,news stories via feed 'CAISO newsroom',,,internal,news_index;news_stories,2026-09-25,2026-09-26
caiso:PRC_INTVL_LMP,California Independent System Operator (CAISO),"OASIS Interval Locational Marginal Prices, real-time dispatch (RTD, 5-minute)",https://oasis.caiso.com/mrioasis/logon.do,,public,caiso_rtm_hub_prices,2026-09-25,2026-09-25
caiso:PRC_LMP,California Independent System Operator (CAISO),"OASIS Locational Marginal Prices, day-ahead market (DAM)",https://oasis.caiso.com/mrioasis/logon.do,,public,caiso_dam_hub_prices,2026-09-25,2026-09-25
caiso:interconnection_queue,California Independent System Operator (CAISO),Public Queue Report,http://www.caiso.com/PublishedDocuments/PublicQueueReport.xlsx,http://www.caiso.com/PublishedDocuments/PublicQueueReport.xlsx,public,caiso_interconnection_queue,2026-09-26,2026-09-26
carb:auction-results-summary,California Air Resources Board (CARB),Summary of California and Joint Auction Settlement Prices and Results,https://ww2.arb.ca.gov/our-work/programs/cap-and-trade-program/auction-information,https://ww2.arb.ca.gov/sites/default/files/2020-08/results_summary.pdf,internal,carb_auction_allowance_prices,2026-09-25,2026-09-25
careers.misoenergy.org,careers.misoenergy.org,news stories,,,internal,news_index;news_stories,2026-09-25,2026-09-26
eia:860m,U.S. Energy Information Administration (EIA),"Form EIA-860M, Monthly Update to the Annual Electric Generator Report",https://www.eia.gov/electricity/data/eia860m/,https://www.eia.gov/electricity/data/eia860m/,public,eia860m_operating_generators;eia860m_planned_generators;eia860m_retired_generators,2026-09-26,2026-09-26
eia:electricity/retail-sales,U.S. Energy Information Administration (EIA),Electric Power Monthly: average retail price of electricity (retail-sales),https://www.eia.gov/electricity/monthly/epm_table_grapher.php?t=epmt_5_6_a,https://api.eia.gov/v2/electricity/retail-sales/,public,eia_retail_electricity_prices,2026-09-26,2026-09-26
eia:electricity/rto/fuel-type-data,U.S. Energy Information Administration (EIA),"Form EIA-930, Hourly Electric Grid Monitor: hourly net generation by energy source",https://www.eia.gov/electricity/gridmonitor/,https://api.eia.gov/v2/electricity/rto/fuel-type-data/,public,eia930_ciso_generation;eia930_erco_generation;eia930_isne_generation;eia930_miso_generation;eia930_nyis_generation;eia930_pjm_generation;eia930_swpp_generation;eia930_us48_generation,2026-09-25,2026-09-25
eia:electricity/rto/region-data,U.S. Energy Information Administration (EIA),"Form EIA-930, Hourly Electric Grid Monitor: hourly demand, day-ahead demand forecast, net generation and interchange by balancing authority",https://www.eia.gov/electricity/gridmonitor/,https://api.eia.gov/v2/electricity/rto/region-data/,public,eia930_ciso_demand;eia930_ciso_generation;eia930_erco_demand;eia930_erco_generation;eia930_isne_demand;eia930_isne_generation;eia930_miso_demand;eia930_miso_generation;eia930_nyis_demand;eia930_nyis_generation;eia930_pjm_demand;eia930_pjm_generation;eia930_swpp_demand;eia930_swpp_generation;eia930_us48_demand;eia930_us48_generation,2026-09-25,2026-09-25
eia:natural-gas/move/poe2,U.S. Energy Information Administration (EIA),U.S. Natural Gas Exports and Re-Exports by Point of Exit (LNG),https://www.eia.gov/dnav/ng/ng_move_poe2_a_EPG0_ENG_Mmcf_m.htm,https://api.eia.gov/v2/natural-gas/move/poe2/,public,eia_lng_exports_monthly,2026-09-25,2026-09-25
eia:natural-gas/pri/fut,U.S. Energy Information Administration (EIA),"Natural Gas Spot and Futures Prices (NYMEX), daily",https://www.eia.gov/dnav/ng/ng_pri_fut_s1_d.htm,https://api.eia.gov/v2/natural-gas/pri/fut/,public,eia_fuel_spot_prices,2026-09-25,2026-09-25
eia:petroleum/move/impcus,U.S. Energy Information Administration (EIA),U.S. Imports by Country of Origin (crude oil),https://www.eia.gov/dnav/pet/pet_move_impcus_a2_nus_ep00_im0_mbbl_m.htm,https://api.eia.gov/v2/petroleum/move/impcus/,public,eia_crude_imports_by_country,2026-09-26,2026-09-26
eia:petroleum/move/pipe,U.S. Energy Information Administration (EIA),Movements by Pipeline between PAD Districts (crude oil),https://www.eia.gov/dnav/pet/pet_move_pipe_dc_r10-r20_mbbl_m.htm,https://api.eia.gov/v2/petroleum/move/pipe/,public,eia_padd_crude_pipeline_flows,2026-09-26,2026-09-26
eia:petroleum/move/wkly,U.S. Energy Information Administration (EIA),Weekly Petroleum Status Report: imports and exports,https://www.eia.gov/petroleum/supply/weekly/,https://api.eia.gov/v2/petroleum/move/wkly/,public,eia_petroleum_trade_weekly,2026-09-25,2026-09-25
eia:petroleum/pri/dfp1,U.S. Energy Information Administration (EIA),Domestic Crude Oil First Purchase Prices (by stream; by area),https://www.eia.gov/dnav/pet/pet_pri_dfp2_k_m.htm,https://api.eia.gov/v2/petroleum/pri/dfp1/,public,eia_crude_first_purchase_prices,2026-09-26,2026-09-26
eia:petroleum/pri/dfp2,U.S. Energy Information Administration (EIA),Domestic Crude Oil First Purchase Prices (by stream; by area),https://www.eia.gov/dnav/pet/pet_pri_dfp2_k_m.htm,https://api.eia.gov/v2/petroleum/pri/dfp2/,public,eia_crude_first_purchase_prices,2026-09-26,2026-09-26
eia:petroleum/pri/gnd,U.S. Energy Information Administration (EIA),Gasoline and Diesel Fuel Update (retail prices),https://www.eia.gov/dnav/pet/pet_pri_gnd_dcus_nus_w.htm,https://api.eia.gov/v2/petroleum/pri/gnd/,public,eia_retail_fuel_prices,2026-09-25,2026-09-25
eia:petroleum/pri/spt,U.S. Energy Information Administration (EIA),Spot Prices for Crude Oil and Petroleum Products,https://www.eia.gov/dnav/pet/pet_pri_spt_s1_d.htm,https://api.eia.gov/v2/petroleum/pri/spt/,public,eia_fuel_spot_prices;eia_product_spot_prices,2026-09-25,2026-09-25
eia:petroleum/stoc/wstk,U.S. Energy Information Administration (EIA),Weekly Petroleum Status Report: stocks,https://www.eia.gov/petroleum/supply/weekly/,https://api.eia.gov/v2/petroleum/stoc/wstk/,public,eia_petroleum_stocks_weekly,2026-09-25,2026-09-25
ercot.com,ercot.com,news stories,,,internal,news_index;news_stories,2026-09-25,2026-09-26
ercot:NP4-180-ER,Electric Reliability Council of Texas (ERCOT),Historical DAM Load Zone and Hub Prices,https://www.ercot.com/mp/data-products/data-product-details?id=NP4-180-ER,https://www.ercot.com/misapp/servlets/IceDocListJsonWS?reportTypeId=13060,public,ercot_dam_hub_prices_2015;ercot_dam_hub_prices_2016;ercot_dam_hub_prices_2017;ercot_dam_hub_prices_2018;ercot_dam_hub_prices_2019;ercot_dam_hub_prices_2020;ercot_dam_hub_prices_2021;ercot_dam_hub_prices_2022;ercot_dam_hub_prices_2023;ercot_dam_hub_prices_2024;ercot_dam_hub_prices_2025;ercot_dam_hub_prices_2026,2026-09-26,2026-09-26
ercot:NP4-190-CD,Electric Reliability Council of Texas (ERCOT),DAM Settlement Point Prices,https://www.ercot.com/mp/data-products/data-product-details?id=NP4-190-CD,https://www.ercot.com/misapp/servlets/IceDocListJsonWS?reportTypeId=12331,public,ercot_dam_hub_prices,2026-09-25,2026-09-26
ercot:NP6-785-ER,Electric Reliability Council of Texas (ERCOT),Historical RTM Load Zone and Hub Prices,https://www.ercot.com/mp/data-products/data-product-details?id=NP6-785-ER,https://www.ercot.com/misapp/servlets/IceDocListJsonWS?reportTypeId=13061,public,ercot_rtm_hub_prices;ercot_rtm_hub_prices_2015;ercot_rtm_hub_prices_2016;ercot_rtm_hub_prices_2017;ercot_rtm_hub_prices_2018;ercot_rtm_hub_prices_2019;ercot_rtm_hub_prices_2020;ercot_rtm_hub_prices_2021;ercot_rtm_hub_prices_2022;ercot_rtm_hub_prices_2023;ercot_rtm_hub_prices_2024;ercot_rtm_hub_prices_2025;ercot_rtm_hub_prices_2026,2026-09-25,2026-09-26
ercot:NP6-905-CD,Electric Reliability Council of Texas (ERCOT),"Settlement Point Prices at Resource Nodes, Hubs and Load Zones",https://www.ercot.com/mp/data-products/data-product-details?id=NP6-905-CD,https://www.ercot.com/misapp/servlets/IceDocListJsonWS?reportTypeId=12301,public,ercot_rtm_hub_prices,2026-09-25,2026-09-26
ercot:interconnection_queue,Electric Reliability Council of Texas (ERCOT),Generation Interconnection Status (GIS) report,https://www.ercot.com/mp/data-products/data-product-details?id=PG7-200-ER,https://www.ercot.com/mp/data-products/data-product-details?id=PG7-200-ER,public,ercot_interconnection_queue,2026-09-26,2026-09-26
erw:ercot_peak_premium,"Energy Research Warehouse (ERW), derived",ERCOT peak premium metrics (docs/methods/ercot_peak_premium.md),https://github.com/SamuelEnrique/erw/blob/main/docs/methods/ercot_peak_premium.md,docs/methods/ercot_peak_premium.md,public,ercot_peak_premium_annual;ercot_peak_premium_monthly,2026-09-26,2026-09-26
fred:DCOILBRENTEU,Federal Reserve Bank of St. Louis (FRED),Crude Oil Prices: Brent - Europe (DCOILBRENTEU) (Public Domain: Citation Requested),https://fred.stlouisfed.org/series/DCOILBRENTEU,https://fred.stlouisfed.org/graph/fredgraph.csv?id=DCOILBRENTEU,public,fred_daily_spot_prices,2026-09-25,2026-09-25
fred:DCOILWTICO,Federal Reserve Bank of St. Louis (FRED),"Crude Oil Prices: West Texas Intermediate (WTI) - Cushing, Oklahoma (DCOILWTICO) (Public Domain: Citation Requested)",https://fred.stlouisfed.org/series/DCOILWTICO,https://fred.stlouisfed.org/graph/fredgraph.csv?id=DCOILWTICO,public,fred_daily_spot_prices,2026-09-25,2026-09-25
fred:DHHNGSP,Federal Reserve Bank of St. Louis (FRED),Henry Hub Natural Gas Spot Price (DHHNGSP) (Public Domain: Citation Requested),https://fred.stlouisfed.org/series/DHHNGSP,https://fred.stlouisfed.org/graph/fredgraph.csv?id=DHHNGSP,public,fred_daily_spot_prices,2026-09-25,2026-09-25
fred:PCOALAUUSDM,Federal Reserve Bank of St. Louis (FRED),"Global price of Coal, Australia (PCOALAUUSDM) (Copyrighted: Citation Required)",https://fred.stlouisfed.org/series/PCOALAUUSDM,https://fred.stlouisfed.org/graph/fredgraph.csv?id=PCOALAUUSDM,internal,fred_imf_commodity_prices,2026-09-25,2026-09-25
fred:PNGASEUUSDM,Federal Reserve Bank of St. Louis (FRED),"Global price of Natural gas, EU (PNGASEUUSDM) (Copyrighted: Citation Required)",https://fred.stlouisfed.org/series/PNGASEUUSDM,https://fred.stlouisfed.org/graph/fredgraph.csv?id=PNGASEUUSDM,internal,fred_imf_commodity_prices,2026-09-25,2026-09-25
fred:PNGASJPUSDM,Federal Reserve Bank of St. Louis (FRED),"Global price of LNG, Asia (PNGASJPUSDM) (Copyrighted: Citation Required)",https://fred.stlouisfed.org/series/PNGASJPUSDM,https://fred.stlouisfed.org/graph/fredgraph.csv?id=PNGASJPUSDM,internal,fred_imf_commodity_prices,2026-09-25,2026-09-25
fred:PNICKUSDM,Federal Reserve Bank of St. Louis (FRED),Global price of Nickel (PNICKUSDM) (Copyrighted: Citation Required),https://fred.stlouisfed.org/series/PNICKUSDM,https://fred.stlouisfed.org/graph/fredgraph.csv?id=PNICKUSDM,internal,fred_imf_commodity_prices,2026-09-25,2026-09-25
fred:PURANUSDM,Federal Reserve Bank of St. Louis (FRED),Global price of Uranium (PURANUSDM) (Copyrighted: Citation Required),https://fred.stlouisfed.org/series/PURANUSDM,https://fred.stlouisfed.org/graph/fredgraph.csv?id=PURANUSDM,internal,fred_imf_commodity_prices,2026-09-25,2026-09-25
ft.com,ft.com,news stories via feed 'FT energy (via Google News)',,,internal,news_index;news_stories,2026-09-25,2026-09-26
hartenergy.com,hartenergy.com,news stories,,,internal,news_index;news_stories,2026-09-25,2026-09-26
imf:portwatch-daily-chokepoints,International Monetary Fund (IMF PortWatch),Daily Chokepoints Data (vessel transits),https://portwatch.imf.org/pages/cb5856222a5b4105adc6ee7e880a1730,https://services9.arcgis.com/weJ1QsnbMYJlCHdG/arcgis/rest/services/Daily_Chokepoints_Data/FeatureServer/0/query,internal,portwatch_chokepoint_transits,2026-09-26,2026-09-26
isone:da_lmp_hourly,ISO New England (ISO-NE),Day-Ahead Energy Market Hourly LMPs,https://www.iso-ne.com/isoexpress/web/reports/pricing/-/tree/lmps-da-hourly,,public,isone_dam_zone_prices,2026-09-25,2026-09-25
isone:interconnection_queue,ISO New England (ISO-NE),Interconnection Request Tracking Tool (IRTT) queue,https://irtt.iso-ne.com/reports/external,https://irtt.iso-ne.com/reports/external,public,isone_interconnection_queue,2026-09-26,2026-09-26
isone:rt_lmp_5min,ISO New England (ISO-NE),Real-Time Energy Market Five-Minute LMPs,https://www.iso-ne.com/isoexpress/web/reports/pricing/-/tree/lmps-rt-five-min-final,,public,isone_rtm_zone_prices,2026-09-25,2026-09-25
isone:rt_lmp_hourly_final,ISO New England (ISO-NE),"Real-Time Energy Market Hourly LMPs, final",https://www.iso-ne.com/isoexpress/web/reports/pricing/-/tree/lmps-rt-hourly-final,,public,isone_rtm_zone_prices_hourly,2026-09-25,2026-09-25
isone:rt_lmp_hourly_prelim,ISO New England (ISO-NE),"Real-Time Energy Market Hourly LMPs, preliminary",https://www.iso-ne.com/isoexpress/web/reports/pricing/-/tree/lmps-rt-hourly-final,,public,,2026-09-25,2026-09-25
miso:da_expost_lmp,Midcontinent Independent System Operator (MISO),Day-Ahead Ex-Post LMP (daily csv),https://www.misoenergy.org/markets-and-operations/real-time--market-data/market-reports/,,public,miso_dam_hub_prices,2026-09-25,2026-09-25
miso:interconnection_queue,Midcontinent Independent System Operator (MISO),Generator Interconnection Queue (giqueue API),https://www.misoenergy.org/planning/resource-utilization/GI_Queue/,https://www.misoenergy.org/planning/resource-utilization/GI_Queue/,public,miso_interconnection_queue,2026-09-26,2026-09-26
miso:rt_lmp_final,Midcontinent Independent System Operator (MISO),"Real-Time Final Market LMP, hourly (daily csv)",https://www.misoenergy.org/markets-and-operations/real-time--market-data/market-reports/,,public,,2026-09-25,2026-09-25
miso:rt_lmp_prelim,Midcontinent Independent System Operator (MISO),"Real-Time Preliminary Ex-Post LMP, hourly (daily csv)",https://www.misoenergy.org/markets-and-operations/real-time--market-data/market-reports/,,public,miso_rtm_hub_prices,2026-09-25,2026-09-25
misoenergy.org,misoenergy.org,news stories,,,internal,news_index;news_stories,2026-09-25,2026-09-26
nyiso.com,nyiso.com,news stories via feed 'NYISO newsroom',,,internal,news_index;news_stories,2026-09-25,2026-09-26
nyiso:damlbmp,New York Independent System Operator (NYISO),"Day-Ahead Market LBMP, zonal (P-2A)",http://mis.nyiso.com/public/P-2Alist.htm,,public,nyiso_dam_zone_prices,2026-09-25,2026-09-25
nyiso:interconnection_queue,New York Independent System Operator (NYISO),NYISO Interconnection Queue,https://www.nyiso.com/interconnections,https://www.nyiso.com/interconnections,public,nyiso_interconnection_queue,2026-09-26,2026-09-26
nyiso:realtime,New York Independent System Operator (NYISO),"Real-Time Market LBMP, zonal, RTD 5-minute (P-24A)",http://mis.nyiso.com/public/P-24Alist.htm,,public,nyiso_rtm_zone_prices,2026-09-25,2026-09-25
pjm:rpm-clearing-price-summary,PJM Interconnection,RPM Resource Clearing Prices for all RPM Auctions held to date,https://www.pjm.com/markets-and-operations/rpm,https://www.pjm.com/-/media/DotCom/markets-ops/rpm/rpm-auction-info/rpm-auctions-resource-clearing-price-summary.xlsx,internal,pjm_rpm_capacity_prices,2026-09-25,2026-09-25
pv magazine USA,pv magazine USA,news stories via feed 'pv magazine USA',,,internal,news_index;news_stories,2026-09-25,2026-09-26
rggi:prices-volumes,"Regional Greenhouse Gas Initiative (RGGI, Inc.)",Allowance Prices and Volumes,https://www.rggi.org/auctions/auction-results/prices-volumes,https://www.rggi.org/auctions/auction-results,internal,rggi_auction_allowance_prices,2026-09-25,2026-09-25
spp:DA-LMP-SL,Southwest Power Pool (SPP),Day-Ahead LMP by Settlement Location,https://portal.spp.org/pages/da-lmp-by-location,,public,spp_dam_hub_prices,2026-09-25,2026-09-25
spp:RTBM-LMP-SL,Southwest Power Pool (SPP),"RTBM LMP by Settlement Location, 5-minute",https://portal.spp.org/pages/rtbm-lmp-by-location,,public,,2026-09-25,2026-09-25
spp:interconnection_queue,Southwest Power Pool (SPP),Generation Interconnection Queue summary,https://opsportal.spp.org/Studies/GIActive,https://opsportal.spp.org/Studies/GIActive,public,spp_interconnection_queue,2026-09-26,2026-09-26
