old_table,new_table,partition,added_columns,session,migrated_on
caiso_trader_daily,iso_trader_daily,market=caiso,,29,2026-09-29
ercot_trader_daily,iso_trader_daily,market=ercot,,29,2026-09-29
isone_trader_daily,iso_trader_daily,market=isone,,29,2026-09-29
miso_trader_daily,iso_trader_daily,market=miso,,29,2026-09-29
nyiso_trader_daily,iso_trader_daily,market=nyiso,,29,2026-09-29
spp_trader_daily,iso_trader_daily,market=spp,,29,2026-09-29
eia930_ciso_demand,eia930_all_demand,ba=ciso,ba,29,2026-09-29
eia930_erco_demand,eia930_all_demand,ba=erco,ba,29,2026-09-29
eia930_isne_demand,eia930_all_demand,ba=isne,ba,29,2026-09-29
eia930_miso_demand,eia930_all_demand,ba=miso,ba,29,2026-09-29
eia930_nyis_demand,eia930_all_demand,ba=nyis,ba,29,2026-09-29
eia930_pjm_demand,eia930_all_demand,ba=pjm,ba,29,2026-09-29
eia930_swpp_demand,eia930_all_demand,ba=swpp,ba,29,2026-09-29
eia930_us48_demand,eia930_all_demand,ba=us48,ba,29,2026-09-29
eia930_ciso_generation,eia930_all_generation,ba=ciso,ba,29,2026-09-29
eia930_erco_generation,eia930_all_generation,ba=erco,ba,29,2026-09-29
eia930_isne_generation,eia930_all_generation,ba=isne,ba,29,2026-09-29
eia930_miso_generation,eia930_all_generation,ba=miso,ba,29,2026-09-29
eia930_nyis_generation,eia930_all_generation,ba=nyis,ba,29,2026-09-29
eia930_pjm_generation,eia930_all_generation,ba=pjm,ba,29,2026-09-29
eia930_swpp_generation,eia930_all_generation,ba=swpp,ba,29,2026-09-29
eia930_us48_generation,eia930_all_generation,ba=us48,ba,29,2026-09-29
caiso_dam_hub_prices,iso_dam_hub_prices,market=caiso_dam,,29,2026-09-29
ercot_dam_hub_prices,iso_dam_hub_prices,market=ercot_dam,,29,2026-09-29
miso_dam_hub_prices,iso_dam_hub_prices,market=miso_dam,,29,2026-09-29
spp_dam_hub_prices,iso_dam_hub_prices,market=spp_dam,,29,2026-09-29
caiso_rtm_hub_prices,iso_rtm_hub_prices,market=caiso_rtm,,29,2026-09-29
ercot_rtm_hub_prices,iso_rtm_hub_prices,market=ercot_rtm,,29,2026-09-29
miso_rtm_hub_prices,iso_rtm_hub_prices,market=miso_rtm,,29,2026-09-29
spp_rtm_hub_prices,iso_rtm_hub_prices,market=spp_rtm,,29,2026-09-29
ercot_dam_hub_prices_2015,ercot_all_hub_prices_history,market=ercot_dam;year=2015,year,29,2026-09-29
ercot_dam_hub_prices_2016,ercot_all_hub_prices_history,market=ercot_dam;year=2016,year,29,2026-09-29
ercot_dam_hub_prices_2017,ercot_all_hub_prices_history,market=ercot_dam;year=2017,year,29,2026-09-29
ercot_dam_hub_prices_2018,ercot_all_hub_prices_history,market=ercot_dam;year=2018,year,29,2026-09-29
ercot_dam_hub_prices_2019,ercot_all_hub_prices_history,market=ercot_dam;year=2019,year,29,2026-09-29
ercot_dam_hub_prices_2020,ercot_all_hub_prices_history,market=ercot_dam;year=2020,year,29,2026-09-29
ercot_dam_hub_prices_2021,ercot_all_hub_prices_history,market=ercot_dam;year=2021,year,29,2026-09-29
ercot_dam_hub_prices_2022,ercot_all_hub_prices_history,market=ercot_dam;year=2022,year,29,2026-09-29
ercot_dam_hub_prices_2023,ercot_all_hub_prices_history,market=ercot_dam;year=2023,year,29,2026-09-29
ercot_dam_hub_prices_2024,ercot_all_hub_prices_history,market=ercot_dam;year=2024,year,29,2026-09-29
ercot_dam_hub_prices_2025,ercot_all_hub_prices_history,market=ercot_dam;year=2025,year,29,2026-09-29
ercot_dam_hub_prices_2026,ercot_all_hub_prices_history,market=ercot_dam;year=2026,year,29,2026-09-29
ercot_rtm_hub_prices_2015,ercot_all_hub_prices_history,market=ercot_rtm;year=2015,year,29,2026-09-29
ercot_rtm_hub_prices_2016,ercot_all_hub_prices_history,market=ercot_rtm;year=2016,year,29,2026-09-29
ercot_rtm_hub_prices_2017,ercot_all_hub_prices_history,market=ercot_rtm;year=2017,year,29,2026-09-29
ercot_rtm_hub_prices_2018,ercot_all_hub_prices_history,market=ercot_rtm;year=2018,year,29,2026-09-29
ercot_rtm_hub_prices_2019,ercot_all_hub_prices_history,market=ercot_rtm;year=2019,year,29,2026-09-29
ercot_rtm_hub_prices_2020,ercot_all_hub_prices_history,market=ercot_rtm;year=2020,year,29,2026-09-29
ercot_rtm_hub_prices_2021,ercot_all_hub_prices_history,market=ercot_rtm;year=2021,year,29,2026-09-29
ercot_rtm_hub_prices_2022,ercot_all_hub_prices_history,market=ercot_rtm;year=2022,year,29,2026-09-29
ercot_rtm_hub_prices_2023,ercot_all_hub_prices_history,market=ercot_rtm;year=2023,year,29,2026-09-29
ercot_rtm_hub_prices_2024,ercot_all_hub_prices_history,market=ercot_rtm;year=2024,year,29,2026-09-29
ercot_rtm_hub_prices_2025,ercot_all_hub_prices_history,market=ercot_rtm;year=2025,year,29,2026-09-29
ercot_rtm_hub_prices_2026,ercot_all_hub_prices_history,market=ercot_rtm;year=2026,year,29,2026-09-29
