fact_id,created_at,kind,fact,second,structure,conjecture,sources,status,reason,used_on,key
ff_6c3f03312f,2026-09-28T08:29:35Z,history,"The Colonial Pipeline is 5,500 miles long and can carry 3 million barrels of fuel per day between Texas and New York.","That is a lot of ground to cover, no wonder it moves at a crawl instead of a sprint.",pun,False,"[{""label"": ""Wikipedia, Colonial Pipeline"", ""url"": ""https://en.wikipedia.org/wiki/Colonial_Pipeline"", ""raw"": ""warehouse/news/facts/raw/wikipedia/colonial_pipeline_20260928T082929Z.txt"", ""retrieved_at"": ""20260928T082929Z"", ""part"": ""fact"", ""span"": ""5,500 miles (8,850 km) long and can carry 3 million barrels of fuel per day between Texas and New York""}]",verified,,2026-10-02,wiki:Colonial Pipeline
ff_8ed9b3c2ae,2026-09-28T08:29:36Z,warehouse,"ERCOT's real-time price at HB_HOUSTON reached 9160.85 USD/MWh in a 15-minute interval in 2021, the highest of any year since 2015; the year with the most negative-price intervals there was 2024, with 742.",,none,False,"[{""part"": ""fact"", ""label"": ""ERW table ercot_peak_premium_annual"", ""table"": ""ercot_peak_premium_annual"", ""publisher"": ""Energy Research Warehouse (ERW), derived"", ""url"": ""/data"", ""raw"": ""warehouse/news/facts/raw/warehouse/premium_hb_houston_20260928T082936Z.txt"", ""span"": ""ercot_peak_premium_annual ercot:HB_HOUSTON: years 2015 to 2026; highest all_max 9160.85 USD/MWh in 2021; most negative 15-minute intervals 742 in 2024"", ""retrieved_at"": ""20260928T082936Z""}]",verified,,,premium:HB_HOUSTON
ff_528bbbd5f8,2026-09-28T08:29:42Z,history,"A kilowatt-hour equals 3.6 megajoules, the energy delivered by one kilowatt of power for one hour.","That's a lot of watts to sustain for an hour, so no wonder utilities charge you by the kWh instead of by the joule.",pun,False,"[{""label"": ""Wikipedia, Kilowatt-hour"", ""url"": ""https://en.wikipedia.org/wiki/Kilowatt-hour"", ""raw"": ""warehouse/news/facts/raw/wikipedia/kilowatt_hour_20260928T082936Z.txt"", ""retrieved_at"": ""20260928T082936Z"", ""part"": ""fact"", ""span"": ""A kilowatt-hour (unit symbol: kW⋅h or kW h; commonly written as kWh) is a non-SI unit of energy equal to 3.6 megajoules (MJ) in SI units, which is the energy delivered by one kilowatt of power for one hour.""}]",verified,,,wiki:Kilowatt-hour
ff_820d85993b,2026-09-28T08:29:47Z,history,US oil extraction peaked at 10.2 million barrels per day in 1970 before declining for the next 35 years.,,none,False,"[{""label"": ""Wikipedia, Hubbert peak theory"", ""url"": ""https://en.wikipedia.org/wiki/Hubbert_peak_theory"", ""raw"": ""warehouse/news/facts/raw/wikipedia/hubbert_peak_theory_20260928T082943Z.txt"", ""retrieved_at"": ""20260928T082943Z"", ""part"": ""fact"", ""span"": ""Oil extraction peaked at 10.2 million barrels (1.62×10^6 m3) per day in 1970 and then declined over the subsequent 35 years""}]",verified,,,wiki:Hubbert peak theory
ff_b7b2d40808,2026-09-28T08:29:49Z,warehouse,"In 2001, coal made 98.0% of the electricity generated in West Virginia; in 2025 it made 86.9%.",,none,False,"[{""part"": ""fact"", ""label"": ""ERW table state_generation_mix_monthly"", ""table"": ""state_generation_mix_monthly"", ""publisher"": ""Energy Research Warehouse (ERW), derived"", ""url"": ""/data"", ""raw"": ""warehouse/news/facts/raw/warehouse/share_wv_coal_20260928T082949Z.txt"", ""span"": ""state_generation_mix_monthly eia:WV: coal share of net generation 98.0% in 2001, 86.9% in 2025 (sums of monthly MWh over complete years)"", ""retrieved_at"": ""20260928T082949Z""}]",verified,,,share:WV:coal
ff_ad2362baa0,2026-09-28T08:29:53Z,history,"On 2 December 1942, the first human-made self-sustaining nuclear chain reaction was initiated in CP-1 during an experiment led by Enrico Fermi.",,none,False,"[{""label"": ""Wikipedia, Chicago Pile-1"", ""url"": ""https://en.wikipedia.org/wiki/Chicago_Pile-1"", ""raw"": ""warehouse/news/facts/raw/wikipedia/chicago_pile_1_20260928T082949Z.txt"", ""retrieved_at"": ""20260928T082949Z"", ""part"": ""fact"", ""span"": ""On 2 December 1942, the first human-made self-sustaining nuclear chain reaction was initiated in CP-1 during an experiment led by Enrico Fermi.""}]",verified,"second half dropped: the second half's words are 69% in its spans (needs 70%; missing ['called', 'using', 'volta', 'pila'])",,wiki:Chicago Pile-1
ff_36897ca297,2026-09-28T08:30:03Z,history,"The first nation-wide implementations of daylight saving time were by the German and Austro-Hungarian Empires, both starting on 30 April 1916.",,none,False,"[{""label"": ""Wikipedia, Daylight saving time"", ""url"": ""https://en.wikipedia.org/wiki/Daylight_saving_time"", ""raw"": ""warehouse/news/facts/raw/wikipedia/daylight_saving_time_20260928T082956Z.txt"", ""retrieved_at"": ""20260928T082956Z"", ""part"": ""fact"", ""span"": ""The first nation-wide implementations were by the German and Austro-Hungarian Empires, both starting on 30 April 1916.""}]",dropped,dropped at review (session 23): not an energy fact first (the fact is about clocks; the energy rationale is not in it),,wiki:Daylight saving time
ff_0c1f93fe21,2026-09-28T08:30:03Z,warehouse,"In 2001, hydro made 65.9% of the electricity generated in Washington; in 2025 it made 63.2%.",,none,False,"[{""part"": ""fact"", ""label"": ""ERW table state_generation_mix_monthly"", ""table"": ""state_generation_mix_monthly"", ""publisher"": ""Energy Research Warehouse (ERW), derived"", ""url"": ""/data"", ""raw"": ""warehouse/news/facts/raw/warehouse/share_wa_hydro_20260928T083003Z.txt"", ""span"": ""state_generation_mix_monthly eia:WA: hydro share of net generation 65.9% in 2001, 63.2% in 2025 (sums of monthly MWh over complete years)"", ""retrieved_at"": ""20260928T083003Z""}]",verified,,,share:WA:hydro
ff_dcca3954fc,2026-09-28T08:30:10Z,history,"In 1934, less than 11% of U.S. farms had electricity, while that same year nearly 90% of farms in France and Germany had electricity.",,none,False,"[{""label"": ""Wikipedia, Rural Utilities Service"", ""url"": ""https://en.wikipedia.org/wiki/Rural_Utilities_Service"", ""raw"": ""warehouse/news/facts/raw/wikipedia/rural_electrification_administration_20260928T083003Z.txt"", ""retrieved_at"": ""20260928T083003Z"", ""part"": ""fact"", ""span"": ""In 1934, less than 11% of U.S. farms had electricity.""}, {""label"": ""Wikipedia, Rural Utilities Service"", ""url"": ""https://en.wikipedia.org/wiki/Rural_Utilities_Service"", ""raw"": ""warehouse/news/facts/raw/wikipedia/rural_electrification_administration_20260928T083003Z.txt"", ""retrieved_at"": ""20260928T083003Z"", ""part"": ""fact"", ""span"": ""in France and Germany, nearly 90% of farms had electricity""}]",dropped,the judge found the fact's claims not in its spans: ['that the France/Germany 90% figure is for the same year 1934'],,wiki:Rural Electrification Administration
ff_1afd2c74a0,2026-09-28T08:30:13Z,history,"At the beginning of the 20th century, more than 4,000 isolated electric utilities operated in the United States before connecting into larger grids.","Once alone, these utilities decided it was time to stop being so grid-locked in isolation.",pun,False,"[{""label"": ""EIA, Electricity explained: history of the grid"", ""url"": ""https://www.eia.gov/energyexplained/electricity/delivery-to-consumers.php"", ""raw"": ""warehouse/news/facts/raw/eia/eia_electricity_explained_history_of_the_grid_20260928T083010Z.txt"", ""retrieved_at"": ""20260928T083010Z"", ""part"": ""fact"", ""span"": ""more than 4,000 isolated electric utilities operated in the United States""}, {""label"": ""EIA, Electricity explained: history of the grid"", ""url"": ""https://www.eia.gov/energyexplained/electricity/delivery-to-consumers.php"", ""raw"": ""warehouse/news/facts/raw/eia/eia_electricity_explained_history_of_the_grid_20260928T083010Z.txt"", ""retrieved_at"": ""20260928T083010Z"", ""part"": ""fact"", ""span"": ""these lone utilities began to connect their transmission systems to each other""}]",dropped,"numbers in the fact not in its source: ['20']; the fact's words are 64% in its spans (needs 85%; missing ['beginning', 'century', 'larger', 'grids'])",,eia:https://www.eia.gov/energyexplained/electricity/delivery-to-consumers.php
ff_4ae5ca4c98,2026-09-28T08:30:13Z,warehouse,"ERCOT's real-time price at HB_NORTH reached 9315.45 USD/MWh in a 15-minute interval in 2021, the highest of any year since 2015; the year with the most negative-price intervals there was 2024, with 1004.",,none,False,"[{""part"": ""fact"", ""label"": ""ERW table ercot_peak_premium_annual"", ""table"": ""ercot_peak_premium_annual"", ""publisher"": ""Energy Research Warehouse (ERW), derived"", ""url"": ""/data"", ""raw"": ""warehouse/news/facts/raw/warehouse/premium_hb_north_20260928T083013Z.txt"", ""span"": ""ercot_peak_premium_annual ercot:HB_NORTH: years 2015 to 2026; highest all_max 9315.45 USD/MWh in 2021; most negative 15-minute intervals 1004 in 2024"", ""retrieved_at"": ""20260928T083013Z""}]",verified,,,premium:HB_NORTH
ff_3589a4e471,2026-09-28T08:30:18Z,history,"The U.S. Energy Information Administration was established in 1977, building on systems first set up in 1974 after the oil market disruption of 1973.",,none,False,"[{""label"": ""Wikipedia, Energy Information Administration"", ""url"": ""https://en.wikipedia.org/wiki/Energy_Information_Administration"", ""raw"": ""warehouse/news/facts/raw/wikipedia/energy_information_administration_20260928T083013Z.txt"", ""retrieved_at"": ""20260928T083013Z"", ""part"": ""fact"", ""span"": ""The Department of Energy Organization Act of 1977 established EIA as the primary federal government authority on energy statistics and analysis, building upon systems and organizations first established in 1974 following the oil market disruption of 1973.""}]",verified,,,wiki:Energy Information Administration
ff_4308d30e4b,2026-09-28T08:30:22Z,history,"Pearl Street Station began generating electricity on September 4, 1882, serving 400 lamps to 82 customers.",,none,False,"[{""label"": ""Wikipedia, Pearl Street Station"", ""url"": ""https://en.wikipedia.org/wiki/Pearl_Street_Station"", ""raw"": ""warehouse/news/facts/raw/wikipedia/pearl_street_station_20260928T083018Z.txt"", ""retrieved_at"": ""20260928T083018Z"", ""part"": ""fact"", ""span"": ""it started generating electricity on September 4, 1882 (1882-09-04), serving an initial load of 400 lamps to 82 customers""}]",verified,,,wiki:Pearl Street Station
ff_f927db802f,2026-09-28T08:30:22Z,warehouse,"ERCOT's real-time price at HB_WEST reached 9310.49 USD/MWh in a 15-minute interval in 2021, the highest of any year since 2015; the year with the most negative-price intervals there was 2022, with 4266.",,none,False,"[{""part"": ""fact"", ""label"": ""ERW table ercot_peak_premium_annual"", ""table"": ""ercot_peak_premium_annual"", ""publisher"": ""Energy Research Warehouse (ERW), derived"", ""url"": ""/data"", ""raw"": ""warehouse/news/facts/raw/warehouse/premium_hb_west_20260928T083022Z.txt"", ""span"": ""ercot_peak_premium_annual ercot:HB_WEST: years 2015 to 2026; highest all_max 9310.49 USD/MWh in 2021; most negative 15-minute intervals 4266 in 2022"", ""retrieved_at"": ""20260928T083022Z""}]",verified,,,premium:HB_WEST
ff_0193c461b9,2026-09-28T08:30:28Z,history,A U.S. 42-gallon barrel of crude oil yields about 45 gallons of petroleum products in U.S. refineries because of refinery processing gain.,That extra volume is a bit like how corn kernels puff up bigger once popped.,pun,False,"[{""label"": ""EIA, Oil and petroleum products explained"", ""url"": ""https://www.eia.gov/energyexplained/oil-and-petroleum-products/"", ""raw"": ""warehouse/news/facts/raw/eia/eia_oil_and_petroleum_products_explained_20260928T083022Z.txt"", ""retrieved_at"": ""20260928T083022Z"", ""part"": ""fact"", ""span"": ""A U.S. 42-gallon barrel of crude oil yields about 45 gallons of petroleum products in U.S. refineries because of refinery processing gain""}]",verified,,2026-09-28,eia:https://www.eia.gov/energyexplained/oil-and-petroleum-products/
ff_26ebba05e1,2026-09-28T08:30:36Z,history,"The Northeast Blackout of 2003 was caused when overgrown trees touched high-voltage power lines, leaving around 55 million people in the U.S. and Canada without power.","Near the critical point, the relationship between blackout size and frequency follows a power-law distribution, a pattern also studied in statistical physics.",cross_field,False,"[{""label"": ""Wikipedia, Power outage"", ""url"": ""https://en.wikipedia.org/wiki/Power_outage"", ""raw"": ""warehouse/news/facts/raw/wikipedia/power_outage_20260928T083028Z.txt"", ""retrieved_at"": ""20260928T083028Z"", ""part"": ""fact"", ""span"": ""the \""Northeast Blackout of 2003\"" was caused when overgrown trees touched high-voltage power lines. Around 55 million people in the U.S. and Canada lost power""}, {""label"": ""Wikipedia, Power outage"", ""url"": ""https://en.wikipedia.org/wiki/Power_outage"", ""raw"": ""warehouse/news/facts/raw/wikipedia/power_outage_20260928T083028Z.txt"", ""retrieved_at"": ""20260928T083028Z"", ""part"": ""second"", ""span"": ""Near the critical point the relationship between blackout frequency and size follows a power-law distribution.""}, {""label"": ""Wikipedia, Power outage"", ""url"": ""https://en.wikipedia.org/wiki/Power_outage"", ""raw"": ""warehouse/news/facts/raw/wikipedia/power_outage_20260928T083028Z.txt"", ""retrieved_at"": ""20260928T083028Z"", ""part"": ""second"", ""span"": ""The term critical point of the system is used here in the sense of statistical physics and nonlinear dynamics""}]",verified,,2026-09-28,wiki:Power outage
ff_54d18b45ff,2026-09-28T08:30:37Z,warehouse,"Of the 309 datacenter facilities the ERW tracks, Digital Realty runs the most, 74, ahead of Equinix with 73.",,none,False,"[{""part"": ""fact"", ""label"": ""ERW table datacenter_facilities"", ""table"": ""datacenter_facilities"", ""publisher"": ""Bloomberg, Bloomberg.com, Data Center Dynamics, Financial Times, Hart Energy, Heatmap News, Reuters, WSJ, Amazon Web Services, Digital Realty, Equinix, Electric Reliability Council of Texas (ERCOT), Google, Meta, Microsoft, New York Independent System Operator (NYISO), Oracle, Switch, Vantage Data Centers"", ""url"": ""/data"", ""raw"": ""warehouse/news/facts/raw/warehouse/datacenter_operator_20260928T083037Z.txt"", ""span"": ""datacenter_facilities: 309 facilities; most by one operator: Digital Realty 74; next Equinix 73"", ""retrieved_at"": ""20260928T083037Z""}]",verified,,2026-09-28,datacenter_operator
ff_0a4beec9ca,2026-09-28T08:30:44Z,history,"The first practical photovoltaic cell was publicly demonstrated at Bell Laboratories in 1954, invented by Calvin Souther Fuller, Daryl Chapin and Gerald Pearson.",,none,False,"[{""label"": ""Wikipedia, Solar cell"", ""url"": ""https://en.wikipedia.org/wiki/Solar_cell"", ""raw"": ""warehouse/news/facts/raw/wikipedia/solar_cell_20260928T083037Z.txt"", ""retrieved_at"": ""20260928T083037Z"", ""part"": ""fact"", ""span"": ""1954 – The first practical photovoltaic cell was publicly demonstrated at Bell Laboratories. The inventors were Calvin Souther Fuller, Daryl Chapin and Gerald Pearson.""}]",verified,,2026-09-28,wiki:Solar cell
ff_bcac98bca5,2026-09-28T08:30:49Z,history,"Shippingport's reactor reached criticality on December 2, 1957, and its first electrical power was produced on December 18, 1957.",,none,False,"[{""label"": ""Wikipedia, Shippingport Atomic Power Station"", ""url"": ""https://en.wikipedia.org/wiki/Shippingport_Atomic_Power_Station"", ""raw"": ""warehouse/news/facts/raw/wikipedia/shippingport_atomic_power_station_20260928T083044Z.txt"", ""retrieved_at"": ""20260928T083044Z"", ""part"": ""fact"", ""span"": ""The reactor reached criticality on December 2, 1957""}, {""label"": ""Wikipedia, Shippingport Atomic Power Station"", ""url"": ""https://en.wikipedia.org/wiki/Shippingport_Atomic_Power_Station"", ""raw"": ""warehouse/news/facts/raw/wikipedia/shippingport_atomic_power_station_20260928T083044Z.txt"", ""retrieved_at"": ""20260928T083044Z"", ""part"": ""fact"", ""span"": ""The first electrical power was produced on December 18, 1957""}]",verified,,2026-09-30,wiki:Shippingport Atomic Power Station
ff_af80783a5e,2026-09-28T08:30:49Z,warehouse,"In 2001, wind made 0.3% of the electricity generated in Texas; in 2025 it made 21.9%.",,none,False,"[{""part"": ""fact"", ""label"": ""ERW table state_generation_mix_monthly"", ""table"": ""state_generation_mix_monthly"", ""publisher"": ""Energy Research Warehouse (ERW), derived"", ""url"": ""/data"", ""raw"": ""warehouse/news/facts/raw/warehouse/share_tx_wind_20260928T083049Z.txt"", ""span"": ""state_generation_mix_monthly eia:TX: wind share of net generation 0.3% in 2001, 21.9% in 2025 (sums of monthly MWh over complete years)"", ""retrieved_at"": ""20260928T083049Z""}]",verified,,2026-09-30,share:TX:wind
ff_a8db898f10,2026-09-28T08:30:56Z,history,"In 1858, Georg Christian Konrad Hunäus found a significant amount of petroleum while drilling for lignite in Wietze, Germany, which later supplied about 80% of German consumption in the Wilhelmine Era.",,none,False,"[{""label"": ""Wikipedia, Petroleum"", ""url"": ""https://en.wikipedia.org/wiki/Petroleum"", ""raw"": ""warehouse/news/facts/raw/wikipedia/petroleum_20260928T083050Z.txt"", ""retrieved_at"": ""20260928T083050Z"", ""part"": ""fact"", ""span"": ""In 1858, Georg Christian Konrad Hunäus found a significant amount of petroleum while drilling for lignite in Wietze, Germany.""}, {""label"": ""Wikipedia, Petroleum"", ""url"": ""https://en.wikipedia.org/wiki/Petroleum"", ""raw"": ""warehouse/news/facts/raw/wikipedia/petroleum_20260928T083050Z.txt"", ""retrieved_at"": ""20260928T083050Z"", ""part"": ""fact"", ""span"": ""Wietze later provided about 80% of German consumption in the Wilhelmine Era.""}]",verified,,2026-09-30,wiki:Petroleum
ff_b2e98af092,2026-09-28T08:30:59Z,history,"One British thermal unit equals about 1,055 J and was originally the heat needed to raise one pound of water by one degree Fahrenheit.","A single Btu can also be struck, since it is about the heat produced by burning one kitchen match.",pun,False,"[{""label"": ""Wikipedia, British thermal unit"", ""url"": ""https://en.wikipedia.org/wiki/British_thermal_unit"", ""raw"": ""warehouse/news/facts/raw/wikipedia/british_thermal_unit_20260928T083056Z.txt"", ""retrieved_at"": ""20260928T083056Z"", ""part"": ""fact"", ""span"": ""one Btu equals about 1,055 J""}, {""label"": ""Wikipedia, British thermal unit"", ""url"": ""https://en.wikipedia.org/wiki/British_thermal_unit"", ""raw"": ""warehouse/news/facts/raw/wikipedia/british_thermal_unit_20260928T083056Z.txt"", ""retrieved_at"": ""20260928T083056Z"", ""part"": ""fact"", ""span"": ""the amount of heat required to raise the temperature of one pound of water by one degree Fahrenheit""}, {""label"": ""Wikipedia, British thermal unit"", ""url"": ""https://en.wikipedia.org/wiki/British_thermal_unit"", ""raw"": ""warehouse/news/facts/raw/wikipedia/british_thermal_unit_20260928T083056Z.txt"", ""retrieved_at"": ""20260928T083056Z"", ""part"": ""second"", ""span"": ""A Btu can be approximated as the heat produced by burning a single wooden kitchen match""}]",dropped,"the fact's words are 83% in its spans (needs 85%; missing ['originally', 'needed'])",,wiki:British thermal unit
ff_f3252c9717,2026-09-28T08:30:59Z,warehouse,"California's grid operator curtailed 1,459,998 MWh of wind and solar output in April 2026, its most in any month since 2022.",,none,False,"[{""part"": ""fact"", ""label"": ""ERW table iso_curtailment_monthly"", ""table"": ""iso_curtailment_monthly"", ""publisher"": ""Energy Research Warehouse (ERW), derived"", ""url"": ""/data"", ""raw"": ""warehouse/news/facts/raw/warehouse/curtailment_record_20260928T083059Z.txt"", ""span"": ""iso_curtailment_monthly caiso:ISO: wind and solar curtailed (local and system), most in one month 1,459,998 MWh in 2026-04; months 56 from 2022-01"", ""retrieved_at"": ""20260928T083059Z""}]",verified,,,curtailment_record
ff_8a0b0a1104,2026-09-28T08:31:54Z,warehouse,"In 2001, wind made 0.1% of the electricity generated in Kansas; in 2025 it made 47.0%.",,none,False,"[{""part"": ""fact"", ""label"": ""ERW table state_generation_mix_monthly"", ""table"": ""state_generation_mix_monthly"", ""publisher"": ""Energy Research Warehouse (ERW), derived"", ""url"": ""/data"", ""raw"": ""warehouse/news/facts/raw/warehouse/share_ks_wind_20260928T083150Z.txt"", ""span"": ""state_generation_mix_monthly eia:KS: wind share of net generation 0.1% in 2001, 47.0% in 2025 (sums of monthly MWh over complete years)"", ""retrieved_at"": ""20260928T083150Z""}]",verified,,,share:KS:wind
ff_a8b09aadfc,2026-09-28T10:42:45Z,history,"The unit name watt was proposed by C. William Siemens in August 1882, honoring James Watt.",Siemens picked Watt's name because units in the practical system were named after leading physicists.,etymology,False,"[{""label"": ""Wikipedia, Watt"", ""url"": ""https://en.wikipedia.org/wiki/Watt"", ""raw"": ""warehouse/news/facts/raw/wikipedia/watt_20260928T104236Z.txt"", ""retrieved_at"": ""20260928T104236Z"", ""part"": ""fact"", ""span"": ""The unit name was proposed by C. William Siemens in August 1882""}, {""label"": ""Wikipedia, Watt"", ""url"": ""https://en.wikipedia.org/wiki/Watt"", ""raw"": ""warehouse/news/facts/raw/wikipedia/watt_20260928T104236Z.txt"", ""retrieved_at"": ""20260928T104236Z"", ""part"": ""fact"", ""span"": ""The watt is named after the Scottish inventor James Watt.""}, {""label"": ""Wikipedia, Watt"", ""url"": ""https://en.wikipedia.org/wiki/Watt"", ""raw"": ""warehouse/news/facts/raw/wikipedia/watt_20260928T104236Z.txt"", ""retrieved_at"": ""20260928T104236Z"", ""part"": ""second"", ""span"": ""Noting that units in the practical system of units were named after leading physicists, Siemens proposed that watt might be an appropriate name for a unit of power.""}]",verified,,,wiki:Watt
ff_95c0b047c5,2026-09-28T21:10:43Z,history,"Edison's direct current system ran at 110 volts from generation to its final destination, so generating plants could only supply customers less than a mile from the plant.",Edison's customers had to stay close to the current.,pun,False,"[{""label"": ""Wikipedia, War of the currents"", ""url"": ""https://en.wikipedia.org/wiki/War_of_the_currents"", ""raw"": ""warehouse/news/facts/raw/wikipedia/war_of_the_currents_20260928T211041Z.txt"", ""retrieved_at"": ""20260928T211041Z"", ""part"": ""fact"", ""span"": ""it ran at 110 volts from generation to its final destination giving it a relatively short useful transmission range: to keep the size of the expensive copper conductors down generating plants had to be situated in the middle of population centers and could only supply customers less than a mile from the plant""}]",dropped,"the fact's words are 80% in its spans (needs 85%; missing ['edison', 'direct', 'system'])",,wiki:War of the currents
ff_f4ad1ece6e,2026-09-28T21:10:47Z,history,"The Three Mile Island accident began at 4:00 a.m. on March 28, 1979, and is the worst accident in U.S. commercial nuclear power plant history.",,none,False,"[{""label"": ""Wikipedia, Three Mile Island accident"", ""url"": ""https://en.wikipedia.org/wiki/Three_Mile_Island_accident"", ""raw"": ""warehouse/news/facts/raw/wikipedia/three_mile_island_accident_20260928T211043Z.txt"", ""retrieved_at"": ""20260928T211043Z"", ""part"": ""fact"", ""span"": ""The reactor accident began at 4:00 a.m. on March 28, 1979""}, {""label"": ""Wikipedia, Three Mile Island accident"", ""url"": ""https://en.wikipedia.org/wiki/Three_Mile_Island_accident"", ""raw"": ""warehouse/news/facts/raw/wikipedia/three_mile_island_accident_20260928T211043Z.txt"", ""retrieved_at"": ""20260928T211043Z"", ""part"": ""fact"", ""span"": ""It is the worst accident in U.S. commercial nuclear power plant history""}]",verified,,,wiki:Three Mile Island accident
ff_6e16fbb65c,2026-09-28T23:52:00Z,history,"The Drake Well, drilled by Edwin Drake in 1859, is a 69.5-foot-deep oil well in Cherrytree Township, Pennsylvania, and the first commercial oil well in the United States.",,none,False,"[{""label"": ""Wikipedia, Drake Well"", ""url"": ""https://en.wikipedia.org/wiki/Drake_Well"", ""raw"": ""warehouse/news/facts/raw/wikipedia/drake_well_20260928T235157Z.txt"", ""retrieved_at"": ""20260928T235157Z"", ""part"": ""fact"", ""span"": ""The Drake Well is a 69.5-foot-deep (21.2 m) oil well in Cherrytree Township, Pennsylvania""}, {""label"": ""Wikipedia, Drake Well"", ""url"": ""https://en.wikipedia.org/wiki/Drake_Well"", ""raw"": ""warehouse/news/facts/raw/wikipedia/drake_well_20260928T235157Z.txt"", ""retrieved_at"": ""20260928T235157Z"", ""part"": ""fact"", ""span"": ""Drilled by Edwin Drake in 1859, along the banks of Oil Creek, it is the first commercial oil well in the United States.""}]",verified,,,wiki:Drake Well
ff_4ff252c8af,2026-09-30T20:11:40Z,history,California increased wind on the grid from 10 MW in 1981 to 1700 MW in the early 1990s.,That is one way to get a law's winds of change blowing.,pun,False,"[{""label"": ""Wikipedia, Public Utility Regulatory Policies Act"", ""url"": ""https://en.wikipedia.org/wiki/Public_Utility_Regulatory_Policies_Act"", ""raw"": ""warehouse/news/facts/raw/wikipedia/public_utility_regulatory_policies_act_20260930T201134Z.txt"", ""retrieved_at"": ""20260930T201134Z"", ""part"": ""fact"", ""span"": ""California increased wind on the grid from 10 MW in 1981 to 1700 MW in the early 1990s.""}]",verified,,,wiki:Public Utility Regulatory Policies Act
ff_61987e00c2,2026-09-30T22:14:40Z,warehouse,"In 2001, solar made 0.3% of the electricity generated in California; in 2025 it made 27.0%.",,none,False,"[{""part"": ""fact"", ""label"": ""ERW table state_generation_mix_monthly"", ""table"": ""state_generation_mix_monthly"", ""publisher"": ""Energy Research Warehouse (ERW), derived"", ""url"": ""/data"", ""raw"": ""warehouse/news/facts/raw/warehouse/share_ca_solar_20260930T221439Z.txt"", ""span"": ""state_generation_mix_monthly eia:CA: solar share of net generation 0.3% in 2001, 27.0% in 2025 (sums of monthly MWh over complete years)"", ""retrieved_at"": ""20260930T221439Z""}]",verified,,,share:CA:solar
ff_a4bd9f0c07,2026-09-30T23:48:45Z,history,The northeast blackout of 1965 left over 30 million people without electricity for up to 13 hours.,"The station's music playback equipment used synchronous motors whose speed was dependent on the frequency of the powerline, so a record sounded slow on WABC radio.",cross_field,False,"[{""label"": ""Wikipedia, Northeast blackout of 1965"", ""url"": ""https://en.wikipedia.org/wiki/Northeast_blackout_of_1965"", ""raw"": ""warehouse/news/facts/raw/wikipedia/northeast_blackout_of_1965_20260930T234842Z.txt"", ""retrieved_at"": ""20260930T234842Z"", ""part"": ""fact"", ""span"": ""Over 30 million people and 80,000 square miles (207,000 km2), and a population density of 144.9 inhabitants/km2 were left without electricity for up to 13 hours.""}, {""label"": ""Wikipedia, Northeast blackout of 1965"", ""url"": ""https://en.wikipedia.org/wiki/Northeast_blackout_of_1965"", ""raw"": ""warehouse/news/facts/raw/wikipedia/northeast_blackout_of_1965_20260930T234842Z.txt"", ""retrieved_at"": ""20260930T234842Z"", ""part"": ""second"", ""span"": ""The station's music playback equipment used synchronous motors whose speed was dependent on the frequency of the powerline, normally 60 Hz.""}, {""label"": ""Wikipedia, Northeast blackout of 1965"", ""url"": ""https://en.wikipedia.org/wiki/Northeast_blackout_of_1965"", ""raw"": ""warehouse/news/facts/raw/wikipedia/northeast_blackout_of_1965_20260930T234842Z.txt"", ""retrieved_at"": ""20260930T234842Z"", ""part"": ""second"", ""span"": ""Ingram quipped that the King record \""was in the key of R.\""""}]",dropped,numbers in the fact not in its source: ['1965'],,wiki:Northeast blackout of 1965
ff_3111d8abb0,2026-09-30T23:48:45Z,warehouse,"The highest daily Brent crude spot price in EIA's series, which starts on 1987-05-20, was 143.95 USD/bbl on 2008-07-03.","That is about 1.3 times the latest close, 113.96 on 2026-09-29.",scale,False,"[{""part"": ""fact"", ""label"": ""ERW table eia_fuel_spot_prices"", ""table"": ""eia_fuel_spot_prices"", ""publisher"": ""U.S. Energy Information Administration (EIA)"", ""url"": ""/data"", ""raw"": ""warehouse/news/facts/raw/warehouse/fuel_brent_max_20260930T234845Z.txt"", ""span"": ""eia_fuel_spot_prices eia:brent: max 143.95 USD/bbl on 2008-07-03; series starts 1987-05-20; latest 113.96 on 2026-09-29; ratio of the max to the latest 1.3"", ""retrieved_at"": ""20260930T234845Z""}, {""part"": ""second"", ""label"": ""ERW table eia_fuel_spot_prices"", ""table"": ""eia_fuel_spot_prices"", ""publisher"": ""U.S. Energy Information Administration (EIA)"", ""url"": ""/data"", ""raw"": ""warehouse/news/facts/raw/warehouse/fuel_brent_max_20260930T234845Z.txt"", ""span"": ""eia_fuel_spot_prices eia:brent: max 143.95 USD/bbl on 2008-07-03; series starts 1987-05-20; latest 113.96 on 2026-09-29; ratio of the max to the latest 1.3"", ""retrieved_at"": ""20260930T234845Z""}]",verified,,,fuel:brent:max
ff_1c084d1a13,2026-10-02T00:22:58Z,warehouse,"In 2001, wind made 1.2% of the electricity generated in Iowa; in 2025 it made 58.9%.",,none,False,"[{""part"": ""fact"", ""label"": ""ERW table state_generation_mix_monthly"", ""table"": ""state_generation_mix_monthly"", ""publisher"": ""Energy Research Warehouse (ERW), derived"", ""url"": ""/data"", ""raw"": ""warehouse/news/facts/raw/warehouse/share_ia_wind_20261002T002257Z.txt"", ""span"": ""state_generation_mix_monthly eia:IA: wind share of net generation 1.2% in 2001, 58.9% in 2025 (sums of monthly MWh over complete years)"", ""retrieved_at"": ""20261002T002257Z""}]",verified,,,share:IA:wind
