action_event_id,read_at,outcome
cpuc:56297e626e3e,2026-09-28T10:07:06Z,5 of 5 kept
doe:0bc976d9b4ef,2026-09-28T10:07:10Z,5 of 5 kept
doe:168509c4dc69,2026-09-28T10:07:10Z,5 of 5 kept
doe:52f19d96fc84,2026-09-28T10:07:34Z,5 of 5 kept
doe:8d771c691b80,2026-09-28T10:07:34Z,5 of 5 kept
doe:c358b979285a,2026-09-28T10:07:36Z,5 of 5 kept
doe:ccd9093e2b3a,2026-09-28T10:07:43Z,3 of 5 kept
doe:eb450f6a44b4,2026-09-28T10:07:46Z,5 of 5 kept
federalregister:2025-19194,2026-09-28T10:07:47Z,5 of 5 kept
federalregister:2025-19646,2026-09-28T10:07:58Z,5 of 5 kept
federalregister:2025-19675,2026-09-28T10:07:58Z,3 of 5 kept
federalregister:2025-19809,2026-09-28T10:08:05Z,4 of 5 kept
federalregister:2025-19813,2026-09-28T10:08:08Z,4 of 5 kept
federalregister:2025-20760,2026-09-28T10:08:18Z,4 of 5 kept
federalregister:2025-20781,2026-09-28T10:08:19Z,5 of 5 kept
federalregister:2025-21489,2026-09-28T10:08:28Z,4 of 5 kept
federalregister:2025-21597,2026-09-28T10:08:31Z,4 of 5 kept
federalregister:2025-21599,2026-09-28T10:08:31Z,5 of 5 kept
federalregister:2025-21760,2026-09-28T10:08:42Z,4 of 5 kept
federalregister:2025-21788,2026-09-28T10:08:42Z,4 of 5 kept
federalregister:2025-22118,2026-09-28T10:08:43Z,5 of 5 kept
federalregister:2025-22816,2026-09-28T10:08:55Z,5 of 5 kept
federalregister:2025-22840,2026-09-28T10:08:55Z,3 of 5 kept
federalregister:2025-23283,2026-09-28T10:08:55Z,5 of 5 kept
federalregister:2025-23462,2026-09-28T10:08:55Z,4 of 5 kept
federalregister:2025-23617,2026-09-28T10:09:05Z,5 of 5 kept
federalregister:2025-24102,2026-09-28T10:09:15Z,4 of 5 kept
federalregister:2025-24274,2026-09-28T10:09:15Z,5 of 5 kept
federalregister:2026-00090,2026-09-28T10:09:15Z,5 of 5 kept
federalregister:2026-00238,2026-09-28T10:09:25Z,5 of 5 kept
federalregister:2026-00476,2026-09-28T10:09:25Z,5 of 5 kept
federalregister:2026-00677,2026-09-28T10:09:25Z,4 of 5 kept
federalregister:2026-01066,2026-09-28T10:09:26Z,4 of 5 kept
federalregister:2026-01143,2026-09-28T10:09:34Z,5 of 5 kept
federalregister:2026-01147,2026-09-28T10:09:38Z,5 of 5 kept
federalregister:2026-01407,2026-09-28T10:09:38Z,5 of 5 kept
federalregister:2026-02071,2026-09-28T10:09:47Z,3 of 5 kept
federalregister:2026-02181,2026-09-28T10:09:52Z,4 of 5 kept
federalregister:2026-02240,2026-09-28T10:09:52Z,5 of 5 kept
federalregister:2026-02289,2026-09-28T10:10:03Z,3 of 5 kept
federalregister:2026-02423,2026-09-28T10:10:03Z,4 of 5 kept
federalregister:2026-02521,2026-09-28T10:10:03Z,4 of 5 kept
federalregister:2026-02719,2026-09-28T10:10:13Z,4 of 5 kept
federalregister:2026-02920,2026-09-28T10:10:13Z,3 of 5 kept
federalregister:2026-03139,2026-09-28T10:10:21Z,5 of 5 kept
federalregister:2026-03157,2026-09-28T10:10:21Z,4 of 5 kept
federalregister:2026-03402,2026-09-28T10:10:24Z,5 of 5 kept
federalregister:2026-03638,2026-09-28T10:10:31Z,3 of 5 kept
federalregister:2026-03659,2026-09-28T10:10:37Z,5 of 5 kept
federalregister:2026-03714,2026-09-28T10:10:37Z,5 of 5 kept
federalregister:2026-03727,2026-09-28T10:10:37Z,5 of 5 kept
federalregister:2026-03777,2026-09-28T10:10:47Z,5 of 5 kept
federalregister:2026-03865,2026-09-28T10:10:47Z,4 of 5 kept
federalregister:2026-03943,2026-09-28T10:10:48Z,4 of 5 kept
federalregister:2026-03973,2026-09-28T10:10:57Z,4 of 5 kept
federalregister:2026-04187,2026-09-28T10:10:58Z,5 of 5 kept
federalregister:2026-04517,2026-09-28T10:10:58Z,5 of 5 kept
federalregister:2026-04731,2026-09-28T10:10:59Z,5 of 5 kept
federalregister:2026-04828,2026-09-28T10:11:09Z,5 of 5 kept
federalregister:2026-05067,2026-09-28T10:11:09Z,5 of 5 kept
federalregister:2026-05086,2026-09-28T10:11:09Z,5 of 5 kept
federalregister:2026-05487,2026-09-28T10:11:18Z,3 of 5 kept
federalregister:2026-05489,2026-09-28T10:11:18Z,3 of 5 kept
federalregister:2026-05625,2026-09-28T10:11:28Z,4 of 5 kept
federalregister:2026-05716,2026-09-28T10:11:31Z,3 of 5 kept
federalregister:2026-05955,2026-09-28T10:11:31Z,4 of 5 kept
federalregister:2026-05991,2026-09-28T10:11:31Z,5 of 5 kept
federalregister:2026-05992,2026-09-28T10:11:43Z,5 of 5 kept
federalregister:2026-06048,2026-09-28T10:11:43Z,4 of 5 kept
federalregister:2026-06320,2026-09-28T10:11:43Z,5 of 5 kept
federalregister:2026-06458,2026-09-28T10:11:55Z,5 of 5 kept
federalregister:2026-06544,2026-09-28T10:11:55Z,5 of 5 kept
federalregister:2026-06571,2026-09-28T10:11:55Z,4 of 5 kept
federalregister:2026-06641,2026-09-28T10:12:04Z,5 of 5 kept
federalregister:2026-06836,2026-09-28T10:12:14Z,4 of 5 kept
federalregister:2026-07061,2026-09-28T10:12:14Z,5 of 5 kept
federalregister:2026-07800,2026-09-28T10:12:26Z,5 of 5 kept
federalregister:2026-07908,2026-09-28T10:12:36Z,5 of 5 kept
federalregister:2026-08015,2026-09-28T10:12:36Z,4 of 5 kept
federalregister:2026-08155,2026-09-28T10:12:36Z,5 of 5 kept
federalregister:2026-08200,2026-09-28T10:12:36Z,5 of 5 kept
federalregister:2026-08551,2026-09-28T10:12:48Z,4 of 5 kept
federalregister:2026-08654,2026-09-28T10:12:57Z,5 of 5 kept
federalregister:2026-09880,2026-09-28T10:12:58Z,5 of 5 kept
federalregister:2026-09881,2026-09-28T10:12:58Z,5 of 5 kept
federalregister:2026-09924,2026-09-28T10:13:05Z,3 of 5 kept
federalregister:2026-10020,2026-09-28T10:13:07Z,5 of 5 kept
federalregister:2026-10073,2026-09-28T10:13:08Z,4 of 5 kept
federalregister:2026-10151,2026-09-28T10:13:16Z,5 of 5 kept
federalregister:2026-10498,2026-09-28T10:13:16Z,5 of 5 kept
federalregister:2026-10826,2026-09-28T10:13:20Z,5 of 5 kept
federalregister:2026-11137,2026-09-28T10:13:20Z,5 of 5 kept
federalregister:2026-11785,2026-09-28T10:13:27Z,5 of 5 kept
federalregister:2026-11881,2026-09-28T10:13:29Z,5 of 5 kept
federalregister:2026-11915,2026-09-28T10:13:38Z,4 of 5 kept
federalregister:2026-12045,2026-09-28T10:13:39Z,5 of 5 kept
federalregister:2026-12086,2026-09-28T10:13:39Z,4 of 5 kept
federalregister:2026-12220,2026-09-28T10:13:49Z,5 of 5 kept
federalregister:2026-12339,2026-09-28T10:13:49Z,5 of 5 kept
federalregister:2026-12709,2026-09-28T10:13:49Z,5 of 5 kept
federalregister:2026-12734,2026-09-28T10:14:00Z,5 of 5 kept
federalregister:2026-12908,2026-09-28T10:14:00Z,5 of 5 kept
federalregister:2026-13662,2026-09-28T10:14:09Z,4 of 5 kept
federalregister:2026-13779,2026-09-28T10:14:09Z,4 of 5 kept
federalregister:2026-13844,2026-09-28T10:14:10Z,3 of 5 kept
federalregister:2026-14208,2026-09-28T10:14:11Z,3 of 5 kept
federalregister:2026-14341,2026-09-28T10:14:20Z,4 of 5 kept
federalregister:2026-15527,2026-09-28T10:14:20Z,4 of 5 kept
federalregister:2026-15629,2026-09-28T10:14:20Z,5 of 5 kept
federalregister:2026-15642,2026-09-28T10:14:30Z,5 of 5 kept
federalregister:2026-15781,2026-09-28T10:14:32Z,5 of 5 kept
federalregister:2026-15826,2026-09-28T10:14:32Z,5 of 5 kept
federalregister:2026-16044,2026-09-28T10:14:41Z,5 of 5 kept
federalregister:2026-16369,2026-09-28T10:14:41Z,4 of 5 kept
federalregister:2026-16372,2026-09-28T10:14:42Z,5 of 5 kept
federalregister:2026-16435,2026-09-28T10:14:50Z,5 of 5 kept
federalregister:2026-16851,2026-09-28T10:14:51Z,4 of 5 kept
federalregister:2026-16929,2026-09-28T10:15:01Z,5 of 5 kept
federalregister:2026-16975,2026-09-28T10:15:01Z,5 of 5 kept
federalregister:2026-17147,2026-09-28T10:15:01Z,5 of 5 kept
federalregister:2026-17244,2026-09-28T10:15:02Z,4 of 5 kept
federalregister:2026-17529,2026-09-28T10:15:13Z,4 of 5 kept
federalregister:2026-17979,2026-09-28T10:15:13Z,5 of 5 kept
federalregister:2026-17985,2026-09-28T10:15:13Z,4 of 5 kept
federalregister:2026-18261,2026-09-28T10:15:22Z,5 of 5 kept
federalregister:2026-18370,2026-09-28T10:15:22Z,5 of 5 kept
federalregister:2026-18516,2026-09-28T10:15:31Z,5 of 5 kept
federalregister:2026-19447,2026-09-28T10:15:43Z,4 of 5 kept
nrc:215534239219,2026-09-28T10:15:52Z,5 of 5 kept
nrc:21b869547671,2026-09-28T10:15:53Z,4 of 5 kept
nrc:2dd9247c49ed,2026-09-28T10:15:53Z,5 of 5 kept
nrc:346d11ef0818,2026-09-28T10:16:03Z,4 of 5 kept
nrc:3b6bc99f4be7,2026-09-28T10:16:03Z,5 of 5 kept
nrc:3dbf5d07dcae,2026-09-28T10:16:03Z,5 of 5 kept
nrc:4e6a1d2c0301,2026-09-28T10:16:16Z,5 of 5 kept
nrc:5062646bfe17,2026-09-28T10:16:16Z,5 of 5 kept
nrc:5841480e635e,2026-09-28T10:16:26Z,5 of 5 kept
nrc:59eb8d7a7927,2026-09-28T10:16:26Z,5 of 5 kept
nrc:5d64cc65b8ea,2026-09-28T10:16:26Z,5 of 5 kept
nrc:5e77aa679aa0,2026-09-28T10:16:37Z,5 of 5 kept
nrc:63aae81a3afc,2026-09-28T10:16:37Z,4 of 5 kept
nrc:6ebbbb0c1eba,2026-09-28T10:16:37Z,5 of 5 kept
nrc:ad3801e3e1bf,2026-09-28T10:16:45Z,5 of 5 kept
nrc:bb1af95e3360,2026-09-28T10:16:45Z,5 of 5 kept
nrc:be1afcf8bf45,2026-09-28T10:16:45Z,5 of 5 kept
nrc:c9cad7617311,2026-09-28T10:16:45Z,5 of 5 kept
nrc:e2debfed1f93,2026-09-28T10:16:54Z,5 of 5 kept
nrc:fe641be00a59,2026-09-28T10:17:26Z,5 of 5 kept
puct:1c4ea8977ec8,2026-09-28T10:17:29Z,5 of 5 kept
puct:237f5d48d937,2026-09-28T10:17:30Z,4 of 5 kept
puct:4fd951cb60b9,2026-09-28T10:17:40Z,4 of 5 kept
puct:537c766a4c02,2026-09-28T10:17:40Z,5 of 5 kept
puct:7217171ed2b9,2026-09-28T10:17:49Z,5 of 5 kept
puct:ade121632574,2026-09-28T10:17:49Z,3 of 5 kept
puct:b6f4c17f012b,2026-09-28T10:17:50Z,4 of 5 kept
puct:cb76fa1c0dd6,2026-09-28T10:17:51Z,5 of 5 kept
cpuc:6e3bde75ae48,2026-09-28T17:10:02Z,5 of 5 kept
doe:c5acbde6bff5,2026-09-28T17:10:02Z,3 of 5 kept
federalregister:2025-19237,2026-09-28T17:10:02Z,3 of 5 kept
federalregister:2025-19624,2026-09-28T17:10:02Z,4 of 5 kept
federalregister:2025-19648,2026-09-28T17:10:11Z,4 of 5 kept
federalregister:2025-19828,2026-09-28T17:10:12Z,3 of 5 kept
federalregister:2025-19982,2026-09-28T17:10:12Z,5 of 5 kept
federalregister:2025-20267,2026-09-28T17:10:13Z,3 of 5 kept
federalregister:2025-20447,2026-09-28T17:10:21Z,4 of 5 kept
federalregister:2025-21401,2026-09-28T17:10:26Z,4 of 5 kept
federalregister:2025-21948,2026-09-28T17:10:26Z,4 of 5 kept
federalregister:2025-23496,2026-09-28T17:10:26Z,3 of 5 kept
federalregister:2025-23678,2026-09-28T17:10:35Z,5 of 5 kept
federalregister:2025-23763,2026-09-28T17:10:35Z,5 of 5 kept
federalregister:2026-00236,2026-09-28T17:10:35Z,4 of 5 kept
federalregister:2026-01470,2026-09-28T17:10:35Z,4 of 5 kept
federalregister:2026-02094,2026-09-28T17:10:47Z,3 of 5 kept
federalregister:2026-02427,2026-09-28T17:10:47Z,4 of 5 kept
federalregister:2026-02599,2026-09-28T17:10:47Z,4 of 5 kept
federalregister:2026-02689,2026-09-28T17:10:47Z,5 of 5 kept
federalregister:2026-03416,2026-09-28T17:10:56Z,3 of 5 kept
federalregister:2026-03784,2026-09-28T17:10:56Z,5 of 5 kept
federalregister:2026-04865,2026-09-28T17:10:57Z,3 of 5 kept
federalregister:2026-05488,2026-09-28T17:10:59Z,1 of 5 kept
federalregister:2026-05624,2026-09-28T17:11:08Z,4 of 5 kept
federalregister:2026-06275,2026-09-28T17:11:08Z,5 of 5 kept
federalregister:2026-06389,2026-09-28T17:11:09Z,3 of 5 kept
federalregister:2026-06766,2026-09-28T17:11:09Z,4 of 5 kept
federalregister:2026-06808,2026-09-28T17:11:20Z,4 of 5 kept
federalregister:2026-06833,2026-09-28T17:11:20Z,3 of 5 kept
federalregister:2026-07249,2026-09-28T17:11:20Z,4 of 5 kept
federalregister:2026-07289,2026-09-28T17:11:20Z,5 of 5 kept
federalregister:2026-07521,2026-09-28T17:11:30Z,4 of 5 kept
federalregister:2026-07667,2026-09-28T17:11:30Z,5 of 5 kept
federalregister:2026-07796,2026-09-28T17:11:30Z,5 of 5 kept
federalregister:2026-08264,2026-09-28T17:11:30Z,5 of 5 kept
federalregister:2026-08276,2026-09-28T17:11:39Z,2 of 5 kept
federalregister:2026-08550,2026-09-28T17:11:40Z,5 of 5 kept
federalregister:2026-09386,2026-09-28T17:11:40Z,5 of 5 kept
federalregister:2026-09895,2026-09-28T17:11:40Z,5 of 5 kept
federalregister:2026-11641,2026-09-28T17:11:48Z,4 of 5 kept
federalregister:2026-11880,2026-09-28T17:11:50Z,5 of 5 kept
federalregister:2026-11971,2026-09-28T17:11:50Z,3 of 5 kept
federalregister:2026-12475,2026-09-28T17:11:50Z,5 of 5 kept
federalregister:2026-13026,2026-09-28T17:11:59Z,4 of 5 kept
federalregister:2026-13133,2026-09-28T17:11:59Z,5 of 5 kept
federalregister:2026-14565,2026-09-28T17:11:59Z,4 of 5 kept
federalregister:2026-15695,2026-09-28T17:11:59Z,5 of 5 kept
federalregister:2026-15953,2026-09-28T17:12:10Z,5 of 5 kept
federalregister:2026-16739,2026-09-28T17:12:10Z,5 of 5 kept
federalregister:2026-16922,2026-09-28T17:12:10Z,3 of 5 kept
federalregister:2026-17344,2026-09-28T17:12:10Z,4 of 5 kept
federalregister:2026-18056,2026-09-28T17:12:20Z,3 of 5 kept
federalregister:2026-18106,2026-09-28T17:12:22Z,3 of 5 kept
federalregister:2026-19050,2026-09-28T17:12:22Z,5 of 5 kept
federalregister:2026-19071,2026-09-28T17:12:22Z,2 of 5 kept
federalregister:2026-19072,2026-09-28T17:12:33Z,5 of 5 kept
federalregister:2026-19603,2026-09-28T17:12:33Z,3 of 5 kept
nrc:084a1db9eb9a,2026-09-28T17:12:33Z,5 of 5 kept
nrc:11adad729fbc,2026-09-28T17:12:33Z,5 of 5 kept
nrc:177041c7503a,2026-09-28T17:12:43Z,3 of 5 kept
nrc:430d52d9fc77,2026-09-28T17:12:43Z,4 of 5 kept
nrc:4553fb063ac6,2026-09-28T17:12:43Z,5 of 5 kept
nrc:541e75f88f44,2026-09-28T17:12:53Z,5 of 5 kept
nrc:6e48d8949af7,2026-09-28T17:12:54Z,5 of 5 kept
nrc:d2f08a6ae110,2026-09-28T17:12:54Z,5 of 5 kept
nrc:e80dc88798bd,2026-09-28T17:12:55Z,1 of 5 kept
nrc:ebe17c06b090,2026-09-28T17:13:02Z,4 of 5 kept
puct:371d769a0834,2026-09-28T17:13:05Z,5 of 5 kept
puct:4d3bab07553e,2026-09-28T17:13:05Z,4 of 5 kept
nrc:4cec785a9cad,2026-09-28T17:14:47Z,5 of 5 kept
doe:7da9ce11e513,2026-09-30T19:57:06Z,5 of 5 kept
federalregister:2026-19907,2026-09-30T19:57:06Z,4 of 5 kept
federalregister:2026-19983,2026-09-30T19:57:06Z,4 of 5 kept
federalregister:2026-20094,2026-10-02T00:09:43Z,4 of 5 kept
federalregister:2026-20335,2026-10-04T14:42:36Z,4 of 5 kept
federalregister:2026-20336,2026-10-04T14:42:36Z,4 of 5 kept
federalregister:2026-20345,2026-10-04T14:42:36Z,4 of 5 kept
doe:42140c47d360,2026-10-06T14:43:50Z,5 of 5 kept
doe:6e857cbf16ed,2026-10-06T14:43:50Z,5 of 5 kept
federalregister:2026-20450,2026-10-06T14:43:51Z,4 of 5 kept
federalregister:2026-20453,2026-10-06T14:43:51Z,5 of 5 kept
federalregister:2026-20467,2026-10-06T14:44:00Z,4 of 5 kept
federalregister:2025-19157,2026-10-08T14:56:36Z,4 of 5 kept
federalregister:2025-19160,2026-10-08T14:56:45Z,4 of 5 kept
federalregister:2025-20186,2026-10-08T14:56:45Z,5 of 5 kept
federalregister:2025-20661,2026-10-08T14:56:45Z,5 of 5 kept
federalregister:2025-20698,2026-10-08T14:56:51Z,5 of 5 kept
federalregister:2025-20704,2026-10-08T14:56:51Z,5 of 5 kept
federalregister:2025-20716,2026-10-08T14:56:51Z,4 of 5 kept
federalregister:2025-20914,2026-10-08T14:56:51Z,5 of 5 kept
federalregister:2025-20916,2026-10-08T14:56:57Z,5 of 5 kept
federalregister:2025-21029,2026-10-08T14:56:58Z,4 of 5 kept
federalregister:2025-21757,2026-10-08T14:56:58Z,5 of 5 kept
federalregister:2025-22942,2026-10-08T14:56:58Z,4 of 5 kept
federalregister:2025-23224,2026-10-08T14:57:06Z,5 of 5 kept
federalregister:2025-23297,2026-10-08T14:57:06Z,4 of 5 kept
federalregister:2025-23501,2026-10-08T14:57:06Z,5 of 5 kept
federalregister:2025-24189,2026-10-08T14:57:06Z,5 of 5 kept
federalregister:2026-00020,2026-10-08T14:57:14Z,5 of 5 kept
federalregister:2026-00144,2026-10-08T14:57:14Z,5 of 5 kept
federalregister:2026-00402,2026-10-08T14:57:14Z,4 of 5 kept
federalregister:2026-00405,2026-10-08T14:57:14Z,4 of 5 kept
federalregister:2026-00481,2026-10-08T14:57:21Z,5 of 5 kept
federalregister:2026-00715,2026-10-08T14:57:21Z,4 of 5 kept
federalregister:2026-00983,2026-10-08T14:57:21Z,5 of 5 kept
federalregister:2026-00985,2026-10-08T14:57:21Z,5 of 5 kept
federalregister:2026-00990,2026-10-08T14:57:28Z,5 of 5 kept
federalregister:2026-01166,2026-10-08T14:57:28Z,5 of 5 kept
federalregister:2026-01920,2026-10-08T14:57:28Z,5 of 5 kept
federalregister:2026-02037,2026-10-08T14:57:28Z,4 of 5 kept
federalregister:2026-02246,2026-10-08T14:57:35Z,4 of 5 kept
federalregister:2026-02422,2026-10-08T14:57:35Z,5 of 5 kept
federalregister:2026-02465,2026-10-08T14:57:36Z,5 of 5 kept
federalregister:2026-02759,2026-10-08T14:57:36Z,5 of 5 kept
federalregister:2026-03415,2026-10-08T14:57:43Z,4 of 5 kept
federalregister:2026-03548,2026-10-08T14:57:43Z,4 of 5 kept
federalregister:2026-03668,2026-10-08T14:57:43Z,4 of 5 kept
federalregister:2026-03787,2026-10-08T14:57:43Z,4 of 5 kept
federalregister:2026-04268,2026-10-08T14:57:49Z,5 of 5 kept
federalregister:2026-04474,2026-10-08T14:57:50Z,4 of 5 kept
federalregister:2026-04552,2026-10-08T14:57:50Z,5 of 5 kept
federalregister:2026-04871,2026-10-08T14:57:51Z,5 of 5 kept
federalregister:2026-04872,2026-10-08T14:57:58Z,5 of 5 kept
federalregister:2026-04873,2026-10-08T14:57:58Z,5 of 5 kept
federalregister:2026-04874,2026-10-08T14:57:58Z,5 of 5 kept
federalregister:2026-05190,2026-10-08T14:57:58Z,5 of 5 kept
federalregister:2026-05429,2026-10-08T14:58:06Z,5 of 5 kept
federalregister:2026-05715,2026-10-08T14:58:06Z,5 of 5 kept
federalregister:2026-06635,2026-10-08T14:58:06Z,5 of 5 kept
federalregister:2026-06767,2026-10-08T14:58:06Z,5 of 5 kept
federalregister:2026-06885,2026-10-08T14:58:13Z,5 of 5 kept
federalregister:2026-06887,2026-10-08T14:58:13Z,5 of 5 kept
federalregister:2026-07124,2026-10-08T14:58:13Z,5 of 5 kept
federalregister:2026-07444,2026-10-08T14:58:13Z,5 of 5 kept
federalregister:2026-08707,2026-10-08T14:58:21Z,5 of 5 kept
federalregister:2026-08718,2026-10-08T14:58:21Z,5 of 5 kept
federalregister:2026-09191,2026-10-08T14:58:21Z,4 of 5 kept
federalregister:2026-09197,2026-10-08T14:58:21Z,4 of 5 kept
federalregister:2026-09425,2026-10-08T14:58:26Z,5 of 5 kept
federalregister:2026-09998,2026-10-08T14:58:26Z,5 of 5 kept
federalregister:2026-10093,2026-10-08T14:58:26Z,5 of 5 kept
federalregister:2026-10094,2026-10-08T14:58:26Z,5 of 5 kept
federalregister:2026-10227,2026-10-08T14:58:33Z,5 of 5 kept
federalregister:2026-10228,2026-10-08T14:58:33Z,5 of 5 kept
federalregister:2026-10651,2026-10-08T14:58:34Z,5 of 5 kept
federalregister:2026-10658,2026-10-08T14:58:34Z,5 of 5 kept
federalregister:2026-10663,2026-10-08T14:58:39Z,5 of 5 kept
federalregister:2026-10876,2026-10-08T14:58:41Z,5 of 5 kept
federalregister:2026-11538,2026-10-08T14:58:42Z,5 of 5 kept
federalregister:2026-11539,2026-10-08T14:58:42Z,5 of 5 kept
federalregister:2026-11879,2026-10-08T14:58:48Z,5 of 5 kept
federalregister:2026-12228,2026-10-08T14:58:48Z,5 of 5 kept
federalregister:2026-12623,2026-10-08T14:58:48Z,4 of 5 kept
federalregister:2026-12637,2026-10-08T14:58:48Z,4 of 5 kept
federalregister:2026-12853,2026-10-08T14:58:56Z,5 of 5 kept
federalregister:2026-13086,2026-10-08T14:59:05Z,5 of 5 kept
federalregister:2026-13087,2026-10-08T14:59:05Z,5 of 5 kept
federalregister:2026-13088,2026-10-08T14:59:05Z,4 of 5 kept
federalregister:2026-13277,2026-10-08T14:59:11Z,5 of 5 kept
federalregister:2026-13460,2026-10-08T14:59:13Z,4 of 5 kept
federalregister:2026-13599,2026-10-08T14:59:13Z,5 of 5 kept
federalregister:2026-13880,2026-10-08T14:59:13Z,5 of 5 kept
federalregister:2026-14082,2026-10-08T14:59:20Z,5 of 5 kept
federalregister:2026-14213,2026-10-08T14:59:22Z,5 of 5 kept
federalregister:2026-14488,2026-10-08T14:59:22Z,5 of 5 kept
federalregister:2026-14686,2026-10-08T14:59:22Z,5 of 5 kept
federalregister:2026-15040,2026-10-08T14:59:30Z,5 of 5 kept
federalregister:2026-15286,2026-10-08T14:59:30Z,5 of 5 kept
federalregister:2026-15287,2026-10-08T14:59:30Z,5 of 5 kept
federalregister:2026-15293,2026-10-08T14:59:30Z,5 of 5 kept
federalregister:2026-15693,2026-10-08T14:59:35Z,5 of 5 kept
federalregister:2026-15883,2026-10-08T14:59:39Z,5 of 5 kept
federalregister:2026-16132,2026-10-08T14:59:39Z,4 of 5 kept
federalregister:2026-16165,2026-10-08T14:59:39Z,4 of 5 kept
federalregister:2026-16421,2026-10-08T14:59:46Z,4 of 5 kept
federalregister:2026-16522,2026-10-08T14:59:46Z,4 of 5 kept
federalregister:2026-16833,2026-10-08T14:59:47Z,4 of 5 kept
federalregister:2026-16864,2026-10-08T14:59:47Z,4 of 5 kept
federalregister:2026-17243,2026-10-08T14:59:56Z,5 of 5 kept
federalregister:2026-17253,2026-10-08T14:59:56Z,5 of 5 kept
federalregister:2026-17256,2026-10-08T14:59:56Z,5 of 5 kept
federalregister:2026-17399,2026-10-08T14:59:56Z,5 of 5 kept
federalregister:2026-17590,2026-10-08T15:00:03Z,4 of 5 kept
federalregister:2026-17626,2026-10-08T15:00:03Z,5 of 5 kept
federalregister:2026-17632,2026-10-08T15:00:03Z,5 of 5 kept
federalregister:2026-17785,2026-10-08T15:00:03Z,5 of 5 kept
federalregister:2026-17944,2026-10-08T15:00:13Z,5 of 5 kept
federalregister:2026-18148,2026-10-08T15:00:13Z,5 of 5 kept
federalregister:2026-18360,2026-10-08T15:00:13Z,5 of 5 kept
federalregister:2026-18454,2026-10-08T15:00:13Z,5 of 5 kept
federalregister:2026-18456,2026-10-08T15:00:20Z,5 of 5 kept
federalregister:2026-18504,2026-10-08T15:00:21Z,5 of 5 kept
federalregister:2026-18868,2026-10-08T15:00:21Z,4 of 5 kept
federalregister:2026-18988,2026-10-08T15:00:21Z,5 of 5 kept
federalregister:2026-18991,2026-10-08T15:00:28Z,4 of 5 kept
federalregister:2026-18992,2026-10-08T15:00:28Z,4 of 5 kept
federalregister:2026-18993,2026-10-08T15:00:28Z,4 of 5 kept
federalregister:2026-18995,2026-10-08T15:00:28Z,5 of 5 kept
federalregister:2026-19201,2026-10-08T15:00:34Z,5 of 5 kept
federalregister:2026-19445,2026-10-08T15:00:35Z,5 of 5 kept
federalregister:2026-19568,2026-10-08T15:00:35Z,5 of 5 kept
federalregister:2026-19580,2026-10-08T15:00:36Z,5 of 5 kept
federalregister:2026-19664,2026-10-08T15:00:41Z,4 of 5 kept
federalregister:2026-19819,2026-10-08T15:00:45Z,5 of 5 kept
federalregister:2026-20238,2026-10-08T15:00:45Z,5 of 5 kept
federalregister:2026-20452,2026-10-08T15:00:45Z,5 of 5 kept
federalregister:2026-20580,2026-10-08T15:00:49Z,5 of 5 kept
federalregister:2026-20581,2026-10-08T15:00:51Z,5 of 5 kept
federalregister:2026-20626,2026-10-08T15:00:51Z,5 of 5 kept
federalregister:2026-20678,2026-10-08T15:00:51Z,5 of 5 kept
puct:e6c4880eeda4,2026-10-08T15:00:58Z,5 of 5 kept
