# Energy Research Warehouse (ERW): finding who_rescues_whom, WHO RESCUES WHOM
# Computed 2026-10-10T03:09:01Z by warehouse/analysis/findings/who_rescues_whom.py; method https://github.com/SamuelEnrique/erw/blob/main/docs/methods/automated_analysis_findings.md
# Rows: one per balancing authority: mean net exports (MWh a day) over the baseline days and over the event's window, the swing, the days held, and the flip (import_to_export, export_to_import, same, small)
# Sources: eia930_daily_interchange, event_window_daily
event,ba,name,baseline_net_mwh_day,event_net_mwh_day,swing_mwh_day,baseline_days,event_days,flip,event_grid
uri_2021,pjm,PJM,38600.375,213925.72222222222,175325.34722222222,36,18,same,0
uri_2021,miso,MISO,-102647.33333333333,-168418.25,-65770.91666666667,36,18,same,0
uri_2021,nyis,NYISO,-36448.083333333336,-100007.69444444444,-63559.6111111111,36,18,same,0
uri_2021,azps,Arizona Public Service,34505.041666666664,-24611.36111111111,-59116.402777777774,36,18,export_to_import,0
uri_2021,swpp,SPP,6238.611111111111,-43416.333333333336,-49654.944444444445,36,18,export_to_import,0
uri_2021,ciso,CAISO,-147463.65277777778,-128437.55555555556,19026.09722222222,36,18,same,0
uri_2021,bpat,Bonneville,182561.75,199722.5,17160.75,36,18,same,0
uri_2021,aeci,AECI,-3050.3055555555557,-19438.86111111111,-16388.555555555555,36,18,same,0
uri_2021,srp,Salt River Project,60882.958333333336,76018.69444444444,15135.736111111102,36,18,same,0
uri_2021,wacm,WAPA Rocky Mountain,39049.708333333336,24177.36111111111,-14872.347222222226,36,18,same,0
uri_2021,isne,ISO-NE,-70713.55555555556,-56184.13888888889,14529.416666666672,36,18,same,0
uri_2021,pace,PacifiCorp East,-356.7083333333333,11611.25,11967.958333333334,36,18,import_to_export,0
uri_2021,nwmt,NorthWestern,20136.041666666668,8501.361111111111,-11634.680555555557,36,18,same,0
uri_2021,sc,Santee Cooper,-24636.86111111111,-14250.555555555555,10386.305555555555,36,18,same,0
uri_2021,erco,ERCOT,512.0833333333334,-9651.638888888889,-10163.722222222223,36,18,export_to_import,1
uri_2021,mheb,MHEB,13246.138888888889,3334.5,-9911.638888888889,36,18,same,0
uri_2021,duk,Duke Carolinas,-6225.513888888889,2755.4444444444443,8980.958333333332,36,18,import_to_export,0
uri_2021,grid,GRID,13656.486111111111,22261.833333333332,8605.34722222222,36,18,same,0
uri_2021,soco,Southern,12323.555555555555,20862.25,8538.694444444445,36,18,same,0
uri_2021,fpl,Florida Power & Light,14724.083333333334,6365.722222222223,-8358.361111111111,36,18,same,0
uri_2021,bcha,BCHA,-2520.472222222222,4429.666666666667,6950.138888888889,36,18,import_to_export,0
uri_2021,psei,PSEI,-59709.26388888889,-66566.33333333333,-6857.069444444438,36,18,same,0
uri_2021,lgee,LG&E and KU,-7309.763888888889,-778.9722222222222,6530.791666666666,36,18,same,0
uri_2021,deaa,DEAA,6930.583333333333,603.6666666666666,-6326.916666666666,36,18,same,0
uri_2021,pnm,PNM,2365.3611111111113,-3940.3055555555557,-6305.666666666667,36,18,export_to_import,0
uri_2021,sepa,SEPA,10751.722222222223,4793.583333333333,-5958.13888888889,36,18,same,0
uri_2021,chpd,CHPD,14599.930555555555,20456.694444444445,5856.7638888888905,36,18,same,0
uri_2021,avrn,Avangrid Renewables,10746.861111111111,16273.472222222223,5526.611111111111,36,18,same,0
uri_2021,spa,SPA,25942.13888888889,20818.805555555555,-5123.333333333336,36,18,same,0
uri_2021,cen,CENACE (Mexico),-4386.472222222223,337.77777777777777,4724.25,36,18,import_to_export,0
uri_2021,pge,PGE,-49495.09722222222,-44892.333333333336,4602.763888888883,36,18,same,0
uri_2021,grif,GRIF,744.1111111111111,5250.222222222223,4506.111111111111,36,18,same,0
uri_2021,ieso,IESO,48255.194444444445,44034.333333333336,-4220.8611111111095,36,18,same,0
uri_2021,cplw,Duke Progress West,-5840.958333333333,-1955.638888888889,3885.3194444444443,36,18,same,0
uri_2021,psco,Public Service Colorado,-15413.722222222223,-11972.194444444445,3441.5277777777774,36,18,same,0
uri_2021,sceg,SCEG,6557.625,9967.083333333334,3409.458333333334,36,18,same,0
uri_2021,nbso,NBSO,3310.8055555555557,301.3333333333333,-3009.472222222222,36,18,same,0
uri_2021,walc,WALC,-1183.263888888889,1820.5555555555557,3003.8194444444443,36,18,import_to_export,0
uri_2021,epe,El Paso Electric,-8604.944444444445,-11186.888888888889,-2581.9444444444434,36,18,same,0
uri_2021,tepc,Tucson Electric,-4487.555555555556,-6913.861111111111,-2426.3055555555557,36,18,same,0
uri_2021,ipco,Idaho Power,-10306.333333333334,-12732.611111111111,-2426.2777777777774,36,18,same,0
uri_2021,cple,Duke Progress East,9575.166666666666,7168.222222222223,-2406.9444444444434,36,18,same,0
uri_2021,ava,AVA,-22880.541666666668,-20610.083333333332,2270.4583333333358,36,18,same,0
uri_2021,iid,Imperial Irrigation,6303.055555555556,8572.25,2269.1944444444443,36,18,same,0
uri_2021,gcpd,GCPD,15028.277777777777,17184.083333333332,2155.8055555555547,36,18,same,0
uri_2021,scl,SCL,-18129.25,-16035.861111111111,2093.3888888888887,36,18,same,0
uri_2021,tec,TEC,1469.7083333333333,-443.69444444444446,-1913.4027777777778,36,18,export_to_import,0
uri_2021,tva,TVA,-4154.805555555556,-2404.8611111111113,1749.9444444444443,36,18,same,0
uri_2021,spc,SPC,0.3333333333333333,1651.6666666666667,1651.3333333333335,36,18,same,0
uri_2021,ldwp,Los Angeles DWP,-11052.763888888889,-9442.972222222223,1609.791666666666,36,18,same,0
uri_2021,fmpp,FMPP,-1198.8055555555557,54.833333333333336,1253.638888888889,36,18,import_to_export,0
uri_2021,sec,SEC,22934.069444444445,24130.444444444445,1196.375,36,18,same,0
uri_2021,gvl,GVL,-514.5833333333334,658.5277777777778,1173.1111111111113,36,18,small,0
uri_2021,banc,BANC (Sacramento),-12760.583333333334,-11641.722222222223,1118.8611111111113,36,18,same,0
uri_2021,hqt,HQT,72633.5,73706.77777777778,1073.277777777781,36,18,same,0
uri_2021,aec,PowerSouth,1244.5555555555557,489.8611111111111,-754.6944444444446,36,18,same,0
uri_2021,aeso,AESO,-1910.0555555555557,-2624.8888888888887,-714.833333333333,36,18,same,0
uri_2021,wwa,WWA,1756.0694444444443,1167.4722222222222,-588.5972222222222,36,18,same,0
uri_2021,yad,YAD,4061.5416666666665,4633.611111111111,572.0694444444448,36,18,same,0
uri_2021,fpc,Duke Florida,-29590.777777777777,-29988.027777777777,-397.25,36,18,same,0
uri_2021,tal,TAL,788.2222222222222,1170.111111111111,381.8888888888889,36,18,same,0
uri_2021,pacw,PacifiCorp West,-26242.541666666668,-26605.75,-363.2083333333321,36,18,same,0
uri_2021,tidc,TIDC,-1388.4722222222222,-1042.1944444444443,346.2777777777778,36,18,same,0
uri_2021,dopd,DOPD,6475.013888888889,6819.027777777777,344.0138888888887,36,18,same,0
uri_2021,gwa,GWA,1392.4583333333333,1088.638888888889,-303.81944444444434,36,18,same,0
uri_2021,nevp,NV Energy,-13212.555555555555,-13424.888888888889,-212.33333333333394,36,18,same,0
uri_2021,wauw,WAPA Upper Great Plains West,-1018.0,-1154.9722222222222,-136.97222222222217,36,18,same,0
uri_2021,jea,JEA,-6646.833333333333,-6776.194444444444,-129.3611111111113,36,18,same,0
uri_2021,hst,HST,-1413.2222222222222,-1485.2777777777778,-72.05555555555566,36,18,same,0
uri_2021,tpwr,TPWR,-6843.166666666667,-6823.138888888889,20.027777777778283,36,18,same,0
uri_2021,hgma,HGMA,-18.180555555555557,-20.11111111111111,-1.9305555555555536,36,18,small,0
