# Energy Research Warehouse (ERW): finding queue_divorce, TILL QUEUE DO US PART
# Computed 2026-10-09T07:55:43Z by warehouse/analysis/findings/queue_divorce.py; method https://github.com/SamuelEnrique/erw/blob/main/docs/methods/automated_analysis_findings.md
# Rows: one per technology (and all), requests of 2000 to 2020 in Berkeley Lab's Queued Up: requested GW and the GW and percent of MW by status
# CDC/NCHS FastStats marriage and divorce rates per 1,000 population (provisional 2023), https://www.cdc.gov/nchs/fastats/marriage-divorce.htm; sources: lbnl_interconnection_queue
technology,projects,requested_gw,withdrawn_gw,withdrawn_pct,operational_gw,operational_pct,active_gw,active_pct,suspended_gw,suspended_pct,unknown_gw,unknown_pct,cdc_marriage_rate_per_1000,cdc_divorce_rate_per_1000
All technologies,21758,3509.087156378105,2638.119047823634,75.1796387567233,453.8646589564555,12.933980797014764,370.68676459801543,10.563623759650893,46.296685,1.319336993834744,0.12,0.003419692776279107,6.1,2.4
Wind,5370,916.1210827238925,709.9611129269796,77.49642774468852,135.87706579700847,14.831780248196747,55.61898399990463,6.071138962825016,14.56892,1.5902832359978434,0.095,0.010369808291884034,6.1,2.4
Gas,2607,832.2160404760882,661.7403605110321,79.51545371950155,140.97212996505604,16.939367076415607,23.441850000000002,2.8167986267832035,6.0617,0.7283805772996476,0.0,0.0,6.1,2.4
Solar,8379,713.1823255330296,503.74090534385164,70.63283641632,76.30654119009726,10.69944367074241,119.64259399908065,16.77587760039626,13.472285,1.8890379805656103,0.02,0.0028043319757051015,6.1,2.4
Other,2801,634.5509069142664,533.0783199102701,84.00875549962674,65.45276100496613,10.314816398774669,31.571605999030112,4.9754252424850325,4.44322,0.7002149002680914,0.005,0.000787958845463528,6.1,2.4
Solar and battery,1201,278.7240970584579,143.67157445913023,51.54616194845809,25.583110999327662,9.178650597247074,104.64241159999999,37.54336733147724,4.827,1.7318201228175882,0.0,0.0,6.1,2.4
Battery,1400,134.2927036723706,85.92677467237061,63.984693376941216,9.67305,7.202960202215464,35.769319,26.63534058206558,2.9235600000000006,2.1770058387777427,0.0,0.0,6.1,2.4
