# Energy Research Warehouse (ERW): finding negative_prices_west, NEGATIVE PRICES MARCH WEST
# Computed 2026-10-10T03:07:41Z by warehouse/analysis/findings/negative_prices_west.py; method https://github.com/SamuelEnrique/erw/blob/main/docs/methods/automated_analysis_findings.md
# Rows: one per hub and local year: held hours, hours with a negative mean real-time price, their share, negative 15-minute intervals and held intervals, first and last day held
# A blank is a year the warehouse does not hold for that hub. Sources: ercot_all_hub_prices_history, iso_rtm_hub_prices, iso_hub_prices_history
hub,words,year,n_hours,negative_hours,share_pct,negative_intervals,n_intervals,first_day,last_day
ercot_west,ERCOT West,2019,8760.0,308.0,3.515981735159817,1327.0,35040.0,2019-01-01,2019-12-31
ercot_west,ERCOT West,2020,8784.0,684.0,7.786885245901639,2813.0,35136.0,2020-01-01,2020-12-31
ercot_west,ERCOT West,2021,8760.0,788.0,8.995433789954339,3262.0,35040.0,2021-01-01,2021-12-31
ercot_west,ERCOT West,2022,8760.0,1015.0,11.58675799086758,4212.0,35040.0,2022-01-01,2022-12-31
ercot_west,ERCOT West,2023,8760.0,727.0,8.299086757990867,3004.0,35040.0,2023-01-01,2023-12-31
ercot_west,ERCOT West,2024,8784.0,858.0,9.76775956284153,3497.0,35136.0,2024-01-01,2024-12-31
ercot_west,ERCOT West,2025,8760.0,637.0,7.271689497716895,2650.0,35040.0,2025-01-01,2025-12-31
ercot_west,ERCOT West,2026,6719.0,903.0,13.439499925584164,3699.0,26876.0,2026-01-01,2026-10-07
ercot_houston,ERCOT Houston,2019,8760.0,46.0,0.5251141552511416,174.0,35040.0,2019-01-01,2019-12-31
ercot_houston,ERCOT Houston,2020,8784.0,74.0,0.8424408014571949,320.0,35136.0,2020-01-01,2020-12-31
ercot_houston,ERCOT Houston,2021,8760.0,150.0,1.7123287671232876,629.0,35040.0,2021-01-01,2021-12-31
ercot_houston,ERCOT Houston,2022,8760.0,88.0,1.004566210045662,402.0,35040.0,2022-01-01,2022-12-31
ercot_houston,ERCOT Houston,2023,8760.0,117.0,1.3356164383561644,493.0,35040.0,2023-01-01,2023-12-31
ercot_houston,ERCOT Houston,2024,8784.0,135.0,1.5368852459016393,541.0,35136.0,2024-01-01,2024-12-31
ercot_houston,ERCOT Houston,2025,8760.0,142.0,1.6210045662100456,591.0,35040.0,2025-01-01,2025-12-31
ercot_houston,ERCOT Houston,2026,6719.0,114.0,1.6966810537282333,452.0,26876.0,2026-01-01,2026-10-07
ercot_north,ERCOT North,2019,8760.0,50.0,0.5707762557077625,212.0,35040.0,2019-01-01,2019-12-31
ercot_north,ERCOT North,2020,8784.0,76.0,0.8652094717668488,343.0,35136.0,2020-01-01,2020-12-31
ercot_north,ERCOT North,2021,8760.0,178.0,2.031963470319635,741.0,35040.0,2021-01-01,2021-12-31
ercot_north,ERCOT North,2022,8760.0,123.0,1.404109589041096,544.0,35040.0,2022-01-01,2022-12-31
ercot_north,ERCOT North,2023,8760.0,125.0,1.4269406392694064,550.0,35040.0,2023-01-01,2023-12-31
ercot_north,ERCOT North,2024,8784.0,189.0,2.151639344262295,794.0,35136.0,2024-01-01,2024-12-31
ercot_north,ERCOT North,2025,8760.0,224.0,2.5570776255707766,949.0,35040.0,2025-01-01,2025-12-31
ercot_north,ERCOT North,2026,6719.0,206.0,3.0659324304211935,913.0,26876.0,2026-01-01,2026-10-07
ercot_south,ERCOT South,2019,8760.0,53.0,0.6050228310502284,235.0,35040.0,2019-01-01,2019-12-31
ercot_south,ERCOT South,2020,8784.0,81.0,0.9221311475409836,358.0,35136.0,2020-01-01,2020-12-31
ercot_south,ERCOT South,2021,8760.0,286.0,3.264840182648402,1190.0,35040.0,2021-01-01,2021-12-31
ercot_south,ERCOT South,2022,8760.0,190.0,2.1689497716894977,833.0,35040.0,2022-01-01,2022-12-31
ercot_south,ERCOT South,2023,8760.0,170.0,1.9406392694063925,701.0,35040.0,2023-01-01,2023-12-31
ercot_south,ERCOT South,2024,8784.0,217.0,2.4704007285974496,900.0,35136.0,2024-01-01,2024-12-31
ercot_south,ERCOT South,2025,8760.0,235.0,2.682648401826484,992.0,35040.0,2025-01-01,2025-12-31
ercot_south,ERCOT South,2026,6719.0,150.0,2.232475070695044,627.0,26876.0,2026-01-01,2026-10-07
spp_north,SPP North,2019,,,,,,,
spp_north,SPP North,2020,,,,,,,
spp_north,SPP North,2021,,,,,,,
spp_north,SPP North,2022,,,,,,,
spp_north,SPP North,2023,,,,,,,
spp_north,SPP North,2024,2929.0,541.0,18.470467736428816,2196.0,11716.0,2024-09-01,2024-12-31
spp_north,SPP North,2025,8760.0,1044.0,11.917808219178081,4481.0,35040.0,2025-01-01,2025-12-31
spp_north,SPP North,2026,6695.0,701.0,10.470500373412994,2997.0,26780.0,2026-01-01,2026-10-06
