# Energy Research Warehouse (ERW): finding batteries_curtailment, BY HOW MUCH DO BATTERIES CUT CURTAILMENT
# Computed 2026-10-10T03:09:20Z by warehouse/analysis/findings/batteries_curtailment.py; method https://github.com/SamuelEnrique/erw/blob/main/docs/methods/automated_analysis_findings.md; correlation coefficient added 2026-10-10 from these rows (session 182)
# Rows: one per Pacific day: curtailed MWh (as counted), solar and wind curtailed, battery charging and discharging MWh, solar generation MWh, intervals and hours held
# Sources: caiso_curtailment_daily, caiso_battery_storage, caiso_fuel_supply. Pearson r of curtailed_mwh with charging_mwh over these rows: 0.304485 (r squared 0.092711, the R2 of the charging-alone fit)
day,month,curtailed_mwh,curtailed_solar_mwh,curtailed_wind_mwh,charging_mwh,discharging_mwh,solar_mwh,battery_intervals,solar_hours
2025-08-24,2025-08,2036.8590000000002,1998.526,38.333,48199.416666666664,38733.916666666664,172551.25,288,24
2025-08-25,2025-08,3874.701,3745.157,129.544,41692.666666666664,36154.166666666664,141688.75,288,24
2025-08-26,2025-08,8934.41,8697.676,236.734,44335.416666666664,35031.416666666664,176527.0002,288,24
2025-08-27,2025-08,3545.184,3466.179,79.005,41571.08333333333,30895.166666666664,192309.6667,288,24
2025-08-28,2025-08,1839.9360000000001,1766.816,73.12,33449.166666666664,33166.83333333333,128106.41679999999,288,24
2025-08-29,2025-08,3887.211,3802.176,85.035,45254.83333333333,36555.58333333333,207852.5833,288,24
2025-08-30,2025-08,4583.253,4569.045,14.208,43614.25,39527.0,207206.3335,288,24
2025-08-31,2025-08,3397.153,3379.459,17.694,45526.666666666664,39816.666666666664,201027.6666,288,24
2025-09-01,2025-09,3318.247,3298.455,19.792,43887.166666666664,35850.0,198157.0833,288,24
2025-09-02,2025-09,1532.8319999999999,1520.897,11.935,36435.5,34252.666666666664,121858.7499,288,24
2025-09-03,2025-09,3626.566,3613.272,13.294,47026.33333333333,40255.916666666664,193451.1665,288,24
2025-09-04,2025-09,2868.888,2860.276,8.612,48041.0,35673.916666666664,181534.1665,288,24
2025-09-05,2025-09,5288.3550000000005,5281.027,7.328,43285.75,45137.33333333333,193133.4167,288,24
2025-09-06,2025-09,5007.614,4624.678,382.936,46957.166666666664,39259.25,198962.7499,288,24
2025-09-07,2025-09,6674.599999999999,6659.534,15.066,47096.0,43564.33333333333,196750.9166,288,24
2025-09-08,2025-09,6978.232,6834.302,143.93,48266.916666666664,42818.0,203686.4166,288,24
2025-09-09,2025-09,5896.146,5349.257,546.889,47814.0,39254.25,202359.2499,288,24
2025-09-10,2025-09,3943.7250000000004,3287.487,656.238,47781.25,40729.58333333333,198917.8333,288,24
2025-09-11,2025-09,7957.2029999999995,7195.44,761.763,44509.75,41212.33333333333,194029.5832,288,24
2025-09-12,2025-09,7639.632,6921.438,718.194,45671.08333333333,41164.416666666664,196849.9167,288,24
2025-09-13,2025-09,9133.532000000001,9131.814,1.718,47540.08333333333,39860.916666666664,196637.5834,288,24
2025-09-14,2025-09,23747.709,23484.948,262.761,46632.0,38620.75,182118.4165,288,24
2025-09-15,2025-09,14943.603000000001,14932.808,10.795,44679.666666666664,39961.08333333333,189694.4998,288,24
2025-09-16,2025-09,7179.552000000001,6793.037,386.515,40296.58333333333,38730.416666666664,191632.0834,288,24
2025-09-17,2025-09,1832.014,1822.732,9.282,41861.0,23872.583333333332,148057.7499,288,24
2025-09-18,2025-09,29.042,11.531,17.511,16989.333333333332,21396.083333333332,67546.4166,288,24
2025-09-19,2025-09,1149.079,1103.639,45.44,30618.25,29254.166666666664,142446.1667,288,24
2025-09-20,2025-09,4219.863,4168.051,51.812,42852.58333333333,37270.666666666664,190751.9999,288,24
2025-09-21,2025-09,1016.394,1007.224,9.17,41307.33333333333,26540.833333333332,130104.0834,288,24
2025-09-22,2025-09,4769.2210000000005,4687.93,81.291,40778.5,40079.08333333333,161499.9168,288,24
2025-09-23,2025-09,9802.837000000001,9270.37,532.467,40788.58333333333,39811.58333333333,173904.5833,288,24
2025-09-24,2025-09,4386.628,4344.298,42.33,37543.166666666664,35126.166666666664,152807.0001,288,24
2025-09-25,2025-09,5617.5380000000005,4009.306,1608.232,45984.83333333333,35094.666666666664,178569.5835,288,24
2025-09-26,2025-09,6573.918,5508.602,1065.316,46300.33333333333,37460.25,170570.75,288,24
2025-09-27,2025-09,1803.669,1803.573,0.096,41195.25,37980.33333333333,140851.3333,288,24
2025-09-28,2025-09,8166.631,8120.332,46.299,45640.25,39025.75,167341.8335,288,24
2025-09-29,2025-09,3787.203,3526.676,260.527,41797.5,37598.25,164284.8332,288,24
2025-09-30,2025-09,10743.693,7755.783,2987.91,45245.08333333333,42726.58333333333,175451.4168,288,24
2025-10-01,2025-10,7590.59,6939.075,651.515,46246.58333333333,43317.166666666664,179179.25,288,24
2025-10-02,2025-10,8298.131,8265.605,32.526,41518.166666666664,34560.58333333333,163300.3334,288,24
2025-10-03,2025-10,14926.436,10392.738,4533.698,48908.5,34211.75,166741.0834,288,24
2025-10-04,2025-10,37242.168,35878.411,1363.757,41725.25,38302.166666666664,154961.0834,288,24
2025-10-05,2025-10,12418.435000000001,12186.379,232.056,46906.0,47216.916666666664,174922.9169,288,24
2025-10-06,2025-10,3367.627,3185.363,182.264,47523.416666666664,41457.666666666664,178822.08359999998,288,24
2025-10-07,2025-10,1651.948,1651.756,0.192,49185.0,41732.0,174769.7499,288,24
2025-10-08,2025-10,2703.179,2616.658,86.521,50783.416666666664,41381.33333333333,171283.5831,288,24
2025-10-09,2025-10,3846.361,3842.814,3.547,35629.5,33926.166666666664,127434.0834,288,24
2025-10-10,2025-10,1755.5,1754.951,0.549,31700.666666666664,21984.583333333332,106565.5002,288,24
2025-10-11,2025-10,6748.864,6087.335,661.529,45021.25,39594.33333333333,152719.2501,288,24
2025-10-12,2025-10,10174.355,10105.8,68.555,47933.58333333333,44827.83333333333,157663.3333,288,24
2025-10-13,2025-10,2574.407,1025.502,1548.905,33687.5,27497.083333333332,126368.7499,288,24
2025-10-14,2025-10,1563.886,265.613,1298.273,34006.916666666664,26369.083333333332,99918.0,288,24
2025-10-15,2025-10,9714.097,8060.905,1653.192,45540.416666666664,39961.83333333333,153805.5001,288,24
2025-10-16,2025-10,9113.046,8836.649,276.397,49241.416666666664,37065.5,162801.3332,288,24
2025-10-17,2025-10,13926.335,13788.937,137.398,45584.666666666664,47687.416666666664,156586.9169,288,24
2025-10-18,2025-10,14897.261,14221.575,675.686,49207.33333333333,47324.25,152411.5001,288,24
2025-10-19,2025-10,22621.93,21824.502,797.428,50752.5,30407.999999999996,138250.1667,288,24
2025-10-20,2025-10,10749.17,10360.685,388.485,45897.08333333333,47498.75,155069.4164,288,24
2025-10-21,2025-10,3853.2889999999998,3699.955,153.334,39922.666666666664,39997.0,133867.2501,288,24
2025-10-22,2025-10,2129.343,1259.322,870.021,47447.666666666664,34941.33333333333,134196.4164,288,24
2025-10-23,2025-10,4745.4130000000005,4626.993,118.42,47586.0,42132.83333333333,155403.3334,288,24
2025-10-24,2025-10,4772.086,4763.747,8.339,45816.416666666664,37577.25,159011.8336,288,24
2025-10-25,2025-10,1328.448,1133.548,194.9,42989.5,37584.166666666664,145284.6666,288,24
2025-10-26,2025-10,24109.795,20027.745,4082.05,46171.5,34679.08333333333,135299.5833,288,24
2025-10-27,2025-10,5570.198,5283.362,286.836,48348.0,46182.58333333333,143341.3334,288,24
2025-10-28,2025-10,5111.5160000000005,4993.64,117.876,50106.416666666664,45390.416666666664,155870.75,288,24
2025-10-29,2025-10,3208.217,3192.237,15.98,50349.83333333333,43481.25,154285.167,288,24
2025-10-30,2025-10,4273.509,4257.389,16.12,48198.08333333333,46679.08333333333,152326.7501,288,24
2025-10-31,2025-10,1417.0240000000001,1412.217,4.807,50175.83333333333,37429.08333333333,149690.4999,288,24
2025-11-01,2025-11,259.375,259.167,0.208,44053.5,42546.33333333333,153816.9167,288,24
2025-11-03,2025-11,114.56099999999999,111.485,3.076,47203.5,40552.916666666664,141628.3333,288,24
2025-11-04,2025-11,2629.7540000000004,2438.03,191.724,50889.25,41370.166666666664,144786.4169,288,24
2025-11-05,2025-11,72.011,59.518,12.493,39857.166666666664,37560.75,114001.8334,288,24
2025-11-06,2025-11,6408.396000000001,5142.121,1266.275,49529.83333333333,42543.666666666664,134007.5,288,24
2025-11-07,2025-11,938.243,882.783,55.46,49977.5,45355.916666666664,142628.5834,288,24
2025-11-08,2025-11,2806.186,2791.51,14.676,45682.83333333333,39833.916666666664,141658.5832,288,24
2025-11-09,2025-11,1078.247,1038.337,39.91,45677.666666666664,38824.58333333333,142188.4998,288,24
2025-11-10,2025-11,2617.6459999999997,2159.073,458.573,45472.166666666664,35603.83333333333,135550.2498,288,24
2025-11-11,2025-11,37.745999999999995,2.815,34.931,37733.58333333333,37179.33333333333,94405.4169,288,24
2025-11-12,2025-11,79.50500000000001,72.638,6.867,27913.583333333332,24267.916666666664,69322.0,288,24
2025-11-13,2025-11,1848.182,1579.587,268.595,39988.08333333333,23385.5,102993.3332,288,24
2025-11-14,2025-11,42.474,0.116,42.358,16886.25,19424.416666666664,45175.5834,288,24
2025-11-15,2025-11,24.524,0.122,24.402,12328.583333333332,10309.333333333332,20412.1669,288,24
2025-11-16,2025-11,127.42399999999999,10.928,116.496,30988.166666666664,23708.75,65710.8334,288,24
2025-11-17,2025-11,1849.874,896.471,953.403,30680.25,22204.25,61093.3333,288,24
2025-11-18,2025-11,210.19,20.147,190.043,32860.166666666664,35409.0,85336.5832,288,24
2025-11-19,2025-11,585.752,583.198,2.554,38656.08333333333,34672.75,103167.25,288,24
2025-11-20,2025-11,124.751,20.083,104.668,37134.58333333333,27903.916666666664,78040.0835,288,24
2025-11-21,2025-11,16.744,11.309,5.435,21897.083333333332,25758.333333333332,32445.9999,288,24
2025-11-22,2025-11,44.547,14.904,29.643,25950.166666666664,22836.666666666664,52866.5,288,24
2025-11-23,2025-11,173.764,114.04,59.724,39366.666666666664,32762.666666666664,114257.3332,288,24
2025-11-24,2025-11,36.787,36.787,0.0,41655.666666666664,36575.33333333333,102145.5833,288,24
2025-11-25,2025-11,52.286,6.506,45.78,39984.666666666664,38799.416666666664,102938.8333,288,24
2025-11-26,2025-11,130.26,50.461,79.799,47692.5,39576.08333333333,111892.0832,288,24
2025-11-27,2025-11,49.03,49.03,0.0,39576.666666666664,30937.083333333332,87442.5834,288,24
2025-11-28,2025-11,3001.1890000000003,2660.092,341.097,41313.666666666664,39236.75,101127.4166,288,24
2025-11-29,2025-11,49.431,49.431,0.0,43187.08333333333,43953.5,95839.0001,288,24
2025-11-30,2025-11,102.029,42.366,59.663,32700.833333333332,26990.0,79632.0,288,24
2025-12-01,2025-12,778.657,221.135,557.522,49062.58333333333,39130.166666666664,107422.4164,288,24
2025-12-02,2025-12,208.664,130.339,78.325,42468.83333333333,35775.5,94811.5834,288,24
2025-12-03,2025-12,91.092,6.519,84.573,43574.83333333333,37885.75,99025.1668,288,24
2025-12-04,2025-12,2499.906,2395.848,104.058,42780.916666666664,34266.5,95952.1667,288,24
2025-12-05,2025-12,119.32000000000001,6.114,113.206,39843.166666666664,41363.166666666664,100367.4167,288,24
2025-12-06,2025-12,185.303,8.457,176.846,40426.25,38204.08333333333,96804.9167,288,24
2025-12-07,2025-12,27.371,0.145,27.226,38970.08333333333,31031.0,94659.6667,288,24
2025-12-08,2025-12,963.44,839.619,123.821,43757.75,37536.166666666664,94030.0002,288,24
2025-12-09,2025-12,622.335,123.043,499.292,46276.58333333333,39281.58333333333,99401.2497,288,24
2025-12-10,2025-12,2719.497,2681.448,38.049,43832.416666666664,33885.33333333333,95097.2501,288,24
2025-12-11,2025-12,745.494,730.063,15.431,43008.83333333333,37105.25,98233.2502,288,24
2025-12-12,2025-12,174.169,166.61,7.559,42784.0,41952.33333333333,95926.2499,288,24
2025-12-13,2025-12,196.286,194.858,1.428,45868.08333333333,38881.5,95972.7502,288,24
2025-12-14,2025-12,44.436,43.64,0.796,43243.666666666664,40475.75,82386.3334,288,24
2025-12-15,2025-12,86.947,84.541,2.406,48109.5,39300.58333333333,98054.9999,288,24
2025-12-16,2025-12,669.88,660.742,9.138,46307.08333333333,37404.33333333333,93944.25,288,24
2025-12-17,2025-12,823.298,670.407,152.891,45168.666666666664,34407.25,93711.83320000001,288,24
2025-12-18,2025-12,185.978,152.75,33.228,28631.416666666664,35899.5,80915.5832,288,24
2025-12-19,2025-12,124.145,43.535,80.61,46349.33333333333,32550.166666666664,98196.6667,288,24
2025-12-20,2025-12,303.249,219.004,84.245,43869.0,41905.5,98291.75,288,24
2025-12-21,2025-12,1223.336,1184.808,38.528,45589.75,31290.833333333332,97601.8333,288,24
2025-12-22,2025-12,582.198,580.433,1.765,36218.5,32281.666666666664,84298.8334,288,24
2025-12-23,2025-12,269.449,215.51,53.939,19757.166666666664,18831.166666666664,37818.2499,288,24
2025-12-24,2025-12,224.57999999999998,103.154,121.426,12703.833333333332,8675.583333333332,20460.1665,288,24
2025-12-25,2025-12,6179.741,4768.572,1411.169,38529.83333333333,17051.416666666664,68627.0833,288,24
2025-12-26,2025-12,1181.181,836.883,344.298,19864.25,27802.583333333332,52638.2501,288,24
2025-12-27,2025-12,5766.672,5241.432,525.24,44085.166666666664,47254.08333333333,100873.4165,288,24
2025-12-28,2025-12,381.914,273.983,107.931,48162.58333333333,45076.83333333333,96334.5833,288,24
2025-12-29,2025-12,1469.871,1246.778,223.093,50594.5,34823.666666666664,111522.7501,288,24
2025-12-30,2025-12,366.956,64.684,302.272,13301.416666666666,20197.833333333332,43048.5832,288,24
2025-12-31,2025-12,70.318,30.159,40.159,11064.416666666666,9393.083333333332,15142.9164,288,24
2026-01-01,2026-01,117.74300000000001,2.418,115.325,30348.333333333332,17279.416666666664,45546.0,288,24
2026-01-02,2026-01,87.798,81.919,5.879,32762.583333333332,27271.833333333332,65600.0001,288,24
2026-01-03,2026-01,54.213,44.576,9.637,21113.833333333332,20162.166666666664,40268.1665,288,24
2026-01-04,2026-01,78.512,72.435,6.077,37142.5,25909.416666666664,59989.5834,288,24
2026-01-05,2026-01,902.089,792.676,109.413,42089.666666666664,38434.916666666664,92260.66679999999,288,24
2026-01-06,2026-01,1014.9069999999999,1014.905,0.002,42585.83333333333,37611.58333333333,80237.667,288,24
2026-01-07,2026-01,275.911,151.336,124.575,38783.416666666664,34806.916666666664,77854.8336,288,24
2026-01-08,2026-01,738.201,339.929,398.272,51226.25,44934.58333333333,107962.0001,288,24
2026-01-09,2026-01,4580.593,4121.619,458.974,53964.33333333333,48139.08333333333,123318.9167,288,24
2026-01-10,2026-01,1247.263,968.944,278.319,52808.25,47877.166666666664,126720.99979999999,288,24
2026-01-11,2026-01,1101.835,846.396,255.439,52587.25,40678.83333333333,126586.9166,288,24
2026-01-12,2026-01,1405.15,961.796,443.354,52693.58333333333,50434.33333333333,124071.9166,288,24
2026-01-13,2026-01,2382.378,1571.135,811.243,52619.25,44014.08333333333,125157.00020000001,288,24
2026-01-14,2026-01,1613.76,893.584,720.176,50394.416666666664,46471.416666666664,122701.5833,288,24
2026-01-15,2026-01,1247.367,1212.925,34.442,53044.5,45268.5,122816.6666,288,24
2026-01-16,2026-01,271.366,177.549,93.817,51349.08333333333,45421.25,124032.8332,288,24
2026-01-17,2026-01,214.809,98.395,116.414,49861.666666666664,45993.58333333333,115042.6668,288,24
2026-01-18,2026-01,119.249,119.249,0.0,48053.83333333333,41688.75,104308.5833,288,24
2026-01-19,2026-01,119.20400000000001,21.304,97.9,43704.916666666664,40531.75,113195.1667,288,24
2026-01-20,2026-01,62.511,1.664,60.847,45927.916666666664,36778.416666666664,103654.5,288,24
2026-01-21,2026-01,81.417,81.417,0.0,28122.083333333332,27763.583333333332,63045.6667,288,24
2026-01-22,2026-01,126.129,126.129,0.0,42331.916666666664,26807.666666666664,79307.4166,288,24
2026-01-23,2026-01,45.86,28.679,17.181,37190.33333333333,33174.25,103463.9166,288,24
2026-01-24,2026-01,6.458,6.4,0.058,45396.08333333333,47990.0,96304.2501,288,24
2026-01-25,2026-01,278.844,263.418,15.426,52906.33333333333,33461.08333333333,109145.0833,288,24
2026-01-26,2026-01,3831.87,3536.323,295.547,49495.166666666664,44744.5,101507.2501,288,24
2026-01-27,2026-01,451.582,338.655,112.927,51221.08333333333,52495.916666666664,135409.4166,288,24
2026-01-28,2026-01,156.51600000000002,123.284,33.232,50039.416666666664,35432.666666666664,107199.75,288,24
2026-01-29,2026-01,888.369,568.596,319.773,51792.33333333333,50788.416666666664,136536.4165,288,24
2026-01-30,2026-01,787.337,701.751,85.586,51869.166666666664,43887.0,137930.7499,288,24
2026-01-31,2026-01,2283.623,2176.618,107.005,52110.5,46514.25,134269.7499,288,24
2026-02-01,2026-02,3287.438,3256.154,31.284,52664.416666666664,39414.08333333333,128007.25009999999,288,24
2026-02-02,2026-02,448.239,405.0,43.239,49640.166666666664,51119.916666666664,135476.1666,288,24
2026-02-03,2026-02,2037.331,1861.512,175.819,54742.75,47881.166666666664,145014.5835,288,24
2026-02-04,2026-02,1610.465,1390.099,220.366,53853.166666666664,45212.0,141662.5835,288,24
2026-02-05,2026-02,191.78099999999998,21.325,170.456,33915.416666666664,37629.0,95918.5833,288,24
2026-02-06,2026-02,116.993,116.993,0.0,53311.58333333333,33849.08333333333,130128.0834,288,24
2026-02-07,2026-02,6370.7210000000005,6331.688,39.033,48631.25,45322.416666666664,142233.4999,288,24
2026-02-08,2026-02,13023.755,12836.533,187.222,52138.33333333333,42500.58333333333,138664.0,288,24
2026-02-09,2026-02,1182.672,135.92,1046.752,44315.75,42852.08333333333,108480.9167,288,24
2026-02-10,2026-02,0.729,0.729,0.0,26236.666666666664,24142.166666666664,69374.7501,288,24
2026-02-11,2026-02,1985.706,547.616,1438.09,40894.416666666664,31889.333333333332,85229.5833,288,24
2026-02-12,2026-02,1602.025,1591.351,10.674,49153.83333333333,48778.416666666664,141837.0834,288,24
2026-02-13,2026-02,768.742,768.742,0.0,49808.5,46477.166666666664,142485.9167,288,24
2026-02-14,2026-02,17393.107,17065.424,327.683,54574.58333333333,41489.25,130565.0001,288,24
2026-02-15,2026-02,984.719,984.719,0.0,48898.0,39827.75,119003.6667,288,24
2026-02-16,2026-02,95.67699999999999,95.442,0.235,19906.75,17756.833333333332,55853.4166,288,24
2026-02-17,2026-02,11447.021999999999,11286.882,160.14,42463.666666666664,38052.08333333333,114796.0001,288,24
2026-02-18,2026-02,2927.898,2383.132,544.766,46636.416666666664,41209.916666666664,128973.7499,288,24
2026-02-19,2026-02,7830.853999999999,5610.906,2219.948,43249.25,38060.166666666664,105428.0,288,24
2026-02-20,2026-02,5519.693,5519.693,0.0,49381.0,42664.58333333333,133886.1666,288,24
2026-02-21,2026-02,35656.015999999996,34017.077,1638.939,52249.58333333333,45484.666666666664,148022.2503,288,24
2026-02-22,2026-02,41666.06,40893.06,773.0,53086.166666666664,44773.08333333333,134614.8332,288,24
2026-02-23,2026-02,14132.72,14132.612,0.108,50965.33333333333,48362.166666666664,150580.9166,288,24
2026-02-24,2026-02,17798.419,16760.419,1038.0,49413.166666666664,45455.666666666664,134214.6667,288,24
2026-02-25,2026-02,17500.977,16261.571,1239.406,53532.08333333333,42403.08333333333,138213.3333,288,24
2026-02-26,2026-02,22601.615999999998,22067.692,533.924,50106.08333333333,47986.58333333333,139766.25,288,24
2026-02-27,2026-02,12196.623,12162.305,34.318,53591.666666666664,42328.08333333333,155122.6667,288,24
2026-02-28,2026-02,2336.116,2323.722,12.394,50012.83333333333,53792.25,162142.5001,288,24
2026-03-01,2026-03,9152.266,8323.409,828.857,55154.08333333333,44093.33333333333,155219.5001,288,24
2026-03-02,2026-03,13369.078000000001,11874.127,1494.951,54183.5,42709.0,152702.4168,288,24
2026-03-03,2026-03,14603.829,14578.544,25.285,51762.25,52304.5,169523.2497,288,24
2026-03-04,2026-03,31126.105,28545.44,2580.665,53325.5,37030.416666666664,143665.6666,288,24
2026-03-05,2026-03,61577.729,56267.36,5310.369,52429.166666666664,45183.166666666664,129547.9167,288,24
2026-03-06,2026-03,37106.240000000005,33116.766,3989.474,51950.416666666664,53040.916666666664,140901.8335,288,24
2026-03-07,2026-03,79989.66,69503.345,10486.315,54108.25,36990.58333333333,110179.8332,288,24
2026-03-09,2026-03,23500.196000000004,23026.866,473.33,53794.416666666664,48568.5,151750.3337,288,24
2026-03-10,2026-03,31905.651,29161.667,2743.984,55665.08333333333,44628.5,157251.6666,288,24
2026-03-11,2026-03,46580.188,45847.423,732.765,56364.166666666664,51159.75,148190.25,288,24
2026-03-12,2026-03,28369.632,27294.687,1074.945,54336.83333333333,56624.08333333333,174861.9168,288,24
2026-03-13,2026-03,15454.351,15156.057,298.294,50520.916666666664,42776.33333333333,162029.5002,288,24
2026-03-14,2026-03,50569.56,44751.666,5817.894,59075.83333333333,38275.08333333333,143018.6668,288,24
2026-03-15,2026-03,33899.692,32304.398,1595.294,52212.0,55044.33333333333,158550.0833,288,24
2026-03-16,2026-03,10958.89,10955.179,3.711,56061.5,49533.08333333333,186535.0831,288,24
2026-03-17,2026-03,15921.419,15845.739,75.68,52821.08333333333,50384.08333333333,183412.5833,288,24
2026-03-18,2026-03,5027.392,5018.83,8.562,52937.74999999999,44002.0,194419.6668,288,24
2026-03-19,2026-03,16352.791,16313.719,39.072,53154.5,47631.5,191123.8334,288,24
2026-03-20,2026-03,11916.548,11906.387,10.161,52777.166666666664,45980.33333333333,198111.3335,288,24
2026-03-21,2026-03,9643.302,9313.503,329.799,56572.5,43089.83333333333,177402.6667,288,24
2026-03-22,2026-03,7275.06,7259.889,15.171,53309.916666666664,41232.33333333333,181105.9168,288,24
2026-03-23,2026-03,11178.565,11019.09,159.475,54094.0,51372.666666666664,197902.8332,288,24
2026-03-24,2026-03,11500.479,11457.898,42.581,57644.33333333333,48521.666666666664,196448.6666,288,24
2026-03-25,2026-03,35190.86,32831.399,2359.461,55468.166666666664,45135.666666666664,179553.5833,288,24
2026-03-26,2026-03,22541.01,21862.354,678.656,53892.83333333333,52962.08333333333,183642.0,288,24
2026-03-27,2026-03,12642.291000000001,12594.379,47.912,54352.08333333333,43247.666666666664,177122.3335,288,24
2026-03-28,2026-03,39058.305,37152.515,1905.79,53544.5,51433.416666666664,166567.5832,288,24
2026-03-29,2026-03,22753.691,22170.174,583.517,54282.0,47528.416666666664,177770.1665,288,24
2026-03-30,2026-03,267.943,219.051,48.892,52985.416666666664,45766.83333333333,150675.25,288,24
2026-03-31,2026-03,76.20700000000001,17.443,58.764,26000.833333333332,22804.583333333332,62317.6668,288,24
2026-04-01,2026-04,24148.017,18622.654,5525.363,52077.08333333333,38976.5,178012.5835,288,24
2026-04-02,2026-04,36968.238,27371.666,9596.572,53294.166666666664,33627.666666666664,144403.75,288,24
2026-04-03,2026-04,87306.747,79993.201,7313.546,48646.5,46320.666666666664,135529.667,288,24
2026-04-04,2026-04,63832.838,61152.779,2680.059,52774.33333333333,57167.75,154389.2502,288,24
2026-04-05,2026-04,42783.615999999995,42394.488,389.128,54639.916666666664,44349.666666666664,169050.3333,288,24
2026-04-06,2026-04,14759.969,14071.195,688.774,53571.58333333333,43409.75,165965.0835,288,24
2026-04-07,2026-04,63582.607,59826.584,3756.023,52389.916666666664,46810.83333333333,174494.4167,288,24
2026-04-08,2026-04,39684.6,35292.358,4392.242,53741.25,49351.0,199565.4999,288,24
2026-04-09,2026-04,9350.619,3889.35,5461.269,51625.58333333333,44944.75,179865.1669,288,24
2026-04-10,2026-04,8318.529999999999,7905.288,413.242,53555.83333333333,45385.666666666664,187095.8333,288,24
2026-04-11,2026-04,71178.999,63772.409,7406.59,53827.58333333333,39233.166666666664,150921.5001,288,24
2026-04-12,2026-04,35655.884,31576.362,4079.522,47729.58333333333,38223.916666666664,135099.2498,288,24
2026-04-13,2026-04,44692.817,38639.142,6053.675,47975.33333333333,43956.0,150312.7499,288,24
2026-04-14,2026-04,83804.246,80729.922,3074.324,49279.5,48887.33333333333,159669.4167,288,24
2026-04-15,2026-04,61228.926,59344.669,1884.257,55411.83333333333,49337.25,165763.8333,288,24
2026-04-16,2026-04,48279.025,40976.921,7302.104,55649.25,43303.08333333333,144866.8335,288,24
2026-04-17,2026-04,62464.159,59973.065,2491.094,56279.83333333333,54333.83333333333,178661.4168,288,24
2026-04-18,2026-04,56079.507,55074.269,1005.238,56712.25,51900.5,172996.6668,288,24
2026-04-19,2026-04,26996.056,26291.037,705.019,56866.99999999999,42655.08333333333,174426.4998,288,24
2026-04-20,2026-04,44890.045,43796.212,1093.833,48824.83333333333,48435.08333333333,188011.5,288,24
2026-04-21,2026-04,12988.199999999999,12399.514,588.686,47264.666666666664,35481.83333333333,173795.5834,288,24
2026-04-22,2026-04,98533.387,89577.554,8955.833,50649.25,42308.58333333333,133421.1665,288,24
2026-04-23,2026-04,86698.171,84690.705,2007.466,48098.75,40430.416666666664,145586.4999,288,24
2026-04-24,2026-04,65735.52100000001,60378.656,5356.865,52372.75,48120.166666666664,163211.3332,288,24
2026-04-25,2026-04,3956.1749999999997,3922.256,33.919,44252.25,38425.08333333333,129502.7499,288,24
2026-04-26,2026-04,51471.354999999996,43037.865,8433.49,54125.75,43709.58333333333,132315.2502,288,24
2026-04-27,2026-04,67679.224,58286.206,9393.018,44123.25,36749.666666666664,142447.0001,288,24
2026-04-28,2026-04,73633.272,72750.261,883.011,48289.25,44553.08333333333,163823.7499,288,24
2026-04-29,2026-04,42132.484000000004,42003.156,129.328,52247.5,50116.33333333333,195012.6666,288,24
2026-04-30,2026-04,31164.8,30955.511,209.289,50193.916666666664,45805.58333333333,203923.4166,288,24
2026-05-01,2026-05,38345.969000000005,38197.052,148.917,54193.08333333333,47756.416666666664,203760.0,288,24
2026-05-02,2026-05,25289.71,24884.427,405.283,54943.916666666664,46400.83333333333,209673.75,288,24
2026-05-03,2026-05,43723.047,40501.492,3221.555,52235.916666666664,37199.0,185756.9999,288,24
2026-05-04,2026-05,8959.585,7672.248,1287.337,44961.5,42129.416666666664,144349.5832,288,24
2026-05-05,2026-05,42512.429000000004,34823.843,7688.586,47586.08333333333,38060.5,144910.6664,288,24
2026-05-06,2026-05,80045.49399999999,78038.242,2007.252,53878.75,49912.58333333333,168551.5832,288,24
2026-05-07,2026-05,42581.986000000004,41678.802,903.184,52217.666666666664,50814.416666666664,204823.9999,288,24
2026-05-08,2026-05,49852.297,46286.327,3565.97,55645.75,49298.58333333333,204229.6665,288,24
2026-05-09,2026-05,52168.454,50351.88,1816.574,56006.416666666664,49566.75,199077.2499,288,24
2026-05-10,2026-05,66685.227,65496.0,1189.227,55904.83333333333,39417.0,182890.9165,288,24
2026-05-11,2026-05,12094.032,12094.008,0.024,48477.25,52409.916666666664,233362.1666,288,24
2026-05-12,2026-05,8749.176,8652.302,96.874,49300.83333333333,44334.75,222632.9998,288,24
2026-05-13,2026-05,45685.146,42345.841,3339.305,56941.416666666664,40367.75,204236.25,288,24
2026-05-14,2026-05,63666.09,59859.452,3806.638,55137.33333333333,49101.83333333333,191803.4999,288,24
2026-05-15,2026-05,64523.322,59250.594,5272.728,55173.25,48984.666666666664,194817.75,288,24
2026-05-16,2026-05,81942.42599999999,71128.332,10814.094,54245.916666666664,40482.0,177804.8334,288,24
2026-05-17,2026-05,112882.332,98685.462,14196.87,49185.416666666664,37799.916666666664,146684.5,288,24
2026-05-18,2026-05,82167.313,79316.018,2851.295,47935.916666666664,52733.5,171455.1669,288,24
2026-05-19,2026-05,39611.906,38254.315,1357.591,55636.416666666664,46552.416666666664,210862.1666,288,24
2026-05-20,2026-05,16986.662,16944.091,42.571,51753.5,54126.0,231074.4999,288,24
2026-05-21,2026-05,16090.814,16090.808,0.006,55171.08333333333,44584.08333333333,236861.5835,288,24
2026-05-22,2026-05,24497.285,24440.64,56.645,55806.0,48318.916666666664,226601.2499,288,24
2026-05-23,2026-05,32604.224000000002,32095.808,508.416,56723.166666666664,48382.5,218349.9167,288,24
2026-05-24,2026-05,37440.011999999995,34858.937,2581.075,55801.666666666664,48190.33333333333,215124.1665,288,24
2026-05-25,2026-05,52830.609000000004,48566.476,4264.133,56374.25,43915.5,201908.9167,288,24
2026-05-26,2026-05,21123.656000000003,19612.08,1511.576,46174.83333333333,47260.08333333333,182931.6667,288,24
2026-05-27,2026-05,51199.200000000004,47271.989,3927.211,53907.33333333333,40558.75,176249.6669,288,24
2026-05-28,2026-05,18796.674,18588.745,207.929,45814.75,41293.0,168848.8333,288,24
2026-05-29,2026-05,55661.447,49681.24,5980.207,56522.166666666664,38888.25,181090.1668,288,24
2026-05-30,2026-05,96157.932,92443.229,3714.703,51149.416666666664,49527.58333333333,160241.8333,288,24
2026-05-31,2026-05,64110.054,63234.95,875.104,53963.166666666664,48088.416666666664,189929.4167,288,24
2026-06-01,2026-06,22441.096999999998,19928.956,2512.141,53439.25,55684.33333333333,233746.8333,288,24
2026-06-02,2026-06,23921.879,21725.108,2196.771,52526.666666666664,45224.416666666664,221902.7501,288,24
2026-06-03,2026-06,9163.664999999999,9113.856,49.809,55665.83333333333,45308.83333333333,234189.25,288,24
2026-06-04,2026-06,10548.327000000001,10502.877,45.45,54718.166666666664,50008.33333333333,243299.0001,288,24
2026-06-05,2026-06,16112.47,16111.223,1.247,54515.83333333333,47346.916666666664,239202.3333,288,24
2026-06-06,2026-06,29287.574,27105.505,2182.069,56029.08333333333,43040.666666666664,202703.5001,288,24
2026-06-07,2026-06,65530.836,60709.334,4821.502,55610.416666666664,49749.75,186479.3334,288,24
2026-06-08,2026-06,13122.417,12662.812,459.605,51899.166666666664,48147.08333333333,232204.5834,288,24
2026-06-09,2026-06,50811.756,47691.775,3119.981,55232.33333333333,48180.166666666664,207753.3333,288,24
2026-06-10,2026-06,12400.716,12244.316,156.4,56531.666666666664,48603.416666666664,245000.1667,288,24
2026-06-11,2026-06,4641.694,4630.415,11.279,56152.58333333333,50839.75,234878.4999,288,24
2026-06-12,2026-06,6993.769,6993.212,0.557,43409.58333333333,41884.08333333333,231127.5834,288,24
2026-06-13,2026-06,3677.258,3677.178,0.08,59786.33333333333,49980.666666666664,248910.2502,288,24
2026-06-14,2026-06,7014.728,6975.691,39.037,58678.666666666664,47688.75,247543.8335,288,24
2026-06-15,2026-06,6424.671,6376.43,48.241,56659.916666666664,46729.75,247491.0003,288,24
2026-06-16,2026-06,4954.482,4875.912,78.57,55118.0,50469.83333333333,242551.0833,288,24
2026-06-17,2026-06,10348.422999999999,9946.748,401.675,54910.33333333333,46757.08333333333,242846.7501,288,24
2026-06-18,2026-06,5678.792,5581.877,96.915,54202.58333333333,48378.666666666664,248157.3331,288,24
2026-06-19,2026-06,9955.076,9823.41,131.666,61487.33333333333,44974.75,247473.8333,288,24
2026-06-20,2026-06,40986.907999999996,38674.136,2312.772,61353.916666666664,54973.83333333333,223924.9169,288,24
2026-06-21,2026-06,38618.54,37676.812,941.728,56116.416666666664,55552.0,226875.7499,288,24
2026-06-22,2026-06,8596.992,8567.297,29.695,56650.75,48652.75,251857.2503,288,24
2026-06-23,2026-06,3245.855,3211.371,34.484,52940.33333333333,53013.5,232129.8334,288,24
2026-06-24,2026-06,2527.781,2512.623,15.158,47952.666666666664,35168.0,220193.4998,288,24
2026-06-25,2026-06,6294.43,6116.738,177.692,60191.25,49661.416666666664,247622.5001,288,24
2026-06-26,2026-06,5433.202,4843.621,589.581,60173.416666666664,46950.08333333333,237865.6665,288,24
2026-06-27,2026-06,50695.014,44053.069,6641.945,62113.33333333333,54891.75,205405.4165,288,24
2026-06-28,2026-06,79239.677,71257.813,7981.864,60814.916666666664,50555.08333333333,185737.9168,288,24
2026-06-29,2026-06,28039.349000000002,27138.348,901.001,53137.416666666664,52501.33333333333,230274.5001,288,24
2026-06-30,2026-06,23375.016,22771.568,603.448,58778.0,44241.166666666664,229702.1668,288,24
2026-07-01,2026-07,28237.274,24756.662,3480.612,53157.75,45958.416666666664,235521.25,288,24
2026-07-02,2026-07,11552.426,11188.837,363.589,59436.5,53430.166666666664,247181.25,288,24
2026-07-03,2026-07,12753.088000000002,12254.968,498.12,57501.416666666664,55245.83333333333,243030.3335,288,24
2026-07-04,2026-07,1598.089,1582.615,15.474,56761.25,50589.83333333333,196301.2501,288,24
2026-07-05,2026-07,3305.2430000000004,3259.914,45.329,59332.0,49715.75,226202.0834,288,24
2026-07-06,2026-07,3216.936,3124.172,92.764,54737.58333333333,46490.33333333333,251482.9168,288,24
2026-07-07,2026-07,3220.078,3162.563,57.515,51647.666666666664,48445.916666666664,247011.8333,288,24
2026-07-08,2026-07,7428.019,6939.606,488.413,56493.75,42631.08333333333,240855.3333,288,24
2026-07-09,2026-07,9745.568000000001,9412.762,332.806,54938.33333333333,52844.5,245871.0001,288,24
2026-07-10,2026-07,4087.307,4047.473,39.834,57173.08333333333,43174.25,248473.5,288,24
2026-07-11,2026-07,3852.4410000000003,3852.186,0.255,57460.5,50820.166666666664,230440.4168,288,24
2026-07-12,2026-07,2801.032,2801.029,0.003,41392.166666666664,39163.83333333333,149405.8334,288,24
2026-07-13,2026-07,508.07399999999996,508.037,0.037,32379.999999999996,25220.583333333332,140540.1665,288,24
2026-07-14,2026-07,4001.362,3999.659,1.703,53145.916666666664,46452.0,223945.2501,288,24
2026-07-15,2026-07,5171.486000000001,4572.042,599.444,53401.916666666664,43805.916666666664,231396.6668,288,24
2026-07-16,2026-07,5432.915,4888.42,544.495,43024.5,34141.75,194594.8333,288,24
2026-07-17,2026-07,2247.2760000000003,2139.485,107.791,51567.5,41966.916666666664,213657.3336,288,24
2026-07-18,2026-07,4429.286,4316.102,113.184,57477.416666666664,49543.666666666664,225267.3336,288,24
2026-07-19,2026-07,2110.211,2043.619,66.592,53319.75,52554.75,200186.2499,288,24
2026-07-20,2026-07,2846.451,2745.19,101.261,40415.5,32197.249999999996,187444.4166,288,24
2026-07-21,2026-07,10212.239,8434.005,1778.234,52374.75,44840.83333333333,197248.5834,288,24
2026-07-22,2026-07,24440.59,20717.388,3723.202,58590.75,42249.83333333333,216525.1667,288,24
2026-07-23,2026-07,12187.943,11722.113,465.83,50540.5,48445.25,231694.8333,288,24
2026-07-24,2026-07,9374.169,8925.566,448.603,45994.33333333333,41527.83333333333,229435.6667,288,24
2026-07-25,2026-07,2382.1659999999997,2279.276,102.89,58352.25,45115.666666666664,233499.9997,288,24
2026-07-26,2026-07,2880.935,2802.151,78.784,56044.166666666664,52374.916666666664,189513.0833,288,24
2026-07-27,2026-07,10004.217,9874.914,129.303,58377.416666666664,46220.5,237827.7499,288,24
2026-07-28,2026-07,13162.937,13082.175,80.762,54411.0,38804.25,225044.7499,288,24
2026-07-29,2026-07,15518.172,15339.483,178.689,51025.5,49378.75,233870.75,288,24
2026-07-30,2026-07,10682.539,10551.874,130.665,58543.25,54802.58333333333,242235.0832,288,24
2026-07-31,2026-07,11680.423,11633.932,46.491,56612.916666666664,51783.33333333333,238159.6666,288,24
2026-08-01,2026-08,9048.795,9015.774,33.021,59162.166666666664,48270.416666666664,238509.4167,288,24
2026-08-02,2026-08,9412.241,9402.53,9.711,59132.916666666664,53401.416666666664,237651.4999,288,24
2026-08-03,2026-08,8493.346,7580.239,913.107,59612.0,51558.08333333333,240809.0833,288,24
2026-08-04,2026-08,7830.562,7803.134,27.428,58826.08333333333,47291.25,228233.3332,288,24
2026-08-05,2026-08,6175.246,6126.405,48.841,60570.416666666664,55126.08333333333,222761.0,288,24
2026-08-06,2026-08,4120.536999999999,4098.583,21.954,53759.5,49401.166666666664,206365.0834,288,24
2026-08-07,2026-08,3747.672,3315.273,432.399,55325.25,47235.75,221384.9998,288,24
2026-08-08,2026-08,2646.02,2599.312,46.708,58422.916666666664,50298.08333333333,231134.8333,288,24
2026-08-09,2026-08,3984.786,3941.621,43.165,53636.75,47349.58333333333,217903.4167,288,24
2026-08-10,2026-08,1438.7160000000001,1387.295,51.421,56364.08333333333,44173.666666666664,206355.5834,288,24
2026-08-11,2026-08,2016.689,1971.201,45.488,49975.666666666664,42532.916666666664,175300.0832,288,24
2026-08-12,2026-08,7161.979,7147.17,14.809,59375.75,43684.0,204089.0001,288,24
2026-08-13,2026-08,2983.128,2924.201,58.927,53233.916666666664,38102.0,198035.6667,288,24
2026-08-14,2026-08,11867.655,9589.546,2278.109,53390.166666666664,50209.75,222584.8332,288,24
2026-08-15,2026-08,14072.562,11389.341,2683.221,57283.916666666664,57707.83333333333,226771.8333,288,24
2026-08-16,2026-08,5900.822,5900.528,0.294,60434.83333333333,49294.75,225090.1667,288,24
2026-08-17,2026-08,6514.312,6502.253,12.059,57485.416666666664,53715.916666666664,232419.25,288,24
2026-08-18,2026-08,5075.487999999999,5027.556,47.932,56822.416666666664,51199.58333333333,229114.5834,288,24
2026-08-19,2026-08,9412.253999999999,9409.008,3.246,57963.5,49528.0,236902.1665,288,24
2026-08-20,2026-08,2290.057,2259.399,30.658,51516.166666666664,48316.166666666664,206464.6667,288,24
2026-08-22,2026-08,3231.5769999999998,3067.281,164.296,59827.08333333333,46358.08333333333,231194.5831,288,24
2026-08-23,2026-08,4729.331,4718.368,10.963,57008.5,54985.83333333333,224984.9166,288,24
2026-08-24,2026-08,2361.482,2332.113,29.369,59295.75,49134.25,213005.9999,288,24
2026-08-25,2026-08,2469.51,2468.121,1.389,56074.75,47535.0,214860.9165,288,24
2026-08-26,2026-08,1656.4399999999998,1645.427,11.013,48163.166666666664,41766.25,207452.2502,288,24
2026-08-27,2026-08,47.11,46.859,0.251,41712.08333333333,36410.416666666664,120675.0,288,24
2026-08-28,2026-08,229.779,213.527,16.252,53984.666666666664,38767.75,168846.9168,288,24
2026-08-29,2026-08,1818.461,1652.395,166.066,47920.25,38957.75,197032.4165,288,24
2026-08-30,2026-08,2247.415,2203.726,43.689,54673.25,50151.166666666664,210069.8333,288,24
2026-08-31,2026-08,5562.876,4930.686,632.19,58916.5,44485.58333333333,220353.8336,288,24
2026-09-01,2026-09,7898.429999999999,7750.797,147.633,57449.416666666664,52544.08333333333,226961.4166,288,24
2026-09-02,2026-09,16339.046,15944.453,394.593,57887.166666666664,51428.0,220002.1667,288,24
2026-09-03,2026-09,7465.51,7244.559,220.951,54536.666666666664,52667.5,216684.6667,288,24
2026-09-04,2026-09,3749.471,3646.779,102.692,59251.666666666664,46878.166666666664,220397.0003,288,24
2026-09-05,2026-09,3016.243,3008.927,7.316,54587.33333333333,46121.166666666664,186467.1667,288,24
2026-09-06,2026-09,1550.0330000000001,1499.757,50.276,36758.83333333333,32462.166666666664,110819.4166,288,24
2026-09-07,2026-09,1241.147,1241.144,0.003,47516.166666666664,41564.166666666664,167699.0833,288,24
2026-09-08,2026-09,3142.3480000000004,3142.347,0.001,53986.08333333333,45307.08333333333,177861.5831,288,24
2026-09-09,2026-09,8072.331,8072.33,0.001,56819.25,44566.916666666664,184883.8333,288,24
2026-09-10,2026-09,3449.3520000000003,3419.34,30.012,52416.5,39748.75,198821.9166,288,24
2026-09-11,2026-09,5689.996,5014.937,675.059,48815.0,51022.416666666664,217833.2501,288,24
2026-09-12,2026-09,5312.289,5282.713,29.576,53997.33333333333,47551.25,218174.9168,288,24
2026-09-13,2026-09,8749.097,8662.476,86.621,59078.666666666664,47690.08333333333,219121.1668,288,24
2026-09-14,2026-09,5314.509,5312.704,1.805,54646.58333333333,51591.25,216226.0835,288,24
2026-09-15,2026-09,4527.808,4515.835,11.973,59182.83333333333,43495.666666666664,207009.4999,288,24
2026-09-16,2026-09,2908.937,2835.634,73.303,54977.75,50142.33333333333,204197.6668,288,24
2026-09-17,2026-09,7060.675,7047.372,13.303,55925.83333333333,49230.666666666664,204429.4166,288,24
2026-09-18,2026-09,18362.576999999997,18047.154,315.423,52422.25,45704.166666666664,208567.6665,288,24
2026-09-19,2026-09,9305.905999999999,9244.946,60.96,53042.58333333333,50045.58333333333,210043.5834,288,24
2026-09-20,2026-09,1477.247,1430.67,46.577,50975.75,43114.33333333333,157451.8333,288,24
2026-09-21,2026-09,2251.197,2251.197,0.0,53071.166666666664,41912.5,173198.8334,288,24
2026-09-23,2026-09,3187.3039999999996,3178.95,8.354,51297.75,50052.666666666664,207471.3334,288,24
2026-09-24,2026-09,952.697,885.235,67.462,43921.0,33752.08333333333,158801.4168,288,24
2026-09-25,2026-09,8427.512999999999,8210.114,217.399,54558.83333333333,44017.58333333333,198429.5834,288,24
2026-09-26,2026-09,2276.079,2246.54,29.539,52173.75,51170.416666666664,196368.8334,288,24
2026-09-27,2026-09,3469.574,3323.868,145.706,30526.25,25046.916666666664,112747.2499,288,24
2026-09-28,2026-09,6187.519,5958.048,229.471,49790.666666666664,32914.0,162504.5833,288,24
2026-09-29,2026-09,2768.659,2632.702,135.957,53331.33333333333,46875.166666666664,184333.7501,288,24
2026-09-30,2026-09,9351.838,9351.697,0.141,48943.666666666664,48287.75,194378.3334,288,24
2026-10-01,2026-10,8810.594,8701.473,109.121,57854.58333333333,48808.166666666664,194840.5834,288,24
2026-10-02,2026-10,8243.541000000001,7224.529,1019.012,55376.75,46712.58333333333,187030.8334,288,24
2026-10-03,2026-10,6237.951,5064.33,1173.621,55529.0,49335.33333333333,197200.1667,288,24
2026-10-04,2026-10,5896.0960000000005,5896.081,0.015,56772.666666666664,48699.08333333333,188107.9168,288,24
2026-10-05,2026-10,1157.627,1157.33,0.297,58848.166666666664,47498.75,193420.1668,288,24
2026-10-06,2026-10,5813.8859999999995,5713.284,100.602,57730.83333333333,50269.58333333333,187841.3331,288,24
