# Energy Research Warehouse (ERW): finding gas_sets_price, GAS SETS THE PRICE LESS OFTEN?
# Computed 2026-10-10T02:21:05Z by warehouse/analysis/findings/gas_sets_price.py; method https://github.com/SamuelEnrique/erw/blob/main/docs/methods/automated_analysis_findings.md
# Rows: one per grid and local year: held hours and the percent of them with the real-time price below heat rate x Henry Hub (6.5, 7.0, 8.0)
# A blank is a year the warehouse does not hold for that grid. Sources: ercot_all_hub_prices_history, iso_rtm_hub_prices, nyiso_rtm_zone_prices, isone_zone_prices_history, eia_fuel_spot_prices
grid,year,n_hours,first_hour,last_hour,share_below_hr6p5,share_below_hr7,share_below_hr8
ercot,2019,8760.0,2019-01-01,2019-12-31,27.11187214611872,38.75570776255708,58.94977168949772
ercot,2020,8784.0,2020-01-01,2020-12-31,25.40983606557377,33.447176684881605,48.66803278688525
ercot,2021,8760.0,2021-01-01,2021-12-31,43.63013698630137,51.95205479452055,64.01826484018265
ercot,2022,8760.0,2022-01-01,2022-12-31,45.21689497716895,51.34703196347032,61.4041095890411
ercot,2023,8760.0,2023-01-01,2023-12-31,28.51598173515982,33.15068493150685,43.04794520547945
ercot,2024,8784.0,2024-01-01,2024-12-31,27.88023679417122,32.673041894353375,41.58697632058288
ercot,2025,8760.0,2025-01-01,2025-12-31,35.3310502283105,40.89041095890411,52.84246575342466
ercot,2026,6719.0,2026-01-01,2026-10-07,34.84149426998065,38.77065039440393,48.50424170263432
caiso,2019,,,,,,
caiso,2020,,,,,,
caiso,2021,,,,,,
caiso,2022,,,,,,
caiso,2023,,,,,,
caiso,2024,,,,,,
caiso,2025,,,,,,
caiso,2026,1032.0,2026-08-26,2026-10-07,13.85658914728682,14.631782945736434,17.635658914728683
nyiso,2019,,,,,,
nyiso,2020,,,,,,
nyiso,2021,,,,,,
nyiso,2022,,,,,,
nyiso,2023,,,,,,
nyiso,2024,,,,,,
nyiso,2025,,,,,,
nyiso,2026,1032.0,2026-08-26,2026-10-07,1.550387596899225,1.937984496124031,4.166666666666666
isone,2019,8758.0,2019-01-01,2019-12-31,12.6969627768897,18.634391413564742,31.982187714089978
isone,2020,8782.0,2020-01-01,2020-12-31,11.831017991345934,16.647688453655203,28.558414939649285
isone,2021,8758.0,2021-01-01,2021-12-31,10.047956154373145,16.213747430920304,30.58917561087006
isone,2022,8758.0,2022-01-01,2022-12-31,12.01187485727335,19.091116693308972,34.448504224708834
isone,2023,8758.0,2023-01-01,2023-12-31,8.55218086321078,11.726421557433204,19.719113952957297
isone,2024,8784.0,2024-01-01,2024-12-31,1.707650273224044,2.163023679417122,3.7568306010928962
isone,2025,8760.0,2025-01-01,2025-12-31,3.767123287671233,5.513698630136987,11.883561643835616
isone,2026,5831.0,2026-01-01,2026-08-31,3.63574001028983,4.373177842565598,5.865203224146802
spp,2019,,,,,,
spp,2020,,,,,,
spp,2021,,,,,,
spp,2022,,,,,,
spp,2023,,,,,,
spp,2024,,,,,,
spp,2025,,,,,,
spp,2026,312.0,2026-09-24,2026-10-06,25.961538461538463,32.05128205128205,44.230769230769226
