# Energy Research Warehouse (ERW): finding peak_hour_moved, THE PEAK HOUR MOVED
# Computed 2026-10-10T03:07:15Z by warehouse/analysis/findings/peak_hour_moved.py; method https://github.com/SamuelEnrique/erw/blob/main/docs/methods/automated_analysis_findings.md
# Rows: one per grid, local year and hour of the day: the percent of the year's days whose highest hourly real-time price fell in that hour; the year's days, median peak hour, percent of days peaking 17:00 to 21:59 and 10:00 to 15:59 (repeated on each hour row); solar MW at year end
# A blank is a year the warehouse does not hold for that grid. Sources: ercot_all_hub_prices_history, iso_rtm_hub_prices, iso_hub_prices_history, eia860m_operating_generators, eia860m_retired_generators_all
grid,year,hour,share_days_pct,n_days,median_peak_hour,share_evening_pct,share_midday_pct,solar_mw_yearend
ercot,2019,0,1.643835616438356,365.0,15.0,24.93150684931507,32.87671232876712,2592.2999999999997
ercot,2019,1,0.0,365.0,15.0,24.93150684931507,32.87671232876712,2592.2999999999997
ercot,2019,2,0.273972602739726,365.0,15.0,24.93150684931507,32.87671232876712,2592.2999999999997
ercot,2019,3,0.273972602739726,365.0,15.0,24.93150684931507,32.87671232876712,2592.2999999999997
ercot,2019,4,0.0,365.0,15.0,24.93150684931507,32.87671232876712,2592.2999999999997
ercot,2019,5,0.273972602739726,365.0,15.0,24.93150684931507,32.87671232876712,2592.2999999999997
ercot,2019,6,9.58904109589041,365.0,15.0,24.93150684931507,32.87671232876712,2592.2999999999997
ercot,2019,7,3.5616438356164384,365.0,15.0,24.93150684931507,32.87671232876712,2592.2999999999997
ercot,2019,8,1.9178082191780823,365.0,15.0,24.93150684931507,32.87671232876712,2592.2999999999997
ercot,2019,9,6.301369863013699,365.0,15.0,24.93150684931507,32.87671232876712,2592.2999999999997
ercot,2019,10,3.0136986301369864,365.0,15.0,24.93150684931507,32.87671232876712,2592.2999999999997
ercot,2019,11,1.643835616438356,365.0,15.0,24.93150684931507,32.87671232876712,2592.2999999999997
ercot,2019,12,4.657534246575342,365.0,15.0,24.93150684931507,32.87671232876712,2592.2999999999997
ercot,2019,13,4.931506849315069,365.0,15.0,24.93150684931507,32.87671232876712,2592.2999999999997
ercot,2019,14,4.657534246575342,365.0,15.0,24.93150684931507,32.87671232876712,2592.2999999999997
ercot,2019,15,13.972602739726028,365.0,15.0,24.93150684931507,32.87671232876712,2592.2999999999997
ercot,2019,16,15.342465753424658,365.0,15.0,24.93150684931507,32.87671232876712,2592.2999999999997
ercot,2019,17,8.493150684931507,365.0,15.0,24.93150684931507,32.87671232876712,2592.2999999999997
ercot,2019,18,6.8493150684931505,365.0,15.0,24.93150684931507,32.87671232876712,2592.2999999999997
ercot,2019,19,4.657534246575342,365.0,15.0,24.93150684931507,32.87671232876712,2592.2999999999997
ercot,2019,20,3.5616438356164384,365.0,15.0,24.93150684931507,32.87671232876712,2592.2999999999997
ercot,2019,21,1.36986301369863,365.0,15.0,24.93150684931507,32.87671232876712,2592.2999999999997
ercot,2019,22,1.643835616438356,365.0,15.0,24.93150684931507,32.87671232876712,2592.2999999999997
ercot,2019,23,1.36986301369863,365.0,15.0,24.93150684931507,32.87671232876712,2592.2999999999997
ercot,2020,0,1.639344262295082,366.0,15.5,35.51912568306011,34.97267759562842,4865.6
ercot,2020,1,0.273224043715847,366.0,15.5,35.51912568306011,34.97267759562842,4865.6
ercot,2020,2,0.273224043715847,366.0,15.5,35.51912568306011,34.97267759562842,4865.6
ercot,2020,3,0.0,366.0,15.5,35.51912568306011,34.97267759562842,4865.6
ercot,2020,4,0.273224043715847,366.0,15.5,35.51912568306011,34.97267759562842,4865.6
ercot,2020,5,0.273224043715847,366.0,15.5,35.51912568306011,34.97267759562842,4865.6
ercot,2020,6,5.191256830601093,366.0,15.5,35.51912568306011,34.97267759562842,4865.6
ercot,2020,7,2.459016393442623,366.0,15.5,35.51912568306011,34.97267759562842,4865.6
ercot,2020,8,2.73224043715847,366.0,15.5,35.51912568306011,34.97267759562842,4865.6
ercot,2020,9,1.912568306010929,366.0,15.5,35.51912568306011,34.97267759562842,4865.6
ercot,2020,10,2.185792349726776,366.0,15.5,35.51912568306011,34.97267759562842,4865.6
ercot,2020,11,2.73224043715847,366.0,15.5,35.51912568306011,34.97267759562842,4865.6
ercot,2020,12,4.371584699453552,366.0,15.5,35.51912568306011,34.97267759562842,4865.6
ercot,2020,13,5.191256830601093,366.0,15.5,35.51912568306011,34.97267759562842,4865.6
ercot,2020,14,6.830601092896176,366.0,15.5,35.51912568306011,34.97267759562842,4865.6
ercot,2020,15,13.661202185792352,366.0,15.5,35.51912568306011,34.97267759562842,4865.6
ercot,2020,16,13.114754098360656,366.0,15.5,35.51912568306011,34.97267759562842,4865.6
ercot,2020,17,16.666666666666664,366.0,15.5,35.51912568306011,34.97267759562842,4865.6
ercot,2020,18,6.830601092896176,366.0,15.5,35.51912568306011,34.97267759562842,4865.6
ercot,2020,19,6.0109289617486334,366.0,15.5,35.51912568306011,34.97267759562842,4865.6
ercot,2020,20,4.918032786885246,366.0,15.5,35.51912568306011,34.97267759562842,4865.6
ercot,2020,21,1.092896174863388,366.0,15.5,35.51912568306011,34.97267759562842,4865.6
ercot,2020,22,1.092896174863388,366.0,15.5,35.51912568306011,34.97267759562842,4865.6
ercot,2020,23,0.273224043715847,366.0,15.5,35.51912568306011,34.97267759562842,4865.6
ercot,2021,0,2.73972602739726,365.0,16.0,38.63013698630137,26.575342465753426,8836.6
ercot,2021,1,0.821917808219178,365.0,16.0,38.63013698630137,26.575342465753426,8836.6
ercot,2021,2,0.0,365.0,16.0,38.63013698630137,26.575342465753426,8836.6
ercot,2021,3,0.547945205479452,365.0,16.0,38.63013698630137,26.575342465753426,8836.6
ercot,2021,4,0.821917808219178,365.0,16.0,38.63013698630137,26.575342465753426,8836.6
ercot,2021,5,0.273972602739726,365.0,16.0,38.63013698630137,26.575342465753426,8836.6
ercot,2021,6,3.8356164383561646,365.0,16.0,38.63013698630137,26.575342465753426,8836.6
ercot,2021,7,4.383561643835616,365.0,16.0,38.63013698630137,26.575342465753426,8836.6
ercot,2021,8,2.191780821917808,365.0,16.0,38.63013698630137,26.575342465753426,8836.6
ercot,2021,9,2.191780821917808,365.0,16.0,38.63013698630137,26.575342465753426,8836.6
ercot,2021,10,1.36986301369863,365.0,16.0,38.63013698630137,26.575342465753426,8836.6
ercot,2021,11,2.191780821917808,365.0,16.0,38.63013698630137,26.575342465753426,8836.6
ercot,2021,12,3.5616438356164384,365.0,16.0,38.63013698630137,26.575342465753426,8836.6
ercot,2021,13,4.931506849315069,365.0,16.0,38.63013698630137,26.575342465753426,8836.6
ercot,2021,14,7.123287671232877,365.0,16.0,38.63013698630137,26.575342465753426,8836.6
ercot,2021,15,7.397260273972603,365.0,16.0,38.63013698630137,26.575342465753426,8836.6
ercot,2021,16,12.054794520547945,365.0,16.0,38.63013698630137,26.575342465753426,8836.6
ercot,2021,17,13.698630136986301,365.0,16.0,38.63013698630137,26.575342465753426,8836.6
ercot,2021,18,7.9452054794520555,365.0,16.0,38.63013698630137,26.575342465753426,8836.6
ercot,2021,19,7.671232876712329,365.0,16.0,38.63013698630137,26.575342465753426,8836.6
ercot,2021,20,7.397260273972603,365.0,16.0,38.63013698630137,26.575342465753426,8836.6
ercot,2021,21,1.9178082191780823,365.0,16.0,38.63013698630137,26.575342465753426,8836.6
ercot,2021,22,3.0136986301369864,365.0,16.0,38.63013698630137,26.575342465753426,8836.6
ercot,2021,23,1.9178082191780823,365.0,16.0,38.63013698630137,26.575342465753426,8836.6
ercot,2022,0,3.5616438356164384,365.0,17.0,46.57534246575342,18.904109589041095,11361.700000000003
ercot,2022,1,0.547945205479452,365.0,17.0,46.57534246575342,18.904109589041095,11361.700000000003
ercot,2022,2,0.547945205479452,365.0,17.0,46.57534246575342,18.904109589041095,11361.700000000003
ercot,2022,3,0.273972602739726,365.0,17.0,46.57534246575342,18.904109589041095,11361.700000000003
ercot,2022,4,0.273972602739726,365.0,17.0,46.57534246575342,18.904109589041095,11361.700000000003
ercot,2022,5,0.0,365.0,17.0,46.57534246575342,18.904109589041095,11361.700000000003
ercot,2022,6,6.575342465753424,365.0,17.0,46.57534246575342,18.904109589041095,11361.700000000003
ercot,2022,7,9.315068493150685,365.0,17.0,46.57534246575342,18.904109589041095,11361.700000000003
ercot,2022,8,1.643835616438356,365.0,17.0,46.57534246575342,18.904109589041095,11361.700000000003
ercot,2022,9,0.821917808219178,365.0,17.0,46.57534246575342,18.904109589041095,11361.700000000003
ercot,2022,10,0.547945205479452,365.0,17.0,46.57534246575342,18.904109589041095,11361.700000000003
ercot,2022,11,0.547945205479452,365.0,17.0,46.57534246575342,18.904109589041095,11361.700000000003
ercot,2022,12,2.191780821917808,365.0,17.0,46.57534246575342,18.904109589041095,11361.700000000003
ercot,2022,13,5.205479452054795,365.0,17.0,46.57534246575342,18.904109589041095,11361.700000000003
ercot,2022,14,4.657534246575342,365.0,17.0,46.57534246575342,18.904109589041095,11361.700000000003
ercot,2022,15,5.7534246575342465,365.0,17.0,46.57534246575342,18.904109589041095,11361.700000000003
ercot,2022,16,7.397260273972603,365.0,17.0,46.57534246575342,18.904109589041095,11361.700000000003
ercot,2022,17,10.41095890410959,365.0,17.0,46.57534246575342,18.904109589041095,11361.700000000003
ercot,2022,18,12.602739726027398,365.0,17.0,46.57534246575342,18.904109589041095,11361.700000000003
ercot,2022,19,10.684931506849315,365.0,17.0,46.57534246575342,18.904109589041095,11361.700000000003
ercot,2022,20,11.232876712328768,365.0,17.0,46.57534246575342,18.904109589041095,11361.700000000003
ercot,2022,21,1.643835616438356,365.0,17.0,46.57534246575342,18.904109589041095,11361.700000000003
ercot,2022,22,1.36986301369863,365.0,17.0,46.57534246575342,18.904109589041095,11361.700000000003
ercot,2022,23,2.191780821917808,365.0,17.0,46.57534246575342,18.904109589041095,11361.700000000003
ercot,2023,0,2.4657534246575343,365.0,17.0,58.082191780821915,13.150684931506849,14914.5
ercot,2023,1,0.273972602739726,365.0,17.0,58.082191780821915,13.150684931506849,14914.5
ercot,2023,2,0.273972602739726,365.0,17.0,58.082191780821915,13.150684931506849,14914.5
ercot,2023,3,0.0,365.0,17.0,58.082191780821915,13.150684931506849,14914.5
ercot,2023,4,0.547945205479452,365.0,17.0,58.082191780821915,13.150684931506849,14914.5
ercot,2023,5,1.36986301369863,365.0,17.0,58.082191780821915,13.150684931506849,14914.5
ercot,2023,6,6.301369863013699,365.0,17.0,58.082191780821915,13.150684931506849,14914.5
ercot,2023,7,6.8493150684931505,365.0,17.0,58.082191780821915,13.150684931506849,14914.5
ercot,2023,8,1.9178082191780823,365.0,17.0,58.082191780821915,13.150684931506849,14914.5
ercot,2023,9,1.095890410958904,365.0,17.0,58.082191780821915,13.150684931506849,14914.5
ercot,2023,10,0.273972602739726,365.0,17.0,58.082191780821915,13.150684931506849,14914.5
ercot,2023,11,1.9178082191780823,365.0,17.0,58.082191780821915,13.150684931506849,14914.5
ercot,2023,12,0.273972602739726,365.0,17.0,58.082191780821915,13.150684931506849,14914.5
ercot,2023,13,2.191780821917808,365.0,17.0,58.082191780821915,13.150684931506849,14914.5
ercot,2023,14,3.287671232876712,365.0,17.0,58.082191780821915,13.150684931506849,14914.5
ercot,2023,15,5.205479452054795,365.0,17.0,58.082191780821915,13.150684931506849,14914.5
ercot,2023,16,6.301369863013699,365.0,17.0,58.082191780821915,13.150684931506849,14914.5
ercot,2023,17,13.972602739726028,365.0,17.0,58.082191780821915,13.150684931506849,14914.5
ercot,2023,18,13.424657534246576,365.0,17.0,58.082191780821915,13.150684931506849,14914.5
ercot,2023,19,18.08219178082192,365.0,17.0,58.082191780821915,13.150684931506849,14914.5
ercot,2023,20,11.506849315068493,365.0,17.0,58.082191780821915,13.150684931506849,14914.5
ercot,2023,21,1.095890410958904,365.0,17.0,58.082191780821915,13.150684931506849,14914.5
ercot,2023,22,0.821917808219178,365.0,17.0,58.082191780821915,13.150684931506849,14914.5
ercot,2023,23,0.547945205479452,365.0,17.0,58.082191780821915,13.150684931506849,14914.5
ercot,2024,0,3.278688524590164,366.0,18.0,68.85245901639344,6.284153005464481,22201.400000000005
ercot,2024,1,0.546448087431694,366.0,18.0,68.85245901639344,6.284153005464481,22201.400000000005
ercot,2024,2,0.0,366.0,18.0,68.85245901639344,6.284153005464481,22201.400000000005
ercot,2024,3,0.546448087431694,366.0,18.0,68.85245901639344,6.284153005464481,22201.400000000005
ercot,2024,4,0.273224043715847,366.0,18.0,68.85245901639344,6.284153005464481,22201.400000000005
ercot,2024,5,0.546448087431694,366.0,18.0,68.85245901639344,6.284153005464481,22201.400000000005
ercot,2024,6,5.191256830601093,366.0,18.0,68.85245901639344,6.284153005464481,22201.400000000005
ercot,2024,7,4.918032786885246,366.0,18.0,68.85245901639344,6.284153005464481,22201.400000000005
ercot,2024,8,1.912568306010929,366.0,18.0,68.85245901639344,6.284153005464481,22201.400000000005
ercot,2024,9,1.092896174863388,366.0,18.0,68.85245901639344,6.284153005464481,22201.400000000005
ercot,2024,10,0.0,366.0,18.0,68.85245901639344,6.284153005464481,22201.400000000005
ercot,2024,11,0.546448087431694,366.0,18.0,68.85245901639344,6.284153005464481,22201.400000000005
ercot,2024,12,0.546448087431694,366.0,18.0,68.85245901639344,6.284153005464481,22201.400000000005
ercot,2024,13,1.912568306010929,366.0,18.0,68.85245901639344,6.284153005464481,22201.400000000005
ercot,2024,14,1.092896174863388,366.0,18.0,68.85245901639344,6.284153005464481,22201.400000000005
ercot,2024,15,2.185792349726776,366.0,18.0,68.85245901639344,6.284153005464481,22201.400000000005
ercot,2024,16,3.825136612021858,366.0,18.0,68.85245901639344,6.284153005464481,22201.400000000005
ercot,2024,17,14.48087431693989,366.0,18.0,68.85245901639344,6.284153005464481,22201.400000000005
ercot,2024,18,13.934426229508196,366.0,18.0,68.85245901639344,6.284153005464481,22201.400000000005
ercot,2024,19,22.6775956284153,366.0,18.0,68.85245901639344,6.284153005464481,22201.400000000005
ercot,2024,20,16.939890710382514,366.0,18.0,68.85245901639344,6.284153005464481,22201.400000000005
ercot,2024,21,0.819672131147541,366.0,18.0,68.85245901639344,6.284153005464481,22201.400000000005
ercot,2024,22,1.639344262295082,366.0,18.0,68.85245901639344,6.284153005464481,22201.400000000005
ercot,2024,23,1.092896174863388,366.0,18.0,68.85245901639344,6.284153005464481,22201.400000000005
ercot,2025,0,3.0136986301369864,365.0,19.0,70.95890410958904,3.8356164383561646,30017.699999999997
ercot,2025,1,0.547945205479452,365.0,19.0,70.95890410958904,3.8356164383561646,30017.699999999997
ercot,2025,2,0.821917808219178,365.0,19.0,70.95890410958904,3.8356164383561646,30017.699999999997
ercot,2025,3,0.273972602739726,365.0,19.0,70.95890410958904,3.8356164383561646,30017.699999999997
ercot,2025,4,0.273972602739726,365.0,19.0,70.95890410958904,3.8356164383561646,30017.699999999997
ercot,2025,5,1.9178082191780823,365.0,19.0,70.95890410958904,3.8356164383561646,30017.699999999997
ercot,2025,6,6.575342465753424,365.0,19.0,70.95890410958904,3.8356164383561646,30017.699999999997
ercot,2025,7,3.8356164383561646,365.0,19.0,70.95890410958904,3.8356164383561646,30017.699999999997
ercot,2025,8,1.36986301369863,365.0,19.0,70.95890410958904,3.8356164383561646,30017.699999999997
ercot,2025,9,0.273972602739726,365.0,19.0,70.95890410958904,3.8356164383561646,30017.699999999997
ercot,2025,10,0.0,365.0,19.0,70.95890410958904,3.8356164383561646,30017.699999999997
ercot,2025,11,0.0,365.0,19.0,70.95890410958904,3.8356164383561646,30017.699999999997
ercot,2025,12,0.273972602739726,365.0,19.0,70.95890410958904,3.8356164383561646,30017.699999999997
ercot,2025,13,0.547945205479452,365.0,19.0,70.95890410958904,3.8356164383561646,30017.699999999997
ercot,2025,14,1.095890410958904,365.0,19.0,70.95890410958904,3.8356164383561646,30017.699999999997
ercot,2025,15,1.9178082191780823,365.0,19.0,70.95890410958904,3.8356164383561646,30017.699999999997
ercot,2025,16,2.4657534246575343,365.0,19.0,70.95890410958904,3.8356164383561646,30017.699999999997
ercot,2025,17,10.684931506849315,365.0,19.0,70.95890410958904,3.8356164383561646,30017.699999999997
ercot,2025,18,13.424657534246576,365.0,19.0,70.95890410958904,3.8356164383561646,30017.699999999997
ercot,2025,19,22.19178082191781,365.0,19.0,70.95890410958904,3.8356164383561646,30017.699999999997
ercot,2025,20,15.342465753424658,365.0,19.0,70.95890410958904,3.8356164383561646,30017.699999999997
ercot,2025,21,9.315068493150685,365.0,19.0,70.95890410958904,3.8356164383561646,30017.699999999997
ercot,2025,22,3.287671232876712,365.0,19.0,70.95890410958904,3.8356164383561646,30017.699999999997
ercot,2025,23,0.547945205479452,365.0,19.0,70.95890410958904,3.8356164383561646,30017.699999999997
ercot,2026,0,2.857142857142857,280.0,19.0,69.28571428571428,2.142857142857143,32759.800000000003
ercot,2026,1,1.4285714285714286,280.0,19.0,69.28571428571428,2.142857142857143,32759.800000000003
ercot,2026,2,1.0714285714285714,280.0,19.0,69.28571428571428,2.142857142857143,32759.800000000003
ercot,2026,3,0.7142857142857143,280.0,19.0,69.28571428571428,2.142857142857143,32759.800000000003
ercot,2026,4,1.0714285714285714,280.0,19.0,69.28571428571428,2.142857142857143,32759.800000000003
ercot,2026,5,1.7857142857142856,280.0,19.0,69.28571428571428,2.142857142857143,32759.800000000003
ercot,2026,6,1.7857142857142856,280.0,19.0,69.28571428571428,2.142857142857143,32759.800000000003
ercot,2026,7,3.571428571428571,280.0,19.0,69.28571428571428,2.142857142857143,32759.800000000003
ercot,2026,8,2.5,280.0,19.0,69.28571428571428,2.142857142857143,32759.800000000003
ercot,2026,9,1.0714285714285714,280.0,19.0,69.28571428571428,2.142857142857143,32759.800000000003
ercot,2026,10,0.35714285714285715,280.0,19.0,69.28571428571428,2.142857142857143,32759.800000000003
ercot,2026,11,0.0,280.0,19.0,69.28571428571428,2.142857142857143,32759.800000000003
ercot,2026,12,0.7142857142857143,280.0,19.0,69.28571428571428,2.142857142857143,32759.800000000003
ercot,2026,13,0.35714285714285715,280.0,19.0,69.28571428571428,2.142857142857143,32759.800000000003
ercot,2026,14,0.0,280.0,19.0,69.28571428571428,2.142857142857143,32759.800000000003
ercot,2026,15,0.7142857142857143,280.0,19.0,69.28571428571428,2.142857142857143,32759.800000000003
ercot,2026,16,2.142857142857143,280.0,19.0,69.28571428571428,2.142857142857143,32759.800000000003
ercot,2026,17,4.285714285714286,280.0,19.0,69.28571428571428,2.142857142857143,32759.800000000003
ercot,2026,18,12.5,280.0,19.0,69.28571428571428,2.142857142857143,32759.800000000003
ercot,2026,19,18.571428571428573,280.0,19.0,69.28571428571428,2.142857142857143,32759.800000000003
ercot,2026,20,20.714285714285715,280.0,19.0,69.28571428571428,2.142857142857143,32759.800000000003
ercot,2026,21,13.214285714285715,280.0,19.0,69.28571428571428,2.142857142857143,32759.800000000003
ercot,2026,22,5.357142857142857,280.0,19.0,69.28571428571428,2.142857142857143,32759.800000000003
ercot,2026,23,3.214285714285714,280.0,19.0,69.28571428571428,2.142857142857143,32759.800000000003
caiso,2019,0,,,,,,11679.699999999999
caiso,2019,1,,,,,,11679.699999999999
caiso,2019,2,,,,,,11679.699999999999
caiso,2019,3,,,,,,11679.699999999999
caiso,2019,4,,,,,,11679.699999999999
caiso,2019,5,,,,,,11679.699999999999
caiso,2019,6,,,,,,11679.699999999999
caiso,2019,7,,,,,,11679.699999999999
caiso,2019,8,,,,,,11679.699999999999
caiso,2019,9,,,,,,11679.699999999999
caiso,2019,10,,,,,,11679.699999999999
caiso,2019,11,,,,,,11679.699999999999
caiso,2019,12,,,,,,11679.699999999999
caiso,2019,13,,,,,,11679.699999999999
caiso,2019,14,,,,,,11679.699999999999
caiso,2019,15,,,,,,11679.699999999999
caiso,2019,16,,,,,,11679.699999999999
caiso,2019,17,,,,,,11679.699999999999
caiso,2019,18,,,,,,11679.699999999999
caiso,2019,19,,,,,,11679.699999999999
caiso,2019,20,,,,,,11679.699999999999
caiso,2019,21,,,,,,11679.699999999999
caiso,2019,22,,,,,,11679.699999999999
caiso,2019,23,,,,,,11679.699999999999
caiso,2020,0,,,,,,13500.8
caiso,2020,1,,,,,,13500.8
caiso,2020,2,,,,,,13500.8
caiso,2020,3,,,,,,13500.8
caiso,2020,4,,,,,,13500.8
caiso,2020,5,,,,,,13500.8
caiso,2020,6,,,,,,13500.8
caiso,2020,7,,,,,,13500.8
caiso,2020,8,,,,,,13500.8
caiso,2020,9,,,,,,13500.8
caiso,2020,10,,,,,,13500.8
caiso,2020,11,,,,,,13500.8
caiso,2020,12,,,,,,13500.8
caiso,2020,13,,,,,,13500.8
caiso,2020,14,,,,,,13500.8
caiso,2020,15,,,,,,13500.8
caiso,2020,16,,,,,,13500.8
caiso,2020,17,,,,,,13500.8
caiso,2020,18,,,,,,13500.8
caiso,2020,19,,,,,,13500.8
caiso,2020,20,,,,,,13500.8
caiso,2020,21,,,,,,13500.8
caiso,2020,22,,,,,,13500.8
caiso,2020,23,,,,,,13500.8
caiso,2021,0,,,,,,14830.099999999999
caiso,2021,1,,,,,,14830.099999999999
caiso,2021,2,,,,,,14830.099999999999
caiso,2021,3,,,,,,14830.099999999999
caiso,2021,4,,,,,,14830.099999999999
caiso,2021,5,,,,,,14830.099999999999
caiso,2021,6,,,,,,14830.099999999999
caiso,2021,7,,,,,,14830.099999999999
caiso,2021,8,,,,,,14830.099999999999
caiso,2021,9,,,,,,14830.099999999999
caiso,2021,10,,,,,,14830.099999999999
caiso,2021,11,,,,,,14830.099999999999
caiso,2021,12,,,,,,14830.099999999999
caiso,2021,13,,,,,,14830.099999999999
caiso,2021,14,,,,,,14830.099999999999
caiso,2021,15,,,,,,14830.099999999999
caiso,2021,16,,,,,,14830.099999999999
caiso,2021,17,,,,,,14830.099999999999
caiso,2021,18,,,,,,14830.099999999999
caiso,2021,19,,,,,,14830.099999999999
caiso,2021,20,,,,,,14830.099999999999
caiso,2021,21,,,,,,14830.099999999999
caiso,2021,22,,,,,,14830.099999999999
caiso,2021,23,,,,,,14830.099999999999
caiso,2022,0,,,,,,16939.1
caiso,2022,1,,,,,,16939.1
caiso,2022,2,,,,,,16939.1
caiso,2022,3,,,,,,16939.1
caiso,2022,4,,,,,,16939.1
caiso,2022,5,,,,,,16939.1
caiso,2022,6,,,,,,16939.1
caiso,2022,7,,,,,,16939.1
caiso,2022,8,,,,,,16939.1
caiso,2022,9,,,,,,16939.1
caiso,2022,10,,,,,,16939.1
caiso,2022,11,,,,,,16939.1
caiso,2022,12,,,,,,16939.1
caiso,2022,13,,,,,,16939.1
caiso,2022,14,,,,,,16939.1
caiso,2022,15,,,,,,16939.1
caiso,2022,16,,,,,,16939.1
caiso,2022,17,,,,,,16939.1
caiso,2022,18,,,,,,16939.1
caiso,2022,19,,,,,,16939.1
caiso,2022,20,,,,,,16939.1
caiso,2022,21,,,,,,16939.1
caiso,2022,22,,,,,,16939.1
caiso,2022,23,,,,,,16939.1
caiso,2023,0,,,,,,19493.9
caiso,2023,1,,,,,,19493.9
caiso,2023,2,,,,,,19493.9
caiso,2023,3,,,,,,19493.9
caiso,2023,4,,,,,,19493.9
caiso,2023,5,,,,,,19493.9
caiso,2023,6,,,,,,19493.9
caiso,2023,7,,,,,,19493.9
caiso,2023,8,,,,,,19493.9
caiso,2023,9,,,,,,19493.9
caiso,2023,10,,,,,,19493.9
caiso,2023,11,,,,,,19493.9
caiso,2023,12,,,,,,19493.9
caiso,2023,13,,,,,,19493.9
caiso,2023,14,,,,,,19493.9
caiso,2023,15,,,,,,19493.9
caiso,2023,16,,,,,,19493.9
caiso,2023,17,,,,,,19493.9
caiso,2023,18,,,,,,19493.9
caiso,2023,19,,,,,,19493.9
caiso,2023,20,,,,,,19493.9
caiso,2023,21,,,,,,19493.9
caiso,2023,22,,,,,,19493.9
caiso,2023,23,,,,,,19493.9
caiso,2024,0,6.6115702479338845,121.0,16.0,39.66942148760331,0.0,22180.800000000003
caiso,2024,1,0.8264462809917356,121.0,16.0,39.66942148760331,0.0,22180.800000000003
caiso,2024,2,0.0,121.0,16.0,39.66942148760331,0.0,22180.800000000003
caiso,2024,3,0.0,121.0,16.0,39.66942148760331,0.0,22180.800000000003
caiso,2024,4,0.0,121.0,16.0,39.66942148760331,0.0,22180.800000000003
caiso,2024,5,0.0,121.0,16.0,39.66942148760331,0.0,22180.800000000003
caiso,2024,6,28.09917355371901,121.0,16.0,39.66942148760331,0.0,22180.800000000003
caiso,2024,7,9.090909090909092,121.0,16.0,39.66942148760331,0.0,22180.800000000003
caiso,2024,8,2.479338842975207,121.0,16.0,39.66942148760331,0.0,22180.800000000003
caiso,2024,9,0.0,121.0,16.0,39.66942148760331,0.0,22180.800000000003
caiso,2024,10,0.0,121.0,16.0,39.66942148760331,0.0,22180.800000000003
caiso,2024,11,0.0,121.0,16.0,39.66942148760331,0.0,22180.800000000003
caiso,2024,12,0.0,121.0,16.0,39.66942148760331,0.0,22180.800000000003
caiso,2024,13,0.0,121.0,16.0,39.66942148760331,0.0,22180.800000000003
caiso,2024,14,0.0,121.0,16.0,39.66942148760331,0.0,22180.800000000003
caiso,2024,15,0.0,121.0,16.0,39.66942148760331,0.0,22180.800000000003
caiso,2024,16,4.958677685950414,121.0,16.0,39.66942148760331,0.0,22180.800000000003
caiso,2024,17,17.355371900826448,121.0,16.0,39.66942148760331,0.0,22180.800000000003
caiso,2024,18,5.785123966942149,121.0,16.0,39.66942148760331,0.0,22180.800000000003
caiso,2024,19,3.3057851239669422,121.0,16.0,39.66942148760331,0.0,22180.800000000003
caiso,2024,20,7.43801652892562,121.0,16.0,39.66942148760331,0.0,22180.800000000003
caiso,2024,21,5.785123966942149,121.0,16.0,39.66942148760331,0.0,22180.800000000003
caiso,2024,22,5.785123966942149,121.0,16.0,39.66942148760331,0.0,22180.800000000003
caiso,2024,23,2.479338842975207,121.0,16.0,39.66942148760331,0.0,22180.800000000003
caiso,2025,0,14.560439560439562,364.0,17.0,34.34065934065934,2.197802197802198,24009.1
caiso,2025,1,3.021978021978022,364.0,17.0,34.34065934065934,2.197802197802198,24009.1
caiso,2025,2,0.27472527472527475,364.0,17.0,34.34065934065934,2.197802197802198,24009.1
caiso,2025,3,0.5494505494505495,364.0,17.0,34.34065934065934,2.197802197802198,24009.1
caiso,2025,4,1.098901098901099,364.0,17.0,34.34065934065934,2.197802197802198,24009.1
caiso,2025,5,3.571428571428571,364.0,17.0,34.34065934065934,2.197802197802198,24009.1
caiso,2025,6,14.835164835164836,364.0,17.0,34.34065934065934,2.197802197802198,24009.1
caiso,2025,7,4.395604395604396,364.0,17.0,34.34065934065934,2.197802197802198,24009.1
caiso,2025,8,1.3736263736263736,364.0,17.0,34.34065934065934,2.197802197802198,24009.1
caiso,2025,9,0.8241758241758242,364.0,17.0,34.34065934065934,2.197802197802198,24009.1
caiso,2025,10,0.0,364.0,17.0,34.34065934065934,2.197802197802198,24009.1
caiso,2025,11,0.0,364.0,17.0,34.34065934065934,2.197802197802198,24009.1
caiso,2025,12,0.27472527472527475,364.0,17.0,34.34065934065934,2.197802197802198,24009.1
caiso,2025,13,0.0,364.0,17.0,34.34065934065934,2.197802197802198,24009.1
caiso,2025,14,0.8241758241758242,364.0,17.0,34.34065934065934,2.197802197802198,24009.1
caiso,2025,15,1.098901098901099,364.0,17.0,34.34065934065934,2.197802197802198,24009.1
caiso,2025,16,3.021978021978022,364.0,17.0,34.34065934065934,2.197802197802198,24009.1
caiso,2025,17,9.615384615384617,364.0,17.0,34.34065934065934,2.197802197802198,24009.1
caiso,2025,18,5.4945054945054945,364.0,17.0,34.34065934065934,2.197802197802198,24009.1
caiso,2025,19,7.142857142857142,364.0,17.0,34.34065934065934,2.197802197802198,24009.1
caiso,2025,20,3.571428571428571,364.0,17.0,34.34065934065934,2.197802197802198,24009.1
caiso,2025,21,8.516483516483516,364.0,17.0,34.34065934065934,2.197802197802198,24009.1
caiso,2025,22,8.791208791208792,364.0,17.0,34.34065934065934,2.197802197802198,24009.1
caiso,2025,23,7.142857142857142,364.0,17.0,34.34065934065934,2.197802197802198,24009.1
caiso,2026,0,13.571428571428571,280.0,17.0,33.92857142857143,2.142857142857143,24874.300000000003
caiso,2026,1,3.571428571428571,280.0,17.0,33.92857142857143,2.142857142857143,24874.300000000003
caiso,2026,2,1.0714285714285714,280.0,17.0,33.92857142857143,2.142857142857143,24874.300000000003
caiso,2026,3,1.4285714285714286,280.0,17.0,33.92857142857143,2.142857142857143,24874.300000000003
caiso,2026,4,2.142857142857143,280.0,17.0,33.92857142857143,2.142857142857143,24874.300000000003
caiso,2026,5,5.357142857142857,280.0,17.0,33.92857142857143,2.142857142857143,24874.300000000003
caiso,2026,6,11.785714285714285,280.0,17.0,33.92857142857143,2.142857142857143,24874.300000000003
caiso,2026,7,6.071428571428571,280.0,17.0,33.92857142857143,2.142857142857143,24874.300000000003
caiso,2026,8,0.7142857142857143,280.0,17.0,33.92857142857143,2.142857142857143,24874.300000000003
caiso,2026,9,0.0,280.0,17.0,33.92857142857143,2.142857142857143,24874.300000000003
caiso,2026,10,0.0,280.0,17.0,33.92857142857143,2.142857142857143,24874.300000000003
caiso,2026,11,0.0,280.0,17.0,33.92857142857143,2.142857142857143,24874.300000000003
caiso,2026,12,0.35714285714285715,280.0,17.0,33.92857142857143,2.142857142857143,24874.300000000003
caiso,2026,13,0.0,280.0,17.0,33.92857142857143,2.142857142857143,24874.300000000003
caiso,2026,14,0.7142857142857143,280.0,17.0,33.92857142857143,2.142857142857143,24874.300000000003
caiso,2026,15,1.0714285714285714,280.0,17.0,33.92857142857143,2.142857142857143,24874.300000000003
caiso,2026,16,1.7857142857142856,280.0,17.0,33.92857142857143,2.142857142857143,24874.300000000003
caiso,2026,17,5.357142857142857,280.0,17.0,33.92857142857143,2.142857142857143,24874.300000000003
caiso,2026,18,8.571428571428571,280.0,17.0,33.92857142857143,2.142857142857143,24874.300000000003
caiso,2026,19,12.5,280.0,17.0,33.92857142857143,2.142857142857143,24874.300000000003
caiso,2026,20,3.571428571428571,280.0,17.0,33.92857142857143,2.142857142857143,24874.300000000003
caiso,2026,21,3.9285714285714284,280.0,17.0,33.92857142857143,2.142857142857143,24874.300000000003
caiso,2026,22,7.142857142857142,280.0,17.0,33.92857142857143,2.142857142857143,24874.300000000003
caiso,2026,23,9.285714285714286,280.0,17.0,33.92857142857143,2.142857142857143,24874.300000000003
