# Energy Research Warehouse (ERW): finding batteries_lunch, BATTERIES ATE THEIR OWN LUNCH?
# Computed 2026-10-09T07:56:22Z by warehouse/analysis/findings/batteries_lunch.py; method https://github.com/SamuelEnrique/erw/blob/main/docs/methods/automated_analysis_findings.md
# Rows: one per local month and one per local year (kind), the thesis's spike measures, the fleet, the load and the gas price
# Sources: ercot_all_hub_prices_history, iso_rtm_hub_prices, storage_buildout_monthly, ercot_zone_load_hourly, eia_fuel_spot_prices
period,kind,hub,n_intervals,median_usd_mwh,p999_usd_mwh,worst_interval_multiple,hours_top1pct,hours_ge_1000,hours_ge_250,battery_mw,load_mean_mw,henry_hub_usd_mmbtu
2019-01,month,HB_HUBAVG,2976,21.05,239.85725000002375,11.394643705464311,0.25,0.0,0.75,87.3,40076.165857688175,3.123181818181818
2019-02,month,HB_HUBAVG,2688,19.235,332.20260000000513,17.270735638159874,1.0,0.0,2.75,87.3,38818.38511459822,2.6875
2019-03,month,HB_HUBAVG,2972,20.405,749.4260700000672,36.727570203384815,3.75,0.5,5.0,87.3,37388.9104417362,2.948571428571429
2019-04,month,HB_HUBAVG,2880,18.78,561.9676800000017,29.92373162939306,3.0,0.0,4.5,87.3,37211.810745980554,2.6471428571428572
2019-05,month,HB_HUBAVG,2976,20.53,471.0485000000345,22.944398441307087,1.5,0.25,1.75,87.3,43052.09302716801,2.637391304347826
2019-06,month,HB_HUBAVG,2880,18.78,643.5479900000005,34.26773109691163,4.0,0.5,4.5,107.2,48831.17174528612,2.3985
2019-07,month,HB_HUBAVG,2976,19.67,738.7590000000024,37.55765124555172,7.75,0.25,9.5,107.2,52728.988845064516,2.366190476190476
2019-08,month,HB_HUBAVG,2976,19.36,9000.823000000002,464.9185433884299,33.75,18.0,37.75,107.2,56255.04173018548,2.2209090909090907
2019-09,month,HB_HUBAVG,2880,20.61,2953.5065300000733,143.3045380883102,15.0,4.75,17.0,107.2,51794.903854209726,2.548095238095238
2019-10,month,HB_HUBAVG,2976,17.545,2014.7065000000644,114.83080649758132,6.75,2.0,7.75,107.2,41239.15788823656,2.331304347826087
2019-11,month,HB_HUBAVG,2884,18.98,361.54778000000084,19.04888198103271,4.5,0.0,5.0,107.2,38569.96684129265,2.653
2019-12,month,HB_HUBAVG,2976,16.58,114.44550000001365,6.902623642944129,0.25,0.0,0.25,107.2,39399.77518244489,2.2190909090909092
2020-01,month,HB_HUBAVG,2976,15.19,305.96675000000187,20.142643186306906,1.0,0.0,1.25,117.1,39024.78102166129,2.0185714285714287
2020-02,month,HB_HUBAVG,2784,15.28,413.08073000000434,27.03407918848196,1.75,0.25,1.75,127.0,40236.663918900864,1.9131578947368422
2020-03,month,HB_HUBAVG,2972,16.555,843.5581700000423,50.9548879492626,6.0,0.5,6.25,136.9,37960.211578930015,1.7914285714285714
2020-04,month,HB_HUBAVG,2880,15.6,853.6112600000354,54.71867051282278,3.0,0.75,4.0,146.8,37442.44482000972,1.7390476190476192
2020-05,month,HB_HUBAVG,2976,14.72,440.875750000001,29.950798233695718,3.75,0.0,4.75,156.7,42032.121480911286,1.7485
2020-06,month,HB_HUBAVG,2880,14.825,58.231480000001504,3.9279244519393934,0.25,0.0,0.25,156.7,49317.44968904167,1.6318181818181818
2020-07,month,HB_HUBAVG,2976,16.44,239.22750000000804,14.551551094890998,0.25,0.0,0.75,156.7,54180.690295876346,1.7586363636363636
2020-08,month,HB_HUBAVG,2976,17.9,1398.9327500002466,78.15266759777914,9.5,2.0,11.75,156.7,54885.77276773387,2.3023809523809526
2020-09,month,HB_HUBAVG,2880,16.89,760.5928200000012,45.03213854351694,3.25,0.25,3.75,156.7,45524.06638110278,1.9223809523809523
2020-10,month,HB_HUBAVG,2976,17.92,799.2245000000702,44.5995814732182,7.25,0.5,8.75,178.8,42011.63798672984,2.389090909090909
2020-11,month,HB_HUBAVG,2884,18.03,902.9680600000211,50.081423183584086,4.0,0.75,4.0,198.6,37899.21612024549,2.6136842105263156
2020-12,month,HB_HUBAVG,2976,17.9,350.8595000000004,19.601089385474886,2.0,0.0,2.0,218.4,40715.34274148924,2.575909090909091
2021-01,month,HB_HUBAVG,2976,17.994999999999997,348.5155000000182,19.36735204223497,2.25,0.0,2.5,218.4,41408.449959611564,2.7126315789473683
2021-02,month,HB_HUBAVG,2688,20.235,9019.728880000002,445.7488944897456,174.5,152.0,177.0,218.4,43263.88807899256,5.353684210526316
2021-03,month,HB_HUBAVG,2972,16.775,575.6652500000055,34.31685543964265,5.25,0.0,6.0,218.4,36767.06596463392,2.6182608695652174
2021-04,month,HB_HUBAVG,2880,19.1,1988.1653900000003,104.09242879581153,19.25,5.5,20.75,228.3,38996.225754315274,2.662857142857143
2021-05,month,HB_HUBAVG,2976,18.985,617.2960000000003,32.51493284171716,3.75,0.0,4.25,238.2,42709.767716533606,2.9125
2021-06,month,HB_HUBAVG,2880,24.36,1740.6445200000094,71.45502955665063,8.25,3.75,9.0,348.1,51853.23236386944,3.258181818181818
2021-07,month,HB_HUBAVG,2976,29.84,638.0557500000161,21.38256534852601,6.25,0.0,7.5,365.5,53176.84857879704,3.8404761904761906
2021-08,month,HB_HUBAVG,2976,32.65,435.04150000000067,13.324395099540602,1.75,0.0,2.5,375.4,55623.19221935081,4.074090909090909
2021-09,month,HB_HUBAVG,2880,38.980000000000004,393.27299,10.08909671626475,2.0,0.0,2.25,405.4,50757.14150308751,5.161428571428571
2021-10,month,HB_HUBAVG,2976,40.72,661.8117500001508,16.252744351673645,5.0,0.0,5.5,820.9,43897.0395452957,5.513809523809523
2021-11,month,HB_HUBAVG,2884,32.035,790.2346100000224,24.667851100359684,6.25,0.0,7.25,820.9,38813.50608729959,5.0505
2021-12,month,HB_HUBAVG,2976,23.56,352.06675000000075,14.94341044142618,1.25,0.0,2.0,820.9,40560.86006609409,3.757727272727273
2022-01,month,HB_HUBAVG,2976,25.115000000000002,361.72850000001284,14.402886721083528,2.0,0.0,2.5,820.9,44877.55878466532,4.383
2022-02,month,HB_HUBAVG,2688,25.8,3176.739000000027,123.1294186046522,8.0,5.0,9.0,820.9,46532.32687036905,4.691578947368421
2022-03,month,HB_HUBAVG,2972,25.619999999999997,516.9719400000378,20.178451990633793,4.25,0.0,6.25,870.4,40975.412823783314,4.898260869565218
2022-04,month,HB_HUBAVG,2880,36.644999999999996,866.2914800000176,23.640100422977696,10.25,0.75,13.25,991.2,42748.26981109167,6.595999999999999
2022-05,month,HB_HUBAVG,2976,56.68,4256.399000000096,75.09525405787043,21.75,5.5,30.5,991.2,51671.92883606721,8.144761904761904
2022-06,month,HB_HUBAVG,2880,61.545,243.36968000000473,3.954337151677711,0.5,0.0,0.75,1315.1,58376.67188647639,7.703333333333334
2022-07,month,HB_HUBAVG,2976,64.81,5079.873250000001,78.38100987501929,44.75,18.25,49.0,1584.2,61788.42879294758,7.2844999999999995
2022-08,month,HB_HUBAVG,2976,78.46,829.0115000000297,10.566040020392936,13.75,0.0,19.5,1705.0,57782.59122344489,8.805652173913044
2022-09,month,HB_HUBAVG,2880,60.18,522.9550400000101,8.68984778996361,3.0,0.0,4.5,1705.0,51961.62057877778,7.880476190476191
2022-10,month,HB_HUBAVG,2976,41.715,851.669500000007,20.416384993407814,6.5,0.5,7.25,1980.0,43236.08207389785,5.6605
2022-11,month,HB_HUBAVG,2884,34.16,446.4441600000519,13.06920843091487,1.75,0.0,3.0,2030.0,43278.10596776006,5.450952380952381
2022-12,month,HB_HUBAVG,2976,33.91,2999.01375000004,88.44039368917842,7.5,5.0,8.25,2130.0,45407.34771210753,5.52952380952381
2023-01,month,HB_HUBAVG,2976,18.26,279.41475000003066,15.302012595839575,0.75,0.0,1.25,2149.8,43225.72466531855,3.2730000000000006
2023-02,month,HB_HUBAVG,2688,14.265,145.16582000000247,10.176363126533646,0.25,0.0,0.25,2149.8,44974.16456633631,2.3805263157894734
2023-03,month,HB_HUBAVG,2972,18.06,638.011720000004,35.3273377630124,4.0,0.0,5.0,2349.8,42735.875115788695,2.3056521739130433
2023-04,month,HB_HUBAVG,2880,16.425,317.27554000000345,19.316623439878445,1.0,0.0,1.5,2349.8,42591.106582466666,2.1631578947368424
2023-05,month,HB_HUBAVG,2976,21.77,635.6515000000093,29.198507119890184,3.75,0.25,4.75,2369.6,48989.97682367473,2.1468181818181815
2023-06,month,HB_HUBAVG,2880,22.015,4852.213580000005,220.404886668181,10.0,5.75,11.0,2509.3,59251.82136170694,2.177142857142857
2023-07,month,HB_HUBAVG,2976,24.61,3067.9622500000237,124.66323648923299,6.5,2.5,8.5,2994.3,63739.65274423925,2.5509999999999997
2023-08,month,HB_HUBAVG,2976,30.134999999999998,5033.946000000009,167.04649079143883,71.25,37.25,76.5,3184.3,67528.74159995969,2.5830434782608696
2023-09,month,HB_HUBAVG,2880,24.675,5005.903510000004,202.87349584599812,21.5,12.25,23.75,3184.3,59652.132139305555,2.6365000000000003
2023-10,month,HB_HUBAVG,2976,21.435000000000002,1063.6220000000021,49.62080709120607,3.5,1.0,4.25,3267.2,47561.230834426075,2.9814285714285713
2023-11,month,HB_HUBAVG,2884,22.82,653.1598400000014,28.62225416301496,2.75,0.0,3.0,3277.2,43506.73669132871,2.7076190476190476
2023-12,month,HB_HUBAVG,2976,17.27,447.29025000000195,25.899840764331323,1.5,0.0,2.0,4173.5,44719.14199777823,2.523
2024-01,month,HB_HUBAVG,2976,21.955,605.6285000000877,27.58499202915453,3.75,0.25,5.0,4379.9,51317.67125799328,3.1761904761904765
2024-02,month,HB_HUBAVG,2784,10.67,179.15062000001012,16.790123711341156,0.25,0.0,0.75,4389.8,44001.446554635055,1.7215
2024-03,month,HB_HUBAVG,2972,15.05,456.9682000001515,30.363335548182825,1.25,0.0,2.75,4638.7,43339.16584081292,1.4929999999999999
2024-04,month,HB_HUBAVG,2880,13.15,1650.6376800000385,125.52377794677098,6.25,1.5,8.0,4689.0,46467.68200118889,1.5990909090909091
2024-05,month,HB_HUBAVG,2976,18.545,3008.592750000616,162.23201671612918,4.75,2.75,7.25,4698.9,53723.99658743414,2.1204545454545456
2024-06,month,HB_HUBAVG,2880,21.92,369.1298500000102,16.839865419708495,1.25,0.0,1.25,5146.4,61636.129458116666,2.5357894736842104
2024-07,month,HB_HUBAVG,2976,19.705,299.71175000004826,15.209934026899177,0.75,0.0,1.25,5418.8,59871.75477983736,2.075454545454545
2024-08,month,HB_HUBAVG,2976,22.19,2432.8900000010017,109.63902658859854,4.0,1.75,4.5,6037.0,66220.11480477823,1.9904545454545455
2024-09,month,HB_HUBAVG,2880,20.81,317.95391000000177,15.278900048053906,1.0,0.0,1.5,6483.9,56939.526116738896,2.276
2024-10,month,HB_HUBAVG,2976,18.765,303.8760000000006,16.193764988009622,0.75,0.0,3.0,6869.7,52720.34558892876,2.1990909090909088
2024-11,month,HB_HUBAVG,2884,19.9,1306.2445000000262,65.64042713567972,4.75,1.5,5.25,7114.8,46819.38120484189,2.117
2024-12,month,HB_HUBAVG,2976,23.395,114.3370000000008,4.887240863432392,0.25,0.25,0.25,8293.8,46895.72430532258,3.005714285714286
2025-01,month,HB_HUBAVG,2976,26.990000000000002,764.575000000252,28.328084475741086,1.25,0.75,1.25,8523.7,54410.64253349462,4.126190476190477
2025-02,month,HB_HUBAVG,2688,23.630000000000003,329.3892200000047,13.939450698265114,1.0,0.0,3.25,8733.6,51637.212937077384,4.1889473684210525
2025-03,month,HB_HUBAVG,2972,21.98,215.87163000001465,9.821275250228146,0.0,0.0,0.25,8867.5,46700.76649658815,4.12
2025-04,month,HB_HUBAVG,2880,22.675,550.1235800000119,24.26123836824749,2.0,0.5,3.5,8867.5,50698.186367284725,3.4233333333333333
2025-05,month,HB_HUBAVG,2976,25.99,964.2127500000457,37.09937475952466,3.25,0.75,4.0,9274.2,55350.67916457392,3.1185714285714283
2025-06,month,HB_HUBAVG,2880,24.63,171.78746000000058,6.974724319935063,0.25,0.0,0.5,10105.8,62730.57063375555,3.024
2025-07,month,HB_HUBAVG,2976,25.92,310.61175000000065,11.983478009259283,1.25,0.25,2.0,10765.6,64311.56621171909,3.2013636363636366
2025-08,month,HB_HUBAVG,2976,29.72,181.33175000001313,6.101337483176755,0.25,0.0,0.25,11045.6,66420.98745256048,2.912857142857143
2025-09,month,HB_HUBAVG,2880,26.064999999999998,160.34248000000443,6.151639363130806,0.0,0.0,0.0,11837.6,61081.767754775,2.974285714285714
2025-10,month,HB_HUBAVG,2976,27.13,246.45875000001612,9.084362329525106,0.25,0.0,0.75,12417.6,55038.429598439514,3.1990909090909088
2025-11,month,HB_HUBAVG,2884,27.035,211.3083200000017,7.816102089883547,0.25,0.0,0.5,12900.8,49290.89518717891,3.7941176470588234
2025-12,month,HB_HUBAVG,2976,26.575,290.3502500000004,10.925691439322687,0.25,0.0,3.25,13909.3,50769.29273743145,4.263809523809524
2026-01,month,HB_HUBAVG,2976,24.055,919.0620000000974,38.20669299522334,16.0,0.75,24.75,14204.2,53508.664508998656,7.717894736842105
2026-02,month,HB_HUBAVG,2688,17.5,236.86050000000085,13.534885714285764,0.0,0.0,0.0,15182.1,49325.22553196131,3.621578947368421
2026-03,month,HB_HUBAVG,2972,17.81,852.6546600000053,47.87505109489081,1.75,0.0,2.0,15667.0,51055.96121162988,3.044090909090909
2026-04,month,HB_HUBAVG,2880,25.025,777.9020900000006,31.084998601398627,6.25,0.25,7.25,16116.8,52634.23209389028,2.7676190476190476
2026-05,month,HB_HUBAVG,2976,23.835,155.44175000000288,6.521575414306812,0.0,0.0,0.0,16306.5,56276.28673143011,2.9385000000000003
2026-06,month,HB_HUBAVG,2880,26.58,177.3180900000003,6.671109480812652,0.0,0.0,0.0,17324.7,65662.12944030277,3.144761904761905
2026-07,month,HB_HUBAVG,2976,25.78,208.08750000001348,8.071664080683222,0.25,0.0,0.5,18069.6,69287.0643721828,2.887272727272727
2026-08,month,HB_HUBAVG,2976,25.825,547.4060000000071,21.196747337851196,4.75,0.0,6.75,18204.5,73142.35995256854,2.7852380952380953
2026-09,month,HB_HUBAVG,2880,32.345,375.0242600000007,11.594504869377051,2.5,0.0,3.25,,,2.95
2026-10,month,HB_HUBAVG,672,42.48,377.97342000000583,8.897679378531212,0.5,0.0,1.5,,,2.9725
2019,year,HB_HUBAVG,35040,19.07,2414.866270000294,126.63168694285758,81.5,26.25,96.5,107.2,,
2020,year,HB_HUBAVG,35136,16.56,769.833300000065,46.48751811594596,42.0,5.0,49.25,218.4,,
2021,year,HB_HUBAVG,35040,24.6,9000.846880000001,365.88808455284556,235.75,161.25,246.5,820.9,,
2022,year,HB_HUBAVG,35040,44.02,2996.7944300000286,68.0780197637444,124.0,35.0,153.75,2130.0,,
2023,year,HB_HUBAVG,35040,21.37,4559.426040000005,213.35638933083783,126.75,59.0,141.75,4173.5,,
2024,year,HB_HUBAVG,35136,19.6,883.622600000017,45.08278571428658,29.0,8.0,40.75,8293.8,,
2025,year,HB_HUBAVG,35040,25.68,311.80047000000377,12.141762850467437,10.0,2.25,19.5,13909.3,,
2026,year,HB_HUBAVG,26876,24.92,671.0800000000206,26.929373996790552,32.0,1.0,46.0,,,
