# Energy Research Warehouse (ERW): finding batteries_lunch_grids, BATTERIES ATE THEIR OWN LUNCH? FIVE GRIDS
# Computed 2026-10-10T16:34:42Z by warehouse/analysis/findings/batteries_lunch_grids.py; method https://github.com/SamuelEnrique/erw/blob/main/docs/methods/automated_analysis_findings.md
# Rows: one per grid and local month and one per grid and local year (kind): the spike measures, the grid's battery fleet, its mean load and Henry Hub; share_of_year_pct is the share of the year's intervals held and full_year whether it is at least 90 percent. MISO and PJM are not in the file: paused, and licensed
# Sources: ercot_all_hub_prices_history, iso_rtm_hub_prices, iso_hub_prices_history, iso_zone_prices_history, storage_buildout_monthly, ercot_zone_load_hourly, eia930_daily_demand, eia_fuel_spot_prices
grid,period,kind,node,interval_minutes,n_intervals,median_usd_mwh,p999_usd_mwh,worst_interval_multiple,hours_top1pct,hours_ge_1000,hours_ge_250,battery_mw,load_mean_mw,henry_hub_usd_mmbtu,share_of_year_pct,full_year
ercot,2019-01,month,HB_HUBAVG,15,2976,21.05,239.85725000002375,11.394643705464311,0.25,0.0,0.75,87.3,40076.165857688175,3.123181818181818,,
ercot,2019-02,month,HB_HUBAVG,15,2688,19.235,332.20260000000513,17.270735638159874,1.0,0.0,2.75,87.3,38818.38511459822,2.6875,,
ercot,2019-03,month,HB_HUBAVG,15,2972,20.405,749.4260700000672,36.727570203384815,3.75,0.5,5.0,87.3,37388.9104417362,2.948571428571429,,
ercot,2019-04,month,HB_HUBAVG,15,2880,18.78,561.9676800000017,29.92373162939306,3.0,0.0,4.5,87.3,37211.810745980554,2.6471428571428572,,
ercot,2019-05,month,HB_HUBAVG,15,2976,20.53,471.0485000000345,22.944398441307087,1.5,0.25,1.75,87.3,43052.09302716801,2.637391304347826,,
ercot,2019-06,month,HB_HUBAVG,15,2880,18.78,643.5479900000005,34.26773109691163,4.0,0.5,4.5,107.2,48831.17174528612,2.3985,,
ercot,2019-07,month,HB_HUBAVG,15,2976,19.67,738.7590000000024,37.55765124555172,7.75,0.25,9.5,107.2,52728.988845064516,2.366190476190476,,
ercot,2019-08,month,HB_HUBAVG,15,2976,19.36,9000.823000000002,464.9185433884299,33.75,18.0,37.75,107.2,56255.04173018548,2.2209090909090907,,
ercot,2019-09,month,HB_HUBAVG,15,2880,20.61,2953.5065300000733,143.3045380883102,15.0,4.75,17.0,107.2,51794.903854209726,2.548095238095238,,
ercot,2019-10,month,HB_HUBAVG,15,2976,17.545,2014.7065000000644,114.83080649758132,6.75,2.0,7.75,107.2,41239.15788823656,2.331304347826087,,
ercot,2019-11,month,HB_HUBAVG,15,2884,18.98,361.54778000000084,19.04888198103271,4.5,0.0,5.0,107.2,38569.96684129265,2.653,,
ercot,2019-12,month,HB_HUBAVG,15,2976,16.58,114.44550000001365,6.902623642944129,0.25,0.0,0.25,107.2,39399.77518244489,2.2190909090909092,,
ercot,2020-01,month,HB_HUBAVG,15,2976,15.19,305.96675000000187,20.142643186306906,1.0,0.0,1.25,117.1,39024.78102166129,2.0185714285714287,,
ercot,2020-02,month,HB_HUBAVG,15,2784,15.28,413.08073000000434,27.03407918848196,1.75,0.25,1.75,127.0,40236.663918900864,1.9131578947368422,,
ercot,2020-03,month,HB_HUBAVG,15,2972,16.555,843.5581700000423,50.9548879492626,6.0,0.5,6.25,136.9,37960.211578930015,1.7914285714285714,,
ercot,2020-04,month,HB_HUBAVG,15,2880,15.6,853.6112600000354,54.71867051282278,3.0,0.75,4.0,146.8,37442.44482000972,1.7390476190476192,,
ercot,2020-05,month,HB_HUBAVG,15,2976,14.72,440.875750000001,29.950798233695718,3.75,0.0,4.75,156.7,42032.121480911286,1.7485,,
ercot,2020-06,month,HB_HUBAVG,15,2880,14.825,58.231480000001504,3.9279244519393934,0.25,0.0,0.25,156.7,49317.44968904167,1.6318181818181818,,
ercot,2020-07,month,HB_HUBAVG,15,2976,16.44,239.22750000000804,14.551551094890998,0.25,0.0,0.75,156.7,54180.690295876346,1.7586363636363636,,
ercot,2020-08,month,HB_HUBAVG,15,2976,17.9,1398.9327500002466,78.15266759777914,9.5,2.0,11.75,156.7,54885.77276773387,2.3023809523809526,,
ercot,2020-09,month,HB_HUBAVG,15,2880,16.89,760.5928200000012,45.03213854351694,3.25,0.25,3.75,156.7,45524.06638110278,1.9223809523809523,,
ercot,2020-10,month,HB_HUBAVG,15,2976,17.92,799.2245000000702,44.5995814732182,7.25,0.5,8.75,178.8,42011.63798672984,2.389090909090909,,
ercot,2020-11,month,HB_HUBAVG,15,2884,18.03,902.9680600000211,50.081423183584086,4.0,0.75,4.0,198.6,37899.21612024549,2.6136842105263156,,
ercot,2020-12,month,HB_HUBAVG,15,2976,17.9,350.8595000000004,19.601089385474886,2.0,0.0,2.0,218.4,40715.34274148924,2.575909090909091,,
ercot,2021-01,month,HB_HUBAVG,15,2976,17.994999999999997,348.5155000000182,19.36735204223497,2.25,0.0,2.5,218.4,41408.449959611564,2.7126315789473683,,
ercot,2021-02,month,HB_HUBAVG,15,2688,20.235,9019.728880000002,445.7488944897456,174.5,152.0,177.0,218.4,43263.88807899256,5.353684210526316,,
ercot,2021-03,month,HB_HUBAVG,15,2972,16.775,575.6652500000055,34.31685543964265,5.25,0.0,6.0,218.4,36767.06596463392,2.6182608695652174,,
ercot,2021-04,month,HB_HUBAVG,15,2880,19.1,1988.1653900000003,104.09242879581153,19.25,5.5,20.75,228.3,38996.225754315274,2.662857142857143,,
ercot,2021-05,month,HB_HUBAVG,15,2976,18.985,617.2960000000003,32.51493284171716,3.75,0.0,4.25,238.2,42709.767716533606,2.9125,,
ercot,2021-06,month,HB_HUBAVG,15,2880,24.36,1740.6445200000094,71.45502955665063,8.25,3.75,9.0,348.1,51853.23236386944,3.258181818181818,,
ercot,2021-07,month,HB_HUBAVG,15,2976,29.84,638.0557500000161,21.38256534852601,6.25,0.0,7.5,365.5,53176.84857879704,3.8404761904761906,,
ercot,2021-08,month,HB_HUBAVG,15,2976,32.65,435.04150000000067,13.324395099540602,1.75,0.0,2.5,375.4,55623.19221935081,4.074090909090909,,
ercot,2021-09,month,HB_HUBAVG,15,2880,38.980000000000004,393.27299,10.08909671626475,2.0,0.0,2.25,405.4,50757.14150308751,5.161428571428571,,
ercot,2021-10,month,HB_HUBAVG,15,2976,40.72,661.8117500001508,16.252744351673645,5.0,0.0,5.5,820.9,43897.0395452957,5.513809523809523,,
ercot,2021-11,month,HB_HUBAVG,15,2884,32.035,790.2346100000224,24.667851100359684,6.25,0.0,7.25,820.9,38813.50608729959,5.0505,,
ercot,2021-12,month,HB_HUBAVG,15,2976,23.56,352.06675000000075,14.94341044142618,1.25,0.0,2.0,820.9,40560.86006609409,3.757727272727273,,
ercot,2022-01,month,HB_HUBAVG,15,2976,25.115000000000002,361.72850000001284,14.402886721083528,2.0,0.0,2.5,820.9,44877.55878466532,4.383,,
ercot,2022-02,month,HB_HUBAVG,15,2688,25.8,3176.739000000027,123.1294186046522,8.0,5.0,9.0,820.9,46532.32687036905,4.691578947368421,,
ercot,2022-03,month,HB_HUBAVG,15,2972,25.619999999999997,516.9719400000378,20.178451990633793,4.25,0.0,6.25,870.4,40975.412823783314,4.898260869565218,,
ercot,2022-04,month,HB_HUBAVG,15,2880,36.644999999999996,866.2914800000176,23.640100422977696,10.25,0.75,13.25,991.2,42748.26981109167,6.595999999999999,,
ercot,2022-05,month,HB_HUBAVG,15,2976,56.68,4256.399000000096,75.09525405787043,21.75,5.5,30.5,991.2,51671.92883606721,8.144761904761904,,
ercot,2022-06,month,HB_HUBAVG,15,2880,61.545,243.36968000000473,3.954337151677711,0.5,0.0,0.75,1315.1,58376.67188647639,7.703333333333334,,
ercot,2022-07,month,HB_HUBAVG,15,2976,64.81,5079.873250000001,78.38100987501929,44.75,18.25,49.0,1584.2,61788.42879294758,7.2844999999999995,,
ercot,2022-08,month,HB_HUBAVG,15,2976,78.46,829.0115000000297,10.566040020392936,13.75,0.0,19.5,1705.0,57782.59122344489,8.805652173913044,,
ercot,2022-09,month,HB_HUBAVG,15,2880,60.18,522.9550400000101,8.68984778996361,3.0,0.0,4.5,1705.0,51961.62057877778,7.880476190476191,,
ercot,2022-10,month,HB_HUBAVG,15,2976,41.715,851.669500000007,20.416384993407814,6.5,0.5,7.25,1980.0,43236.08207389785,5.6605,,
ercot,2022-11,month,HB_HUBAVG,15,2884,34.16,446.4441600000519,13.06920843091487,1.75,0.0,3.0,2030.0,43278.10596776006,5.450952380952381,,
ercot,2022-12,month,HB_HUBAVG,15,2976,33.91,2999.01375000004,88.44039368917842,7.5,5.0,8.25,2130.0,45407.34771210753,5.52952380952381,,
ercot,2023-01,month,HB_HUBAVG,15,2976,18.26,279.41475000003066,15.302012595839575,0.75,0.0,1.25,2149.8,43225.72466531855,3.2730000000000006,,
ercot,2023-02,month,HB_HUBAVG,15,2688,14.265,145.16582000000247,10.176363126533646,0.25,0.0,0.25,2149.8,44974.16456633631,2.3805263157894734,,
ercot,2023-03,month,HB_HUBAVG,15,2972,18.06,638.011720000004,35.3273377630124,4.0,0.0,5.0,2349.8,42735.875115788695,2.3056521739130433,,
ercot,2023-04,month,HB_HUBAVG,15,2880,16.425,317.27554000000345,19.316623439878445,1.0,0.0,1.5,2349.8,42591.106582466666,2.1631578947368424,,
ercot,2023-05,month,HB_HUBAVG,15,2976,21.77,635.6515000000093,29.198507119890184,3.75,0.25,4.75,2369.6,48989.97682367473,2.1468181818181815,,
ercot,2023-06,month,HB_HUBAVG,15,2880,22.015,4852.213580000005,220.404886668181,10.0,5.75,11.0,2509.3,59251.82136170694,2.177142857142857,,
ercot,2023-07,month,HB_HUBAVG,15,2976,24.61,3067.9622500000237,124.66323648923299,6.5,2.5,8.5,2994.3,63739.65274423925,2.5509999999999997,,
ercot,2023-08,month,HB_HUBAVG,15,2976,30.134999999999998,5033.946000000009,167.04649079143883,71.25,37.25,76.5,3184.3,67528.74159995969,2.5830434782608696,,
ercot,2023-09,month,HB_HUBAVG,15,2880,24.675,5005.903510000004,202.87349584599812,21.5,12.25,23.75,3184.3,59652.132139305555,2.6365000000000003,,
ercot,2023-10,month,HB_HUBAVG,15,2976,21.435000000000002,1063.6220000000021,49.62080709120607,3.5,1.0,4.25,3267.2,47561.230834426075,2.9814285714285713,,
ercot,2023-11,month,HB_HUBAVG,15,2884,22.82,653.1598400000014,28.62225416301496,2.75,0.0,3.0,3277.2,43506.73669132871,2.7076190476190476,,
ercot,2023-12,month,HB_HUBAVG,15,2976,17.27,447.29025000000195,25.899840764331323,1.5,0.0,2.0,4173.5,44719.14199777823,2.523,,
ercot,2024-01,month,HB_HUBAVG,15,2976,21.955,605.6285000000877,27.58499202915453,3.75,0.25,5.0,4379.9,51317.67125799328,3.1761904761904765,,
ercot,2024-02,month,HB_HUBAVG,15,2784,10.67,179.15062000001012,16.790123711341156,0.25,0.0,0.75,4389.8,44001.446554635055,1.7215,,
ercot,2024-03,month,HB_HUBAVG,15,2972,15.05,456.9682000001515,30.363335548182825,1.25,0.0,2.75,4638.7,43339.16584081292,1.4929999999999999,,
ercot,2024-04,month,HB_HUBAVG,15,2880,13.15,1650.6376800000385,125.52377794677098,6.25,1.5,8.0,4689.0,46467.68200118889,1.5990909090909091,,
ercot,2024-05,month,HB_HUBAVG,15,2976,18.545,3008.592750000616,162.23201671612918,4.75,2.75,7.25,4698.9,53723.99658743414,2.1204545454545456,,
ercot,2024-06,month,HB_HUBAVG,15,2880,21.92,369.1298500000102,16.839865419708495,1.25,0.0,1.25,5146.4,61636.129458116666,2.5357894736842104,,
ercot,2024-07,month,HB_HUBAVG,15,2976,19.705,299.71175000004826,15.209934026899177,0.75,0.0,1.25,5418.8,59871.75477983736,2.075454545454545,,
ercot,2024-08,month,HB_HUBAVG,15,2976,22.19,2432.8900000010017,109.63902658859854,4.0,1.75,4.5,6037.0,66220.11480477823,1.9904545454545455,,
ercot,2024-09,month,HB_HUBAVG,15,2880,20.81,317.95391000000177,15.278900048053906,1.0,0.0,1.5,6483.9,56939.526116738896,2.276,,
ercot,2024-10,month,HB_HUBAVG,15,2976,18.765,303.8760000000006,16.193764988009622,0.75,0.0,3.0,6869.7,52720.34558892876,2.1990909090909088,,
ercot,2024-11,month,HB_HUBAVG,15,2884,19.9,1306.2445000000262,65.64042713567972,4.75,1.5,5.25,7114.8,46819.38120484189,2.117,,
ercot,2024-12,month,HB_HUBAVG,15,2976,23.395,114.3370000000008,4.887240863432392,0.25,0.25,0.25,8293.8,46895.72430532258,3.005714285714286,,
ercot,2025-01,month,HB_HUBAVG,15,2976,26.990000000000002,764.575000000252,28.328084475741086,1.25,0.75,1.25,8523.7,54410.64253349462,4.126190476190477,,
ercot,2025-02,month,HB_HUBAVG,15,2688,23.630000000000003,329.3892200000047,13.939450698265114,1.0,0.0,3.25,8733.6,51637.212937077384,4.1889473684210525,,
ercot,2025-03,month,HB_HUBAVG,15,2972,21.98,215.87163000001465,9.821275250228146,0.0,0.0,0.25,8867.5,46700.76649658815,4.12,,
ercot,2025-04,month,HB_HUBAVG,15,2880,22.675,550.1235800000119,24.26123836824749,2.0,0.5,3.5,8867.5,50698.186367284725,3.4233333333333333,,
ercot,2025-05,month,HB_HUBAVG,15,2976,25.99,964.2127500000457,37.09937475952466,3.25,0.75,4.0,9274.2,55350.67916457392,3.1185714285714283,,
ercot,2025-06,month,HB_HUBAVG,15,2880,24.63,171.78746000000058,6.974724319935063,0.25,0.0,0.5,10105.8,62730.57063375555,3.024,,
ercot,2025-07,month,HB_HUBAVG,15,2976,25.92,310.61175000000065,11.983478009259283,1.25,0.25,2.0,10765.6,64311.56621171909,3.2013636363636366,,
ercot,2025-08,month,HB_HUBAVG,15,2976,29.72,181.33175000001313,6.101337483176755,0.25,0.0,0.25,11045.6,66420.98745256048,2.912857142857143,,
ercot,2025-09,month,HB_HUBAVG,15,2880,26.064999999999998,160.34248000000443,6.151639363130806,0.0,0.0,0.0,11837.6,61081.767754775,2.974285714285714,,
ercot,2025-10,month,HB_HUBAVG,15,2976,27.13,246.45875000001612,9.084362329525106,0.25,0.0,0.75,12417.6,55038.429598439514,3.1990909090909088,,
ercot,2025-11,month,HB_HUBAVG,15,2884,27.035,211.3083200000017,7.816102089883547,0.25,0.0,0.5,12900.8,49290.89518717891,3.7941176470588234,,
ercot,2025-12,month,HB_HUBAVG,15,2976,26.575,290.3502500000004,10.925691439322687,0.25,0.0,3.25,13909.3,50769.29273743145,4.263809523809524,,
ercot,2026-01,month,HB_HUBAVG,15,2976,24.055,919.0620000000974,38.20669299522334,16.0,0.75,24.75,14204.2,53508.664508998656,7.717894736842105,,
ercot,2026-02,month,HB_HUBAVG,15,2688,17.5,236.86050000000085,13.534885714285764,0.0,0.0,0.0,15182.1,49325.22553196131,3.621578947368421,,
ercot,2026-03,month,HB_HUBAVG,15,2972,17.81,852.6546600000053,47.87505109489081,1.75,0.0,2.0,15667.0,51055.96121162988,3.044090909090909,,
ercot,2026-04,month,HB_HUBAVG,15,2880,25.025,777.9020900000006,31.084998601398627,6.25,0.25,7.25,16116.8,52634.23209389028,2.7676190476190476,,
ercot,2026-05,month,HB_HUBAVG,15,2976,23.835,155.44175000000288,6.521575414306812,0.0,0.0,0.0,16306.5,56276.28673143011,2.9385000000000003,,
ercot,2026-06,month,HB_HUBAVG,15,2880,26.58,177.3180900000003,6.671109480812652,0.0,0.0,0.0,17324.7,65662.12944030277,3.144761904761905,,
ercot,2026-07,month,HB_HUBAVG,15,2976,25.78,208.08750000001348,8.071664080683222,0.25,0.0,0.5,18069.6,69287.0643721828,2.887272727272727,,
ercot,2026-08,month,HB_HUBAVG,15,2976,25.825,547.4060000000071,21.196747337851196,4.75,0.0,6.75,18204.5,73142.35995256854,2.7852380952380953,,
ercot,2026-09,month,HB_HUBAVG,15,2880,32.345,375.0242600000007,11.594504869377051,2.5,0.0,3.25,,,2.95,,
ercot,2026-10,month,HB_HUBAVG,15,672,42.48,377.97342000000583,8.897679378531212,0.5,0.0,1.5,,,2.9725,,
ercot,2019,year,HB_HUBAVG,15,35040,19.07,2414.866270000294,126.63168694285758,81.5,26.25,96.5,107.2,,,100.0,True
ercot,2020,year,HB_HUBAVG,15,35136,16.56,769.833300000065,46.48751811594596,42.0,5.0,49.25,218.4,,,100.0,True
ercot,2021,year,HB_HUBAVG,15,35040,24.6,9000.846880000001,365.88808455284556,235.75,161.25,246.5,820.9,,,100.0,True
ercot,2022,year,HB_HUBAVG,15,35040,44.02,2996.7944300000286,68.0780197637444,124.0,35.0,153.75,2130.0,,,100.0,True
ercot,2023,year,HB_HUBAVG,15,35040,21.37,4559.426040000005,213.35638933083783,126.75,59.0,141.75,4173.5,,,100.0,True
ercot,2024,year,HB_HUBAVG,15,35136,19.6,883.622600000017,45.08278571428658,29.0,8.0,40.75,8293.8,,,100.0,True
ercot,2025,year,HB_HUBAVG,15,35040,25.68,311.80047000000377,12.141762850467437,10.0,2.25,19.5,13909.3,,,100.0,True
ercot,2026,year,HB_HUBAVG,15,26876,24.92,671.0800000000206,26.929373996790552,32.0,1.0,46.0,,,,76.70091324200914,False
caiso,2024-09,month,TH_SP15_GEN-APND,15,2880,32.0578,165.31999540000012,5.156935142149496,9.5,0.0,0.0,10911.9,28824.527777777777,2.276,,
caiso,2024-10,month,TH_SP15_GEN-APND,15,2976,37.66925,132.69455250000195,3.5226226298639327,3.75,0.0,0.0,11094.9,26372.84677419355,2.1990909090909088,,
caiso,2024-11,month,TH_SP15_GEN-APND,15,2784,39.62345,95.7329165000001,2.416067164772379,1.0,0.0,0.0,11268.4,24033.183333333334,2.117,,
caiso,2024-12,month,TH_SP15_GEN-APND,15,2976,41.004000000000005,104.5749325000027,2.550359294215264,2.0,0.0,0.25,11746.3,24546.52822580645,3.005714285714286,,
caiso,2025-01,month,TH_SP15_GEN-APND,15,2976,45.0783,238.83267500005692,5.298173955097174,4.75,0.0,0.75,11446.3,23894.34811827957,4.126190476190477,,
caiso,2025-02,month,TH_SP15_GEN-APND,15,2688,39.5068,95.26806670000045,2.4114346568185843,1.0,0.0,0.0,11686.3,23237.858630952378,4.1889473684210525,,
caiso,2025-03,month,TH_SP15_GEN-APND,15,2972,31.7147,483.4120567000548,15.242523394515944,9.75,0.0,1.5,11784.8,22296.809139784946,4.12,,
caiso,2025-04,month,TH_SP15_GEN-APND,15,2880,25.88055,178.2170907000537,6.886140004754679,1.5,0.0,0.75,12299.5,22763.506944444445,3.4233333333333333,,
caiso,2025-05,month,TH_SP15_GEN-APND,15,2976,26.27965,115.33465000000072,4.388743761808119,3.25,0.0,0.0,12851.2,24538.094086021505,3.1185714285714283,,
caiso,2025-06,month,TH_SP15_GEN-APND,15,2880,30.2436,95.84060070000112,3.168954777209099,1.0,0.0,0.25,13350.7,26890.44722222222,3.024,,
caiso,2025-07,month,TH_SP15_GEN-APND,15,2976,35.269499999999994,96.59911000000001,2.7388851557294553,1.0,0.0,0.0,13607.2,28403.438172043014,3.2013636363636366,,
caiso,2025-08,month,TH_SP15_GEN-APND,15,2976,37.661649999999995,263.1929375000577,6.988353869255802,9.5,0.0,1.0,14267.3,31014.21370967742,2.912857142857143,,
caiso,2025-09,month,TH_SP15_GEN-APND,15,2880,38.32275,109.5720695,2.8591911984395693,4.0,0.0,0.0,14390.0,29761.580555555553,2.974285714285714,,
caiso,2025-10,month,TH_SP15_GEN-APND,15,2976,35.9324,103.48770500000732,2.880066597277313,1.75,0.0,0.0,15021.8,24951.827956989247,3.1990909090909088,,
caiso,2025-11,month,TH_SP15_GEN-APND,15,2784,43.1717,106.2917199,2.4620693625685344,1.0,0.0,0.0,15221.3,24013.6,3.7941176470588234,,
caiso,2025-12,month,TH_SP15_GEN-APND,15,2976,34.828500000000005,80.564412500002,2.313174914222605,0.25,0.0,0.0,15759.8,24915.3373655914,4.263809523809524,,
caiso,2026-01,month,TH_SP15_GEN-APND,15,2976,30.709200000000003,150.9860450000146,4.916638824847752,17.0,0.0,0.0,15770.3,24411.666666666664,7.717894736842105,,
caiso,2026-02,month,TH_SP15_GEN-APND,15,2688,26.3161,91.15798530000401,3.4639625666418663,0.75,0.0,0.25,15771.8,24029.434523809523,3.621578947368421,,
caiso,2026-03,month,TH_SP15_GEN-APND,15,2972,20.24305,1019.9330128000016,50.384354768673774,14.0,1.25,3.0,15979.0,24775.961021505376,3.044090909090909,,
caiso,2026-04,month,TH_SP15_GEN-APND,15,2880,8.4626,68.79369070000045,8.12914360834737,0.0,0.0,0.0,15979.0,23487.281944444447,2.7676190476190476,,
caiso,2026-05,month,TH_SP15_GEN-APND,15,2976,7.748200000000001,145.09260000000023,18.725975065176456,4.25,0.0,0.0,16069.4,24659.90188172043,2.9385000000000003,,
caiso,2026-06,month,TH_SP15_GEN-APND,15,2880,14.05795,79.42334300000002,5.649710163999731,0.25,0.0,0.0,16825.4,27837.936111111114,3.144761904761905,,
caiso,2026-07,month,TH_SP15_GEN-APND,15,2976,35.41595,848.0099300000203,23.94429430807363,18.75,0.0,3.25,17093.2,31540.263440860213,2.887272727272727,,
caiso,2026-08,month,TH_SP15_GEN-APND,15,2976,45.228049999999996,1147.1833375000015,25.36442180239921,54.5,1.5,5.75,17094.2,34057.271505376346,2.7852380952380953,,
caiso,2026-09,month,TH_SP15_GEN-APND,15,2880,39.0617,166.76034920000018,4.269152371760578,10.75,0.0,0.0,,30255.92222222222,2.95,,
caiso,2026-10,month,TH_SP15_GEN-APND,15,672,45.69115,313.96961610000903,6.871563007278413,8.5,0.0,0.5,,34676.57142857143,2.9725,,
caiso,2024,year,TH_SP15_GEN-APND,15,11616,37.6184,131.69199350000144,3.5007335107288307,16.25,0.0,0.25,11746.3,,,33.060109289617486,False
caiso,2025,year,TH_SP15_GEN-APND,15,34940,35.61345,118.47896360000182,3.326803878871657,38.75,0.0,4.25,15759.8,,,99.71461187214612,True
caiso,2026,year,TH_SP15_GEN-APND,15,26876,26.3076,683.8883875000554,25.995848633096724,128.75,2.75,12.75,,,,76.70091324200914,False
nyiso,2019-01,month,N.Y.C.,60,744,38.269999999999996,272.9308200000026,7.1317172720147015,2.0,0.0,2.0,8.0,18720.145161290322,3.123181818181818,,
nyiso,2019-02,month,N.Y.C.,60,672,28.325,135.3304700000001,4.777774757281557,0.0,0.0,0.0,13.0,18157.584821428572,2.6875,,
nyiso,2019-03,month,N.Y.C.,60,743,30.9,141.2444400000012,4.571017475728194,0.0,0.0,0.0,33.0,17133.072580645163,2.948571428571429,,
nyiso,2019-04,month,N.Y.C.,60,720,24.96,255.52824000001175,10.237509615385086,1.0,0.0,1.0,33.0,15456.508333333333,2.6471428571428572,,
nyiso,2019-05,month,N.Y.C.,60,744,22.405,91.45593000000002,4.081942869895114,0.0,0.0,0.0,33.0,15528.032258064517,2.637391304347826,,
nyiso,2019-06,month,N.Y.C.,60,720,21.125,259.10029000001975,12.265102485208036,1.0,0.0,1.0,33.0,17892.123611111114,2.3985,,
nyiso,2019-07,month,N.Y.C.,60,744,28.08,206.98507000001376,7.371263176638667,1.0,0.0,1.0,33.0,22478.33064516129,2.366190476190476,,
nyiso,2019-08,month,N.Y.C.,60,744,21.115000000000002,115.63261000000344,5.476325361117851,0.0,0.0,0.0,33.0,20294.560483870966,2.2209090909090907,,
nyiso,2019-09,month,N.Y.C.,60,720,19.979999999999997,128.5958700000019,6.436229729729826,0.0,0.0,0.0,33.0,17478.036111111112,2.548095238095238,,
nyiso,2019-10,month,N.Y.C.,60,744,18.33,214.23314000000087,11.687569012547785,0.0,0.0,0.0,33.0,15727.520161290322,2.331304347826087,,
nyiso,2019-11,month,N.Y.C.,60,721,24.66,125.95200000000058,5.107542579075449,0.0,0.0,0.0,33.0,16690.293055555558,2.653,,
nyiso,2019-12,month,N.Y.C.,60,744,23.119999999999997,226.75893000000303,9.807912197231966,1.0,0.0,1.0,53.0,17811.271505376342,2.2190909090909092,,
nyiso,2020-01,month,N.Y.C.,60,744,21.195,227.35663000000034,10.726899268695464,0.0,0.0,0.0,57.0,17638.5564516129,2.0185714285714287,,
nyiso,2020-02,month,N.Y.C.,60,696,19.495,115.3490500000002,5.916853039240841,0.0,0.0,0.0,57.0,17369.813218390806,1.9131578947368422,,
nyiso,2020-03,month,N.Y.C.,60,743,15.58,73.19470000000027,4.697991014120685,0.0,0.0,0.0,57.0,15614.625,1.7914285714285714,,
nyiso,2020-04,month,N.Y.C.,60,720,14.19,87.78186000000095,6.186177589852075,0.0,0.0,0.0,57.0,14333.225,1.7390476190476192,,
nyiso,2020-05,month,N.Y.C.,60,744,13.85,95.72686000000346,6.911686642599528,0.0,0.0,0.0,57.0,14371.974462365592,1.7485,,
nyiso,2020-06,month,N.Y.C.,60,720,16.6,93.94482000000146,5.6593265060241835,0.0,0.0,0.0,57.0,17952.218055555553,1.6318181818181818,,
nyiso,2020-07,month,N.Y.C.,60,744,24.025,109.91657000000012,4.575091363163377,0.0,0.0,0.0,57.0,22096.02688172043,1.7586363636363636,,
nyiso,2020-08,month,N.Y.C.,60,744,20.93,119.81819000000054,5.72471046344962,0.0,0.0,0.0,57.0,20372.09005376344,2.3023809523809526,,
nyiso,2020-09,month,N.Y.C.,60,720,17.265,66.36777000000315,3.844064291920252,0.0,0.0,0.0,57.0,16985.2875,1.9223809523809523,,
nyiso,2020-10,month,N.Y.C.,60,744,17.02,113.13998000000322,6.647472385429096,0.0,0.0,0.0,60.0,15273.728494623656,2.389090909090909,,
nyiso,2020-11,month,N.Y.C.,60,721,19.69,121.80280000000435,6.1860233621129685,0.0,0.0,0.0,60.0,15708.33888888889,2.6136842105263156,,
nyiso,2020-12,month,N.Y.C.,60,744,26.365000000000002,259.04882000000845,9.825481509577411,1.0,0.0,1.0,69.8,17379.897849462366,2.575909090909091,,
nyiso,2021-01,month,N.Y.C.,60,744,27.95,355.4963600000241,12.71901109123521,3.0,0.0,3.0,71.8,17773.80510752688,2.7126315789473683,,
nyiso,2021-02,month,N.Y.C.,60,672,51.394999999999996,242.3638700000004,4.715709115672738,1.0,0.0,0.0,74.8,18076.166666666668,5.353684210526316,,
nyiso,2021-03,month,N.Y.C.,60,743,22.54,245.53442000000027,10.893275066548371,1.0,0.0,1.0,74.8,16016.666666666668,2.6182608695652174,,
nyiso,2021-04,month,N.Y.C.,60,720,21.990000000000002,110.83730000000209,5.04035015916335,0.0,0.0,0.0,74.8,14737.040277777776,2.662857142857143,,
nyiso,2021-05,month,N.Y.C.,60,744,25.22,188.5078600000055,7.47453846153868,1.0,0.0,1.0,74.8,15208.125,2.9125,,
nyiso,2021-06,month,N.Y.C.,60,720,30.369999999999997,290.5707500000051,9.567690154758154,2.0,0.0,2.0,76.8,19102.8875,3.258181818181818,,
nyiso,2021-07,month,N.Y.C.,60,744,37.715,538.6261800000099,14.281484290070525,2.0,0.0,2.0,79.3,20111.475806451614,3.8404761904761906,,
nyiso,2021-08,month,N.Y.C.,60,744,41.92,287.1276300000042,6.849418654580253,2.0,0.0,2.0,79.3,21018.702956989247,4.074090909090909,,
nyiso,2021-09,month,N.Y.C.,60,720,45.89,173.1182700000013,3.772461756373966,0.0,0.0,0.0,88.8,17488.786111111112,5.161428571428571,,
nyiso,2021-10,month,N.Y.C.,60,744,49.16,161.81034000000022,3.2915040683482553,0.0,0.0,0.0,88.8,15529.70564516129,5.513809523809523,,
nyiso,2021-11,month,N.Y.C.,60,721,49.28,159.70160000000052,3.2406980519480624,0.0,0.0,0.0,91.3,16138.120833333332,5.0505,,
nyiso,2021-12,month,N.Y.C.,60,744,39.29,249.0112400000029,6.3377765334691505,1.0,0.0,1.0,95.3,16996.724462365593,3.757727272727273,,
nyiso,2022-01,month,N.Y.C.,60,744,135.935,1201.1788200000065,8.836420495089612,63.0,2.0,61.0,95.3,18777.405913978495,4.383,,
nyiso,2022-02,month,N.Y.C.,60,672,69.875,417.1173200000006,5.9694786404293465,20.0,0.0,17.0,95.3,17867.605654761905,4.691578947368421,,
nyiso,2022-03,month,N.Y.C.,60,743,47.88,537.9637000000105,11.23566624895594,10.0,0.0,10.0,105.3,16257.497311827958,4.898260869565218,,
nyiso,2022-04,month,N.Y.C.,60,720,57.85,161.21841000000174,2.7868350907519748,0.0,0.0,0.0,111.6,14956.83888888889,6.595999999999999,,
nyiso,2022-05,month,N.Y.C.,60,744,68.67,324.378780000005,4.723733508082205,3.0,0.0,2.0,116.6,15494.456989247312,8.144761904761904,,
nyiso,2022-06,month,N.Y.C.,60,720,69.41,602.9166000000031,8.686307448494498,7.0,0.0,7.0,117.6,17594.619444444445,7.703333333333334,,
nyiso,2022-07,month,N.Y.C.,60,744,82.035,529.1632800000092,6.450457487657819,26.0,0.0,26.0,123.6,21190.3064516129,7.2844999999999995,,
nyiso,2022-08,month,N.Y.C.,60,744,97.36,1014.0548400000193,10.41551807723931,31.0,1.0,30.0,123.6,21402.99865591398,8.805652173913044,,
nyiso,2022-09,month,N.Y.C.,60,720,70.49,346.54754000000264,4.916265285856188,5.0,0.0,5.0,123.6,17139.718055555557,7.880476190476191,,
nyiso,2022-10,month,N.Y.C.,60,744,49.125,218.11134000000104,4.4399254961832275,0.0,0.0,0.0,148.3,14945.3938172043,5.6605,,
nyiso,2022-11,month,N.Y.C.,60,721,49.25,512.8132000000044,10.41245076142141,8.0,0.0,7.0,149.0,15899.847222222223,5.450952380952381,,
nyiso,2022-12,month,N.Y.C.,60,744,67.32,3081.5944100000033,45.77531803327397,56.0,9.0,56.0,149.0,17535.15456989247,5.52952380952381,,
nyiso,2023-01,month,N.Y.C.,60,744,34.945,456.5473000000637,13.064738875377412,1.0,1.0,1.0,149.0,17069.729838709678,3.2730000000000006,,
nyiso,2023-02,month,N.Y.C.,60,672,31.89,388.9925700000088,12.197948259642796,6.0,0.0,6.0,149.0,17012.15773809524,2.3805263157894734,,
nyiso,2023-03,month,N.Y.C.,60,743,28.19,204.67436000000293,7.260530684640047,1.0,0.0,1.0,149.0,16119.404569892473,2.3056521739130433,,
nyiso,2023-04,month,N.Y.C.,60,720,25.795,177.56546000000253,6.883716224074531,0.0,0.0,0.0,149.0,14554.020833333334,2.1631578947368424,,
nyiso,2023-05,month,N.Y.C.,60,744,20.865000000000002,106.60091000000418,5.109077881620137,0.0,0.0,0.0,169.0,14567.493279569893,2.1468181818181815,,
nyiso,2023-06,month,N.Y.C.,60,720,24.435000000000002,142.06618000000677,5.814044608144332,0.0,0.0,0.0,169.0,16688.644444444442,2.177142857142857,,
nyiso,2023-07,month,N.Y.C.,60,744,33.55,419.83777000006455,12.513793442624875,1.0,1.0,1.0,189.0,20978.766129032258,2.5509999999999997,,
nyiso,2023-08,month,N.Y.C.,60,744,28.725,313.55524000000366,10.915761183638073,2.0,0.0,2.0,189.0,18754.940860215054,2.5830434782608696,,
nyiso,2023-09,month,N.Y.C.,60,720,26.994999999999997,643.162730000022,23.825253935914873,8.0,0.0,8.0,199.5,17445.216666666667,2.6365000000000003,,
nyiso,2023-10,month,N.Y.C.,60,744,25.915,663.7427500000248,25.61229982635635,4.0,0.0,4.0,201.5,15276.302419354839,2.9814285714285713,,
nyiso,2023-11,month,N.Y.C.,60,721,30.03,180.12440000000043,5.998148518148533,0.0,0.0,0.0,201.5,16109.136111111111,2.7076190476190476,,
nyiso,2023-12,month,N.Y.C.,60,744,28.69,96.72641000000056,3.3714329034506987,0.0,0.0,0.0,201.5,16808.245967741936,2.523,,
nyiso,2024-01,month,N.Y.C.,60,744,47.835,447.0482300000046,9.34563039615354,11.0,0.0,11.0,201.5,18044.391129032258,3.1761904761904765,,
nyiso,2024-02,month,N.Y.C.,60,696,28.1,131.9206500000028,4.694685053380883,0.0,0.0,0.0,201.5,17058.635057471263,1.7215,,
nyiso,2024-03,month,N.Y.C.,60,743,23.82,241.55158000000688,10.14070445004227,1.0,0.0,1.0,201.5,15647.377688172042,1.4929999999999999,,
nyiso,2024-04,month,N.Y.C.,60,720,23.58,713.9225300000141,30.276612807464556,3.0,0.0,3.0,201.5,14805.09861111111,1.5990909090909091,,
nyiso,2024-05,month,N.Y.C.,60,744,24.24,229.68045000000723,9.47526608910921,1.0,0.0,1.0,210.5,15277.024193548386,2.1204545454545456,,
nyiso,2024-06,month,N.Y.C.,60,720,28.185,478.5524100000408,16.9789749866965,2.0,0.0,2.0,210.5,18949.241666666665,2.5357894736842104,,
nyiso,2024-07,month,N.Y.C.,60,744,35.875,536.7820500000133,14.962565853658909,9.0,0.0,9.0,210.5,21531.263440860213,2.075454545454545,,
nyiso,2024-08,month,N.Y.C.,60,744,31.735,376.9734200000114,11.878790609737242,2.0,0.0,2.0,210.5,19500.774193548386,1.9904545454545455,,
nyiso,2024-09,month,N.Y.C.,60,720,30.365000000000002,186.43020000000718,6.139641034085532,1.0,0.0,1.0,213.5,16519.46111111111,2.276,,
nyiso,2024-10,month,N.Y.C.,60,744,29.66,120.81261000000036,4.073250505731637,0.0,0.0,0.0,213.5,14988.372311827958,2.1990909090909088,,
nyiso,2024-11,month,N.Y.C.,60,721,31.98,206.3476000000127,6.4523952470297905,1.0,0.0,1.0,213.5,15720.179166666667,2.117,,
nyiso,2024-12,month,N.Y.C.,60,744,61.15,444.0122500000003,7.261034341782507,4.0,0.0,4.0,221.5,17983.53494623656,3.005714285714286,,
nyiso,2025-01,month,N.Y.C.,60,744,117.08500000000001,520.165800000008,4.442633983857949,60.0,0.0,57.0,221.5,18996.467741935485,4.126190476190477,,
nyiso,2025-02,month,N.Y.C.,60,672,100.66,348.7881900000012,3.4650128154182513,21.0,0.0,17.0,231.5,18348.76636904762,4.1889473684210525,,
nyiso,2025-03,month,N.Y.C.,60,743,44.82,178.37020000000237,3.9797010263275854,0.0,0.0,0.0,236.1,15725.677419354839,4.12,,
nyiso,2025-04,month,N.Y.C.,60,720,42.22,324.41422000002075,7.683899099953121,1.0,0.0,1.0,236.1,14896.8125,3.4233333333333333,,
nyiso,2025-05,month,N.Y.C.,60,744,31.905,197.43226000000175,6.188129133364731,0.0,0.0,0.0,236.1,14818.368279569893,3.1185714285714283,,
nyiso,2025-06,month,N.Y.C.,60,720,37.945,1983.985190000013,52.28581341415241,23.0,5.0,23.0,246.1,18375.406944444447,3.024,,
nyiso,2025-07,month,N.Y.C.,60,744,53.89,2708.176520000042,50.25378586008613,21.0,4.0,21.0,246.1,21868.321236559143,3.2013636363636366,,
nyiso,2025-08,month,N.Y.C.,60,744,36.685,435.3173200000159,11.866357366771593,3.0,0.0,3.0,248.1,18389.505376344085,2.912857142857143,,
nyiso,2025-09,month,N.Y.C.,60,720,36.105000000000004,143.61409000000032,3.977678714859446,0.0,0.0,0.0,253.7,16335.58472222222,2.974285714285714,,
nyiso,2025-10,month,N.Y.C.,60,744,40.975,318.4378000000065,7.7715143380111416,2.0,0.0,2.0,253.7,14967.123655913978,3.1990909090909088,,
nyiso,2025-11,month,N.Y.C.,60,721,51.28,220.17800000000136,4.293642745709855,0.0,0.0,0.0,253.7,16133.968055555557,3.7941176470588234,,
nyiso,2025-12,month,N.Y.C.,60,744,90.955,277.6588000000011,3.0527051838821517,6.0,0.0,5.0,255.2,18681.360215053763,4.263809523809524,,
nyiso,2026-01,month,N.Y.C.,60,744,117.335,1304.3248800000624,11.116247326032834,130.0,2.0,129.0,255.2,19335.350806451614,7.717894736842105,,
nyiso,2026-02,month,N.Y.C.,60,672,82.93,437.1101700000065,5.270832871096183,67.0,0.0,62.0,255.2,18830.88839285714,3.621578947368421,,
nyiso,2026-03,month,N.Y.C.,60,743,44.25,389.7095400000018,8.806995254237329,5.0,0.0,5.0,255.2,16100.411290322581,3.044090909090909,,
nyiso,2026-04,month,N.Y.C.,60,720,36.974999999999994,348.40363000000747,9.422681000676336,4.0,0.0,4.0,263.2,14583.326388888889,2.7676190476190476,,
nyiso,2026-05,month,N.Y.C.,60,744,35.995000000000005,347.64381000000355,9.658113904709085,6.0,0.0,4.0,263.2,14697.461021505376,2.9385000000000003,,
nyiso,2026-06,month,N.Y.C.,60,720,42.765,627.3299800000049,14.669238395884598,11.0,0.0,9.0,263.2,17741.590277777777,3.144761904761905,,
nyiso,2026-07,month,N.Y.C.,60,288,50.2,144.2665600000004,2.873835856573713,0.0,0.0,0.0,266.2,20121.375,2.887272727272727,,
nyiso,2026-08,month,N.Y.C.,60,744,46.795,540.505360000006,11.550493856181344,9.0,0.0,8.0,268.7,19533.974462365593,2.7852380952380953,,
nyiso,2026-09,month,N.Y.C.,60,720,39.495000000000005,231.86276000001152,5.870686416002316,1.0,0.0,1.0,,16694.854166666668,2.95,,
nyiso,2026-10,month,N.Y.C.,60,196,37.505,193.26475000000264,5.153039594720774,0.0,0.0,0.0,,14956.154761904761,2.9725,,
nyiso,2019,year,N.Y.C.,60,8760,24.47,214.43042000000293,8.762992235390394,6.0,0.0,6.0,53.0,,,100.0,True
nyiso,2020,year,N.Y.C.,60,8784,18.23,152.1534200000007,8.346320351069703,1.0,0.0,1.0,69.8,,,100.0,True
nyiso,2021,year,N.Y.C.,60,8760,37.37,254.8079800000014,6.818516992239803,13.0,0.0,12.0,95.3,,,100.0,True
nyiso,2022,year,N.Y.C.,60,8760,67.12,1138.136280000085,16.95673837902391,229.0,12.0,221.0,149.0,,,100.0,True
nyiso,2023,year,N.Y.C.,60,8760,28.16,364.26232000004967,12.935451704547217,23.0,2.0,23.0,201.5,,,100.0,True
nyiso,2024,year,N.Y.C.,60,8784,30.884999999999998,436.5777000000045,14.135590092277951,35.0,0.0,35.0,221.5,,,100.0,True
nyiso,2025,year,N.Y.C.,60,8760,47.76,1000.2751700002281,20.943784966503937,137.0,9.0,129.0,255.2,,,100.0,True
nyiso,2026,year,N.Y.C.,60,6291,45.65,662.5432000000671,14.513542168676171,233.0,2.0,222.0,,,,71.81506849315069,False
isone,2024-09,month,.H.INTERNAL_HUB,15,2496,27.705,113.7304665000007,4.105052030319462,0.0,0.0,0.0,414.5,11942.654166666667,2.276,,
isone,2024-10,month,.H.INTERNAL_HUB,15,2880,28.23,180.34398860000036,6.388380750974154,0.0,0.0,0.0,414.5,11295.787634408603,2.1990909090909088,,
isone,2024-11,month,.H.INTERNAL_HUB,15,2884,36.293350000000004,220.43285610001584,6.073643135726402,0.5,0.0,0.75,418.9,12217.309722222222,2.117,,
isone,2024-12,month,.H.INTERNAL_HUB,15,2976,71.83834999999999,299.82236500001824,4.173569757657551,1.0,0.0,3.5,423.9,14298.297043010753,3.005714285714286,,
isone,2025-01,month,.H.INTERNAL_HUB,15,2784,130.85,369.03812610000125,2.8203142995796813,11.0,0.0,31.75,423.9,15170.961021505376,4.126190476190477,,
isone,2025-02,month,.H.INTERNAL_HUB,15,2304,122.09665,318.10539010000025,2.6053572321599345,3.75,0.0,18.5,423.9,14659.796130952382,4.1889473684210525,,
isone,2025-03,month,.H.INTERNAL_HUB,15,2684,39.335,168.05074000000613,4.272295411211545,0.25,0.0,0.5,423.9,12159.75,4.12,,
isone,2025-04,month,.H.INTERNAL_HUB,15,2592,35.63665,118.61218970000007,3.328376536515078,0.0,0.0,0.0,423.9,11034.823611111111,3.4233333333333333,,
isone,2025-05,month,.H.INTERNAL_HUB,15,2688,29.6367,100.5428300000013,3.3925109745687374,0.0,0.0,0.0,585.2,10859.138440860215,3.1185714285714283,,
isone,2025-06,month,.H.INTERNAL_HUB,15,2592,32.2033,1105.6529903000014,34.33353073442788,9.75,3.0,11.5,589.5,13383.759722222223,3.024,,
isone,2025-07,month,.H.INTERNAL_HUB,15,2784,46.675,351.5160739000005,7.531142450990905,4.0,0.0,6.25,589.5,15986.276881720429,3.2013636363636366,,
isone,2025-08,month,.H.INTERNAL_HUB,15,2688,34.97835,231.7250171000001,6.624812694137948,0.5,0.0,0.5,594.5,13493.864247311829,2.912857142857143,,
isone,2025-09,month,.H.INTERNAL_HUB,15,2496,28.323349999999998,116.18323350000026,4.1020300741261275,0.0,0.0,0.0,595.5,11932.02361111111,2.974285714285714,,
isone,2025-10,month,.H.INTERNAL_HUB,15,2880,35.519999999999996,264.47223070000086,7.445727215653179,0.5,0.0,1.25,595.5,11434.235215053764,3.1990909090909088,,
isone,2025-11,month,.H.INTERNAL_HUB,15,2596,50.215,282.78225000000447,5.631429851638045,0.75,0.0,1.5,770.5,12708.28611111111,3.7941176470588234,,
isone,2025-12,month,.H.INTERNAL_HUB,15,2688,116.45335,319.7343371,2.745600166075085,1.75,0.0,21.25,771.7,15101.905913978493,4.263809523809524,,
isone,2026-01,month,.H.INTERNAL_HUB,15,2976,123.13835,736.1039500000318,5.977861080646539,92.75,0.0,120.5,771.7,15624.338709677419,7.717894736842105,,
isone,2026-02,month,.H.INTERNAL_HUB,15,2592,92.74170000000001,457.6853397000005,4.935054454468706,34.75,0.0,67.0,771.7,15377.894345238095,3.621578947368421,,
isone,2026-03,month,.H.INTERNAL_HUB,15,2972,39.49665,264.76028570000034,6.703360555895255,0.25,0.0,1.0,1021.7,12837.306451612903,3.044090909090909,,
isone,2026-04,month,.H.INTERNAL_HUB,15,2592,38.771699999999996,165.04033030000122,4.256721534005505,0.0,0.0,0.0,1021.7,11214.895833333334,2.7676190476190476,,
isone,2026-05,month,.H.INTERNAL_HUB,15,2784,39.775000000000006,279.1136839000028,7.01731449151484,0.75,0.0,1.5,1021.7,11142.336021505376,2.9385000000000003,,
isone,2026-06,month,.H.INTERNAL_HUB,15,2688,39.7017,319.2124471000008,8.040271502227885,1.25,0.0,1.75,1021.7,13341.447222222223,3.144761904761905,,
isone,2026-07,month,.H.INTERNAL_HUB,15,2496,44.765,485.01070000000107,10.834596224729165,5.0,0.0,6.5,1021.7,15033.93682795699,2.887272727272727,,
isone,2026-08,month,.H.INTERNAL_HUB,15,2880,44.2867,362.2386114000025,8.179399490140437,1.25,0.0,3.75,1021.7,14987.927419354839,2.7852380952380953,,
isone,2026-09,month,.H.INTERNAL_HUB,15,2304,36.405,112.29983990000007,3.0847367092432374,0.0,0.0,0.0,,12209.75138888889,2.95,,
isone,2026-10,month,.H.INTERNAL_HUB,15,576,31.621699999999997,130.33570000000026,4.121717048735529,0.0,0.0,0.0,,11322.309523809525,2.9725,,
isone,2024,year,.H.INTERNAL_HUB,15,11236,35.9833,265.6655010000082,7.383022151942934,1.5,0.0,4.25,423.9,,,31.978597449908925,False
isone,2025,year,.H.INTERNAL_HUB,15,31776,44.071650000000005,359.4205575000045,8.155368757466636,32.25,3.0,93.0,771.7,,,90.68493150684931,True
isone,2026,year,.H.INTERNAL_HUB,15,24860,46.6717,622.5160900000244,13.338191880733387,136.0,0.0,202.0,,,,70.94748858447488,False
spp,2024-09,month,SPPNORTH_HUB,15,2880,18.474899999999998,188.8483156000007,10.221885671911659,0.25,0.0,0.25,29.5,33950.313888888886,2.276,,
spp,2024-10,month,SPPNORTH_HUB,15,2976,10.4395,521.8163325000281,49.98480123569406,3.25,0.0,2.75,29.5,30380.192204301078,2.1990909090909088,,
spp,2024-11,month,SPPNORTH_HUB,15,2884,14.15345,1072.0575620000193,75.74531736078619,2.75,1.0,2.75,29.5,29623.590277777777,2.117,,
spp,2024-12,month,SPPNORTH_HUB,15,2976,18.92655,316.44066750000036,16.71940567615336,2.5,0.0,2.0,29.5,32343.446236559143,3.005714285714286,,
spp,2025-01,month,SPPNORTH_HUB,15,2976,19.12055,406.67023500011027,21.268751944902746,4.25,0.0,4.0,29.5,36382.12903225807,4.126190476190477,,
spp,2025-02,month,SPPNORTH_HUB,15,2688,19.74445,480.9524883000027,24.35886987482572,2.75,0.5,2.75,29.5,35328.73809523809,4.1889473684210525,,
spp,2025-03,month,SPPNORTH_HUB,15,2972,13.190850000000001,743.8919011000762,56.394538721922856,5.75,0.25,5.25,29.5,29812.16129032258,4.12,,
spp,2025-04,month,SPPNORTH_HUB,15,2880,15.0288,516.4888665000194,34.36660721415012,4.25,0.5,3.75,29.5,29816.561111111114,3.4233333333333333,,
spp,2025-05,month,SPPNORTH_HUB,15,2976,22.662,591.0956450000851,26.083119098053356,4.0,0.5,3.75,199.5,30973.88172043011,3.1185714285714283,,
spp,2025-06,month,SPPNORTH_HUB,15,2880,22.1363,639.6266407000056,28.894921043715783,10.25,0.5,9.5,199.5,36260.566666666666,3.024,,
spp,2025-07,month,SPPNORTH_HUB,15,2976,25.86625,549.2367275000013,21.23372067849036,8.75,0.0,7.5,199.5,40842.206989247316,3.2013636363636366,,
spp,2025-08,month,SPPNORTH_HUB,15,2976,24.5878,429.1999775000161,17.45581050358373,6.0,0.0,4.5,199.5,39248.58064516129,2.912857142857143,,
spp,2025-09,month,SPPNORTH_HUB,15,2880,22.527,1352.099461800011,60.0212838726866,13.25,1.25,13.25,199.5,34309.68472222223,2.974285714285714,,
spp,2025-10,month,SPPNORTH_HUB,15,2976,16.409,1430.4955625000523,87.17749786702738,4.75,1.75,4.75,199.5,31740.52956989247,3.1990909090909088,,
spp,2025-11,month,SPPNORTH_HUB,15,2884,19.555950000000003,894.0895679000021,45.719567083164044,4.25,0.5,3.75,199.5,31192.265277777777,3.7941176470588234,,
spp,2025-12,month,SPPNORTH_HUB,15,2976,21.415950000000002,1226.119142500086,57.252615106968676,9.0,1.5,8.25,451.5,35343.55241935484,4.263809523809524,,
spp,2026-01,month,SPPNORTH_HUB,15,2976,22.9315,726.1390825000008,31.665572792883186,28.25,0.0,24.25,451.5,35471.85887096774,7.717894736842105,,
spp,2026-02,month,SPPNORTH_HUB,15,2688,18.056649999999998,1221.2774064000214,67.63587965652663,3.75,1.25,3.75,451.5,32652.751488095237,3.621578947368421,,
spp,2026-03,month,SPPNORTH_HUB,15,2972,16.63345,458.5391339000591,27.56728964226057,3.0,0.5,3.0,451.5,32163.90322580645,3.044090909090909,,
spp,2026-04,month,SPPNORTH_HUB,15,2880,15.0114,559.849542700023,37.29495867807287,3.5,0.25,3.5,487.5,31272.54722222222,2.7676190476190476,,
spp,2026-05,month,SPPNORTH_HUB,15,2976,19.95265,361.82742250005316,18.134304089935583,3.75,0.0,3.0,487.5,32674.744623655915,2.9385000000000003,,
spp,2026-06,month,SPPNORTH_HUB,15,2880,21.1363,379.9826418000004,17.977727501975295,3.25,0.25,2.25,487.5,37742.240277777775,3.144761904761905,,
spp,2026-07,month,SPPNORTH_HUB,15,2976,29.564,611.7004175000935,20.690719033286886,27.0,0.25,23.5,490.5,43340.4247311828,2.887272727272727,,
spp,2026-08,month,SPPNORTH_HUB,15,2976,26.56675,512.8579575000733,19.304504973324676,12.0,0.0,9.75,490.5,43205.38978494624,2.7852380952380953,,
spp,2026-09,month,SPPNORTH_HUB,15,2880,23.4544,831.3248959000294,35.44430451855641,9.75,0.75,9.5,,39643.24444444444,2.95,,
spp,2026-10,month,SPPNORTH_HUB,15,576,27.044849999999997,794.2163425000335,29.366638842516547,3.75,0.25,3.0,,32259.76785714286,2.9725,,
spp,2024,year,SPPNORTH_HUB,15,11716,15.9482,526.7397395000364,33.028162394504484,8.75,1.0,7.75,29.5,,,33.34471766848816,False
spp,2025,year,SPPNORTH_HUB,15,35040,20.8097,836.3610885000523,40.190924833133224,77.25,7.25,71.0,451.5,,,100.0,True
spp,2026,year,SPPNORTH_HUB,15,26780,21.58,706.6773223000341,32.74686386932503,98.0,3.5,85.5,,,,76.4269406392694,False
