# Energy Research Warehouse (ERW): finding peak_hour_grids, THE PEAK HOUR MOVED: FIVE GRIDS
# Computed 2026-10-10T16:35:05Z by warehouse/analysis/findings/peak_hour_grids.py; method https://github.com/SamuelEnrique/erw/blob/main/docs/methods/automated_analysis_findings.md
# Rows: one per grid, local year and hour of the day: the percent of the year's days whose highest hourly real-time price fell in that hour; the year's days, median peak hour, percent of days peaking 17:00 to 21:59 and 10:00 to 15:59 (repeated on each hour row); solar MW at year end
# A blank is a year the warehouse does not hold for that grid; MISO and PJM are not in the file (paused, and licensed). Sources: ercot_all_hub_prices_history, iso_rtm_hub_prices, iso_hub_prices_history, iso_zone_prices_history, eia860m_operating_generators, eia860m_retired_generators_all
grid,year,hour,share_days_pct,n_days,median_peak_hour,share_evening_pct,share_midday_pct,solar_mw_yearend
ercot,2019,0,1.643835616438356,365.0,15.0,24.93150684931507,32.87671232876712,2592.2999999999997
ercot,2019,1,0.0,365.0,15.0,24.93150684931507,32.87671232876712,2592.2999999999997
ercot,2019,2,0.273972602739726,365.0,15.0,24.93150684931507,32.87671232876712,2592.2999999999997
ercot,2019,3,0.273972602739726,365.0,15.0,24.93150684931507,32.87671232876712,2592.2999999999997
ercot,2019,4,0.0,365.0,15.0,24.93150684931507,32.87671232876712,2592.2999999999997
ercot,2019,5,0.273972602739726,365.0,15.0,24.93150684931507,32.87671232876712,2592.2999999999997
ercot,2019,6,9.58904109589041,365.0,15.0,24.93150684931507,32.87671232876712,2592.2999999999997
ercot,2019,7,3.5616438356164384,365.0,15.0,24.93150684931507,32.87671232876712,2592.2999999999997
ercot,2019,8,1.9178082191780823,365.0,15.0,24.93150684931507,32.87671232876712,2592.2999999999997
ercot,2019,9,6.301369863013699,365.0,15.0,24.93150684931507,32.87671232876712,2592.2999999999997
ercot,2019,10,3.0136986301369864,365.0,15.0,24.93150684931507,32.87671232876712,2592.2999999999997
ercot,2019,11,1.643835616438356,365.0,15.0,24.93150684931507,32.87671232876712,2592.2999999999997
ercot,2019,12,4.657534246575342,365.0,15.0,24.93150684931507,32.87671232876712,2592.2999999999997
ercot,2019,13,4.931506849315069,365.0,15.0,24.93150684931507,32.87671232876712,2592.2999999999997
ercot,2019,14,4.657534246575342,365.0,15.0,24.93150684931507,32.87671232876712,2592.2999999999997
ercot,2019,15,13.972602739726028,365.0,15.0,24.93150684931507,32.87671232876712,2592.2999999999997
ercot,2019,16,15.342465753424658,365.0,15.0,24.93150684931507,32.87671232876712,2592.2999999999997
ercot,2019,17,8.493150684931507,365.0,15.0,24.93150684931507,32.87671232876712,2592.2999999999997
ercot,2019,18,6.8493150684931505,365.0,15.0,24.93150684931507,32.87671232876712,2592.2999999999997
ercot,2019,19,4.657534246575342,365.0,15.0,24.93150684931507,32.87671232876712,2592.2999999999997
ercot,2019,20,3.5616438356164384,365.0,15.0,24.93150684931507,32.87671232876712,2592.2999999999997
ercot,2019,21,1.36986301369863,365.0,15.0,24.93150684931507,32.87671232876712,2592.2999999999997
ercot,2019,22,1.643835616438356,365.0,15.0,24.93150684931507,32.87671232876712,2592.2999999999997
ercot,2019,23,1.36986301369863,365.0,15.0,24.93150684931507,32.87671232876712,2592.2999999999997
ercot,2020,0,1.639344262295082,366.0,15.5,35.51912568306011,34.97267759562842,4865.6
ercot,2020,1,0.273224043715847,366.0,15.5,35.51912568306011,34.97267759562842,4865.6
ercot,2020,2,0.273224043715847,366.0,15.5,35.51912568306011,34.97267759562842,4865.6
ercot,2020,3,0.0,366.0,15.5,35.51912568306011,34.97267759562842,4865.6
ercot,2020,4,0.273224043715847,366.0,15.5,35.51912568306011,34.97267759562842,4865.6
ercot,2020,5,0.273224043715847,366.0,15.5,35.51912568306011,34.97267759562842,4865.6
ercot,2020,6,5.191256830601093,366.0,15.5,35.51912568306011,34.97267759562842,4865.6
ercot,2020,7,2.459016393442623,366.0,15.5,35.51912568306011,34.97267759562842,4865.6
ercot,2020,8,2.73224043715847,366.0,15.5,35.51912568306011,34.97267759562842,4865.6
ercot,2020,9,1.912568306010929,366.0,15.5,35.51912568306011,34.97267759562842,4865.6
ercot,2020,10,2.185792349726776,366.0,15.5,35.51912568306011,34.97267759562842,4865.6
ercot,2020,11,2.73224043715847,366.0,15.5,35.51912568306011,34.97267759562842,4865.6
ercot,2020,12,4.371584699453552,366.0,15.5,35.51912568306011,34.97267759562842,4865.6
ercot,2020,13,5.191256830601093,366.0,15.5,35.51912568306011,34.97267759562842,4865.6
ercot,2020,14,6.830601092896176,366.0,15.5,35.51912568306011,34.97267759562842,4865.6
ercot,2020,15,13.661202185792352,366.0,15.5,35.51912568306011,34.97267759562842,4865.6
ercot,2020,16,13.114754098360656,366.0,15.5,35.51912568306011,34.97267759562842,4865.6
ercot,2020,17,16.666666666666664,366.0,15.5,35.51912568306011,34.97267759562842,4865.6
ercot,2020,18,6.830601092896176,366.0,15.5,35.51912568306011,34.97267759562842,4865.6
ercot,2020,19,6.0109289617486334,366.0,15.5,35.51912568306011,34.97267759562842,4865.6
ercot,2020,20,4.918032786885246,366.0,15.5,35.51912568306011,34.97267759562842,4865.6
ercot,2020,21,1.092896174863388,366.0,15.5,35.51912568306011,34.97267759562842,4865.6
ercot,2020,22,1.092896174863388,366.0,15.5,35.51912568306011,34.97267759562842,4865.6
ercot,2020,23,0.273224043715847,366.0,15.5,35.51912568306011,34.97267759562842,4865.6
ercot,2021,0,2.73972602739726,365.0,16.0,38.63013698630137,26.575342465753426,8836.6
ercot,2021,1,0.821917808219178,365.0,16.0,38.63013698630137,26.575342465753426,8836.6
ercot,2021,2,0.0,365.0,16.0,38.63013698630137,26.575342465753426,8836.6
ercot,2021,3,0.547945205479452,365.0,16.0,38.63013698630137,26.575342465753426,8836.6
ercot,2021,4,0.821917808219178,365.0,16.0,38.63013698630137,26.575342465753426,8836.6
ercot,2021,5,0.273972602739726,365.0,16.0,38.63013698630137,26.575342465753426,8836.6
ercot,2021,6,3.8356164383561646,365.0,16.0,38.63013698630137,26.575342465753426,8836.6
ercot,2021,7,4.383561643835616,365.0,16.0,38.63013698630137,26.575342465753426,8836.6
ercot,2021,8,2.191780821917808,365.0,16.0,38.63013698630137,26.575342465753426,8836.6
ercot,2021,9,2.191780821917808,365.0,16.0,38.63013698630137,26.575342465753426,8836.6
ercot,2021,10,1.36986301369863,365.0,16.0,38.63013698630137,26.575342465753426,8836.6
ercot,2021,11,2.191780821917808,365.0,16.0,38.63013698630137,26.575342465753426,8836.6
ercot,2021,12,3.5616438356164384,365.0,16.0,38.63013698630137,26.575342465753426,8836.6
ercot,2021,13,4.931506849315069,365.0,16.0,38.63013698630137,26.575342465753426,8836.6
ercot,2021,14,7.123287671232877,365.0,16.0,38.63013698630137,26.575342465753426,8836.6
ercot,2021,15,7.397260273972603,365.0,16.0,38.63013698630137,26.575342465753426,8836.6
ercot,2021,16,12.054794520547945,365.0,16.0,38.63013698630137,26.575342465753426,8836.6
ercot,2021,17,13.698630136986301,365.0,16.0,38.63013698630137,26.575342465753426,8836.6
ercot,2021,18,7.9452054794520555,365.0,16.0,38.63013698630137,26.575342465753426,8836.6
ercot,2021,19,7.671232876712329,365.0,16.0,38.63013698630137,26.575342465753426,8836.6
ercot,2021,20,7.397260273972603,365.0,16.0,38.63013698630137,26.575342465753426,8836.6
ercot,2021,21,1.9178082191780823,365.0,16.0,38.63013698630137,26.575342465753426,8836.6
ercot,2021,22,3.0136986301369864,365.0,16.0,38.63013698630137,26.575342465753426,8836.6
ercot,2021,23,1.9178082191780823,365.0,16.0,38.63013698630137,26.575342465753426,8836.6
ercot,2022,0,3.5616438356164384,365.0,17.0,46.57534246575342,18.904109589041095,11361.700000000003
ercot,2022,1,0.547945205479452,365.0,17.0,46.57534246575342,18.904109589041095,11361.700000000003
ercot,2022,2,0.547945205479452,365.0,17.0,46.57534246575342,18.904109589041095,11361.700000000003
ercot,2022,3,0.273972602739726,365.0,17.0,46.57534246575342,18.904109589041095,11361.700000000003
ercot,2022,4,0.273972602739726,365.0,17.0,46.57534246575342,18.904109589041095,11361.700000000003
ercot,2022,5,0.0,365.0,17.0,46.57534246575342,18.904109589041095,11361.700000000003
ercot,2022,6,6.575342465753424,365.0,17.0,46.57534246575342,18.904109589041095,11361.700000000003
ercot,2022,7,9.315068493150685,365.0,17.0,46.57534246575342,18.904109589041095,11361.700000000003
ercot,2022,8,1.643835616438356,365.0,17.0,46.57534246575342,18.904109589041095,11361.700000000003
ercot,2022,9,0.821917808219178,365.0,17.0,46.57534246575342,18.904109589041095,11361.700000000003
ercot,2022,10,0.547945205479452,365.0,17.0,46.57534246575342,18.904109589041095,11361.700000000003
ercot,2022,11,0.547945205479452,365.0,17.0,46.57534246575342,18.904109589041095,11361.700000000003
ercot,2022,12,2.191780821917808,365.0,17.0,46.57534246575342,18.904109589041095,11361.700000000003
ercot,2022,13,5.205479452054795,365.0,17.0,46.57534246575342,18.904109589041095,11361.700000000003
ercot,2022,14,4.657534246575342,365.0,17.0,46.57534246575342,18.904109589041095,11361.700000000003
ercot,2022,15,5.7534246575342465,365.0,17.0,46.57534246575342,18.904109589041095,11361.700000000003
ercot,2022,16,7.397260273972603,365.0,17.0,46.57534246575342,18.904109589041095,11361.700000000003
ercot,2022,17,10.41095890410959,365.0,17.0,46.57534246575342,18.904109589041095,11361.700000000003
ercot,2022,18,12.602739726027398,365.0,17.0,46.57534246575342,18.904109589041095,11361.700000000003
ercot,2022,19,10.684931506849315,365.0,17.0,46.57534246575342,18.904109589041095,11361.700000000003
ercot,2022,20,11.232876712328768,365.0,17.0,46.57534246575342,18.904109589041095,11361.700000000003
ercot,2022,21,1.643835616438356,365.0,17.0,46.57534246575342,18.904109589041095,11361.700000000003
ercot,2022,22,1.36986301369863,365.0,17.0,46.57534246575342,18.904109589041095,11361.700000000003
ercot,2022,23,2.191780821917808,365.0,17.0,46.57534246575342,18.904109589041095,11361.700000000003
ercot,2023,0,2.4657534246575343,365.0,17.0,58.082191780821915,13.150684931506849,14914.5
ercot,2023,1,0.273972602739726,365.0,17.0,58.082191780821915,13.150684931506849,14914.5
ercot,2023,2,0.273972602739726,365.0,17.0,58.082191780821915,13.150684931506849,14914.5
ercot,2023,3,0.0,365.0,17.0,58.082191780821915,13.150684931506849,14914.5
ercot,2023,4,0.547945205479452,365.0,17.0,58.082191780821915,13.150684931506849,14914.5
ercot,2023,5,1.36986301369863,365.0,17.0,58.082191780821915,13.150684931506849,14914.5
ercot,2023,6,6.301369863013699,365.0,17.0,58.082191780821915,13.150684931506849,14914.5
ercot,2023,7,6.8493150684931505,365.0,17.0,58.082191780821915,13.150684931506849,14914.5
ercot,2023,8,1.9178082191780823,365.0,17.0,58.082191780821915,13.150684931506849,14914.5
ercot,2023,9,1.095890410958904,365.0,17.0,58.082191780821915,13.150684931506849,14914.5
ercot,2023,10,0.273972602739726,365.0,17.0,58.082191780821915,13.150684931506849,14914.5
ercot,2023,11,1.9178082191780823,365.0,17.0,58.082191780821915,13.150684931506849,14914.5
ercot,2023,12,0.273972602739726,365.0,17.0,58.082191780821915,13.150684931506849,14914.5
ercot,2023,13,2.191780821917808,365.0,17.0,58.082191780821915,13.150684931506849,14914.5
ercot,2023,14,3.287671232876712,365.0,17.0,58.082191780821915,13.150684931506849,14914.5
ercot,2023,15,5.205479452054795,365.0,17.0,58.082191780821915,13.150684931506849,14914.5
ercot,2023,16,6.301369863013699,365.0,17.0,58.082191780821915,13.150684931506849,14914.5
ercot,2023,17,13.972602739726028,365.0,17.0,58.082191780821915,13.150684931506849,14914.5
ercot,2023,18,13.424657534246576,365.0,17.0,58.082191780821915,13.150684931506849,14914.5
ercot,2023,19,18.08219178082192,365.0,17.0,58.082191780821915,13.150684931506849,14914.5
ercot,2023,20,11.506849315068493,365.0,17.0,58.082191780821915,13.150684931506849,14914.5
ercot,2023,21,1.095890410958904,365.0,17.0,58.082191780821915,13.150684931506849,14914.5
ercot,2023,22,0.821917808219178,365.0,17.0,58.082191780821915,13.150684931506849,14914.5
ercot,2023,23,0.547945205479452,365.0,17.0,58.082191780821915,13.150684931506849,14914.5
ercot,2024,0,3.278688524590164,366.0,18.0,68.85245901639344,6.284153005464481,22201.400000000005
ercot,2024,1,0.546448087431694,366.0,18.0,68.85245901639344,6.284153005464481,22201.400000000005
ercot,2024,2,0.0,366.0,18.0,68.85245901639344,6.284153005464481,22201.400000000005
ercot,2024,3,0.546448087431694,366.0,18.0,68.85245901639344,6.284153005464481,22201.400000000005
ercot,2024,4,0.273224043715847,366.0,18.0,68.85245901639344,6.284153005464481,22201.400000000005
ercot,2024,5,0.546448087431694,366.0,18.0,68.85245901639344,6.284153005464481,22201.400000000005
ercot,2024,6,5.191256830601093,366.0,18.0,68.85245901639344,6.284153005464481,22201.400000000005
ercot,2024,7,4.918032786885246,366.0,18.0,68.85245901639344,6.284153005464481,22201.400000000005
ercot,2024,8,1.912568306010929,366.0,18.0,68.85245901639344,6.284153005464481,22201.400000000005
ercot,2024,9,1.092896174863388,366.0,18.0,68.85245901639344,6.284153005464481,22201.400000000005
ercot,2024,10,0.0,366.0,18.0,68.85245901639344,6.284153005464481,22201.400000000005
ercot,2024,11,0.546448087431694,366.0,18.0,68.85245901639344,6.284153005464481,22201.400000000005
ercot,2024,12,0.546448087431694,366.0,18.0,68.85245901639344,6.284153005464481,22201.400000000005
ercot,2024,13,1.912568306010929,366.0,18.0,68.85245901639344,6.284153005464481,22201.400000000005
ercot,2024,14,1.092896174863388,366.0,18.0,68.85245901639344,6.284153005464481,22201.400000000005
ercot,2024,15,2.185792349726776,366.0,18.0,68.85245901639344,6.284153005464481,22201.400000000005
ercot,2024,16,3.825136612021858,366.0,18.0,68.85245901639344,6.284153005464481,22201.400000000005
ercot,2024,17,14.48087431693989,366.0,18.0,68.85245901639344,6.284153005464481,22201.400000000005
ercot,2024,18,13.934426229508196,366.0,18.0,68.85245901639344,6.284153005464481,22201.400000000005
ercot,2024,19,22.6775956284153,366.0,18.0,68.85245901639344,6.284153005464481,22201.400000000005
ercot,2024,20,16.939890710382514,366.0,18.0,68.85245901639344,6.284153005464481,22201.400000000005
ercot,2024,21,0.819672131147541,366.0,18.0,68.85245901639344,6.284153005464481,22201.400000000005
ercot,2024,22,1.639344262295082,366.0,18.0,68.85245901639344,6.284153005464481,22201.400000000005
ercot,2024,23,1.092896174863388,366.0,18.0,68.85245901639344,6.284153005464481,22201.400000000005
ercot,2025,0,3.0136986301369864,365.0,19.0,70.95890410958904,3.8356164383561646,30017.699999999997
ercot,2025,1,0.547945205479452,365.0,19.0,70.95890410958904,3.8356164383561646,30017.699999999997
ercot,2025,2,0.821917808219178,365.0,19.0,70.95890410958904,3.8356164383561646,30017.699999999997
ercot,2025,3,0.273972602739726,365.0,19.0,70.95890410958904,3.8356164383561646,30017.699999999997
ercot,2025,4,0.273972602739726,365.0,19.0,70.95890410958904,3.8356164383561646,30017.699999999997
ercot,2025,5,1.9178082191780823,365.0,19.0,70.95890410958904,3.8356164383561646,30017.699999999997
ercot,2025,6,6.575342465753424,365.0,19.0,70.95890410958904,3.8356164383561646,30017.699999999997
ercot,2025,7,3.8356164383561646,365.0,19.0,70.95890410958904,3.8356164383561646,30017.699999999997
ercot,2025,8,1.36986301369863,365.0,19.0,70.95890410958904,3.8356164383561646,30017.699999999997
ercot,2025,9,0.273972602739726,365.0,19.0,70.95890410958904,3.8356164383561646,30017.699999999997
ercot,2025,10,0.0,365.0,19.0,70.95890410958904,3.8356164383561646,30017.699999999997
ercot,2025,11,0.0,365.0,19.0,70.95890410958904,3.8356164383561646,30017.699999999997
ercot,2025,12,0.273972602739726,365.0,19.0,70.95890410958904,3.8356164383561646,30017.699999999997
ercot,2025,13,0.547945205479452,365.0,19.0,70.95890410958904,3.8356164383561646,30017.699999999997
ercot,2025,14,1.095890410958904,365.0,19.0,70.95890410958904,3.8356164383561646,30017.699999999997
ercot,2025,15,1.9178082191780823,365.0,19.0,70.95890410958904,3.8356164383561646,30017.699999999997
ercot,2025,16,2.4657534246575343,365.0,19.0,70.95890410958904,3.8356164383561646,30017.699999999997
ercot,2025,17,10.684931506849315,365.0,19.0,70.95890410958904,3.8356164383561646,30017.699999999997
ercot,2025,18,13.424657534246576,365.0,19.0,70.95890410958904,3.8356164383561646,30017.699999999997
ercot,2025,19,22.19178082191781,365.0,19.0,70.95890410958904,3.8356164383561646,30017.699999999997
ercot,2025,20,15.342465753424658,365.0,19.0,70.95890410958904,3.8356164383561646,30017.699999999997
ercot,2025,21,9.315068493150685,365.0,19.0,70.95890410958904,3.8356164383561646,30017.699999999997
ercot,2025,22,3.287671232876712,365.0,19.0,70.95890410958904,3.8356164383561646,30017.699999999997
ercot,2025,23,0.547945205479452,365.0,19.0,70.95890410958904,3.8356164383561646,30017.699999999997
ercot,2026,0,2.857142857142857,280.0,19.0,69.28571428571428,2.142857142857143,32759.800000000003
ercot,2026,1,1.4285714285714286,280.0,19.0,69.28571428571428,2.142857142857143,32759.800000000003
ercot,2026,2,1.0714285714285714,280.0,19.0,69.28571428571428,2.142857142857143,32759.800000000003
ercot,2026,3,0.7142857142857143,280.0,19.0,69.28571428571428,2.142857142857143,32759.800000000003
ercot,2026,4,1.0714285714285714,280.0,19.0,69.28571428571428,2.142857142857143,32759.800000000003
ercot,2026,5,1.7857142857142856,280.0,19.0,69.28571428571428,2.142857142857143,32759.800000000003
ercot,2026,6,1.7857142857142856,280.0,19.0,69.28571428571428,2.142857142857143,32759.800000000003
ercot,2026,7,3.571428571428571,280.0,19.0,69.28571428571428,2.142857142857143,32759.800000000003
ercot,2026,8,2.5,280.0,19.0,69.28571428571428,2.142857142857143,32759.800000000003
ercot,2026,9,1.0714285714285714,280.0,19.0,69.28571428571428,2.142857142857143,32759.800000000003
ercot,2026,10,0.35714285714285715,280.0,19.0,69.28571428571428,2.142857142857143,32759.800000000003
ercot,2026,11,0.0,280.0,19.0,69.28571428571428,2.142857142857143,32759.800000000003
ercot,2026,12,0.7142857142857143,280.0,19.0,69.28571428571428,2.142857142857143,32759.800000000003
ercot,2026,13,0.35714285714285715,280.0,19.0,69.28571428571428,2.142857142857143,32759.800000000003
ercot,2026,14,0.0,280.0,19.0,69.28571428571428,2.142857142857143,32759.800000000003
ercot,2026,15,0.7142857142857143,280.0,19.0,69.28571428571428,2.142857142857143,32759.800000000003
ercot,2026,16,2.142857142857143,280.0,19.0,69.28571428571428,2.142857142857143,32759.800000000003
ercot,2026,17,4.285714285714286,280.0,19.0,69.28571428571428,2.142857142857143,32759.800000000003
ercot,2026,18,12.5,280.0,19.0,69.28571428571428,2.142857142857143,32759.800000000003
ercot,2026,19,18.571428571428573,280.0,19.0,69.28571428571428,2.142857142857143,32759.800000000003
ercot,2026,20,20.714285714285715,280.0,19.0,69.28571428571428,2.142857142857143,32759.800000000003
ercot,2026,21,13.214285714285715,280.0,19.0,69.28571428571428,2.142857142857143,32759.800000000003
ercot,2026,22,5.357142857142857,280.0,19.0,69.28571428571428,2.142857142857143,32759.800000000003
ercot,2026,23,3.214285714285714,280.0,19.0,69.28571428571428,2.142857142857143,32759.800000000003
caiso,2019,0,,,,,,11679.699999999999
caiso,2019,1,,,,,,11679.699999999999
caiso,2019,2,,,,,,11679.699999999999
caiso,2019,3,,,,,,11679.699999999999
caiso,2019,4,,,,,,11679.699999999999
caiso,2019,5,,,,,,11679.699999999999
caiso,2019,6,,,,,,11679.699999999999
caiso,2019,7,,,,,,11679.699999999999
caiso,2019,8,,,,,,11679.699999999999
caiso,2019,9,,,,,,11679.699999999999
caiso,2019,10,,,,,,11679.699999999999
caiso,2019,11,,,,,,11679.699999999999
caiso,2019,12,,,,,,11679.699999999999
caiso,2019,13,,,,,,11679.699999999999
caiso,2019,14,,,,,,11679.699999999999
caiso,2019,15,,,,,,11679.699999999999
caiso,2019,16,,,,,,11679.699999999999
caiso,2019,17,,,,,,11679.699999999999
caiso,2019,18,,,,,,11679.699999999999
caiso,2019,19,,,,,,11679.699999999999
caiso,2019,20,,,,,,11679.699999999999
caiso,2019,21,,,,,,11679.699999999999
caiso,2019,22,,,,,,11679.699999999999
caiso,2019,23,,,,,,11679.699999999999
caiso,2020,0,,,,,,13500.8
caiso,2020,1,,,,,,13500.8
caiso,2020,2,,,,,,13500.8
caiso,2020,3,,,,,,13500.8
caiso,2020,4,,,,,,13500.8
caiso,2020,5,,,,,,13500.8
caiso,2020,6,,,,,,13500.8
caiso,2020,7,,,,,,13500.8
caiso,2020,8,,,,,,13500.8
caiso,2020,9,,,,,,13500.8
caiso,2020,10,,,,,,13500.8
caiso,2020,11,,,,,,13500.8
caiso,2020,12,,,,,,13500.8
caiso,2020,13,,,,,,13500.8
caiso,2020,14,,,,,,13500.8
caiso,2020,15,,,,,,13500.8
caiso,2020,16,,,,,,13500.8
caiso,2020,17,,,,,,13500.8
caiso,2020,18,,,,,,13500.8
caiso,2020,19,,,,,,13500.8
caiso,2020,20,,,,,,13500.8
caiso,2020,21,,,,,,13500.8
caiso,2020,22,,,,,,13500.8
caiso,2020,23,,,,,,13500.8
caiso,2021,0,,,,,,14830.099999999999
caiso,2021,1,,,,,,14830.099999999999
caiso,2021,2,,,,,,14830.099999999999
caiso,2021,3,,,,,,14830.099999999999
caiso,2021,4,,,,,,14830.099999999999
caiso,2021,5,,,,,,14830.099999999999
caiso,2021,6,,,,,,14830.099999999999
caiso,2021,7,,,,,,14830.099999999999
caiso,2021,8,,,,,,14830.099999999999
caiso,2021,9,,,,,,14830.099999999999
caiso,2021,10,,,,,,14830.099999999999
caiso,2021,11,,,,,,14830.099999999999
caiso,2021,12,,,,,,14830.099999999999
caiso,2021,13,,,,,,14830.099999999999
caiso,2021,14,,,,,,14830.099999999999
caiso,2021,15,,,,,,14830.099999999999
caiso,2021,16,,,,,,14830.099999999999
caiso,2021,17,,,,,,14830.099999999999
caiso,2021,18,,,,,,14830.099999999999
caiso,2021,19,,,,,,14830.099999999999
caiso,2021,20,,,,,,14830.099999999999
caiso,2021,21,,,,,,14830.099999999999
caiso,2021,22,,,,,,14830.099999999999
caiso,2021,23,,,,,,14830.099999999999
caiso,2022,0,,,,,,16939.1
caiso,2022,1,,,,,,16939.1
caiso,2022,2,,,,,,16939.1
caiso,2022,3,,,,,,16939.1
caiso,2022,4,,,,,,16939.1
caiso,2022,5,,,,,,16939.1
caiso,2022,6,,,,,,16939.1
caiso,2022,7,,,,,,16939.1
caiso,2022,8,,,,,,16939.1
caiso,2022,9,,,,,,16939.1
caiso,2022,10,,,,,,16939.1
caiso,2022,11,,,,,,16939.1
caiso,2022,12,,,,,,16939.1
caiso,2022,13,,,,,,16939.1
caiso,2022,14,,,,,,16939.1
caiso,2022,15,,,,,,16939.1
caiso,2022,16,,,,,,16939.1
caiso,2022,17,,,,,,16939.1
caiso,2022,18,,,,,,16939.1
caiso,2022,19,,,,,,16939.1
caiso,2022,20,,,,,,16939.1
caiso,2022,21,,,,,,16939.1
caiso,2022,22,,,,,,16939.1
caiso,2022,23,,,,,,16939.1
caiso,2023,0,,,,,,19493.9
caiso,2023,1,,,,,,19493.9
caiso,2023,2,,,,,,19493.9
caiso,2023,3,,,,,,19493.9
caiso,2023,4,,,,,,19493.9
caiso,2023,5,,,,,,19493.9
caiso,2023,6,,,,,,19493.9
caiso,2023,7,,,,,,19493.9
caiso,2023,8,,,,,,19493.9
caiso,2023,9,,,,,,19493.9
caiso,2023,10,,,,,,19493.9
caiso,2023,11,,,,,,19493.9
caiso,2023,12,,,,,,19493.9
caiso,2023,13,,,,,,19493.9
caiso,2023,14,,,,,,19493.9
caiso,2023,15,,,,,,19493.9
caiso,2023,16,,,,,,19493.9
caiso,2023,17,,,,,,19493.9
caiso,2023,18,,,,,,19493.9
caiso,2023,19,,,,,,19493.9
caiso,2023,20,,,,,,19493.9
caiso,2023,21,,,,,,19493.9
caiso,2023,22,,,,,,19493.9
caiso,2023,23,,,,,,19493.9
caiso,2024,0,6.6115702479338845,121.0,16.0,39.66942148760331,0.0,22180.800000000003
caiso,2024,1,0.8264462809917356,121.0,16.0,39.66942148760331,0.0,22180.800000000003
caiso,2024,2,0.0,121.0,16.0,39.66942148760331,0.0,22180.800000000003
caiso,2024,3,0.0,121.0,16.0,39.66942148760331,0.0,22180.800000000003
caiso,2024,4,0.0,121.0,16.0,39.66942148760331,0.0,22180.800000000003
caiso,2024,5,0.0,121.0,16.0,39.66942148760331,0.0,22180.800000000003
caiso,2024,6,28.09917355371901,121.0,16.0,39.66942148760331,0.0,22180.800000000003
caiso,2024,7,9.090909090909092,121.0,16.0,39.66942148760331,0.0,22180.800000000003
caiso,2024,8,2.479338842975207,121.0,16.0,39.66942148760331,0.0,22180.800000000003
caiso,2024,9,0.0,121.0,16.0,39.66942148760331,0.0,22180.800000000003
caiso,2024,10,0.0,121.0,16.0,39.66942148760331,0.0,22180.800000000003
caiso,2024,11,0.0,121.0,16.0,39.66942148760331,0.0,22180.800000000003
caiso,2024,12,0.0,121.0,16.0,39.66942148760331,0.0,22180.800000000003
caiso,2024,13,0.0,121.0,16.0,39.66942148760331,0.0,22180.800000000003
caiso,2024,14,0.0,121.0,16.0,39.66942148760331,0.0,22180.800000000003
caiso,2024,15,0.0,121.0,16.0,39.66942148760331,0.0,22180.800000000003
caiso,2024,16,4.958677685950414,121.0,16.0,39.66942148760331,0.0,22180.800000000003
caiso,2024,17,17.355371900826448,121.0,16.0,39.66942148760331,0.0,22180.800000000003
caiso,2024,18,5.785123966942149,121.0,16.0,39.66942148760331,0.0,22180.800000000003
caiso,2024,19,3.3057851239669422,121.0,16.0,39.66942148760331,0.0,22180.800000000003
caiso,2024,20,7.43801652892562,121.0,16.0,39.66942148760331,0.0,22180.800000000003
caiso,2024,21,5.785123966942149,121.0,16.0,39.66942148760331,0.0,22180.800000000003
caiso,2024,22,5.785123966942149,121.0,16.0,39.66942148760331,0.0,22180.800000000003
caiso,2024,23,2.479338842975207,121.0,16.0,39.66942148760331,0.0,22180.800000000003
caiso,2025,0,14.560439560439562,364.0,17.0,34.34065934065934,2.197802197802198,24009.1
caiso,2025,1,3.021978021978022,364.0,17.0,34.34065934065934,2.197802197802198,24009.1
caiso,2025,2,0.27472527472527475,364.0,17.0,34.34065934065934,2.197802197802198,24009.1
caiso,2025,3,0.5494505494505495,364.0,17.0,34.34065934065934,2.197802197802198,24009.1
caiso,2025,4,1.098901098901099,364.0,17.0,34.34065934065934,2.197802197802198,24009.1
caiso,2025,5,3.571428571428571,364.0,17.0,34.34065934065934,2.197802197802198,24009.1
caiso,2025,6,14.835164835164836,364.0,17.0,34.34065934065934,2.197802197802198,24009.1
caiso,2025,7,4.395604395604396,364.0,17.0,34.34065934065934,2.197802197802198,24009.1
caiso,2025,8,1.3736263736263736,364.0,17.0,34.34065934065934,2.197802197802198,24009.1
caiso,2025,9,0.8241758241758242,364.0,17.0,34.34065934065934,2.197802197802198,24009.1
caiso,2025,10,0.0,364.0,17.0,34.34065934065934,2.197802197802198,24009.1
caiso,2025,11,0.0,364.0,17.0,34.34065934065934,2.197802197802198,24009.1
caiso,2025,12,0.27472527472527475,364.0,17.0,34.34065934065934,2.197802197802198,24009.1
caiso,2025,13,0.0,364.0,17.0,34.34065934065934,2.197802197802198,24009.1
caiso,2025,14,0.8241758241758242,364.0,17.0,34.34065934065934,2.197802197802198,24009.1
caiso,2025,15,1.098901098901099,364.0,17.0,34.34065934065934,2.197802197802198,24009.1
caiso,2025,16,3.021978021978022,364.0,17.0,34.34065934065934,2.197802197802198,24009.1
caiso,2025,17,9.615384615384617,364.0,17.0,34.34065934065934,2.197802197802198,24009.1
caiso,2025,18,5.4945054945054945,364.0,17.0,34.34065934065934,2.197802197802198,24009.1
caiso,2025,19,7.142857142857142,364.0,17.0,34.34065934065934,2.197802197802198,24009.1
caiso,2025,20,3.571428571428571,364.0,17.0,34.34065934065934,2.197802197802198,24009.1
caiso,2025,21,8.516483516483516,364.0,17.0,34.34065934065934,2.197802197802198,24009.1
caiso,2025,22,8.791208791208792,364.0,17.0,34.34065934065934,2.197802197802198,24009.1
caiso,2025,23,7.142857142857142,364.0,17.0,34.34065934065934,2.197802197802198,24009.1
caiso,2026,0,13.571428571428571,280.0,17.0,33.92857142857143,2.142857142857143,24874.300000000003
caiso,2026,1,3.571428571428571,280.0,17.0,33.92857142857143,2.142857142857143,24874.300000000003
caiso,2026,2,1.0714285714285714,280.0,17.0,33.92857142857143,2.142857142857143,24874.300000000003
caiso,2026,3,1.4285714285714286,280.0,17.0,33.92857142857143,2.142857142857143,24874.300000000003
caiso,2026,4,2.142857142857143,280.0,17.0,33.92857142857143,2.142857142857143,24874.300000000003
caiso,2026,5,5.357142857142857,280.0,17.0,33.92857142857143,2.142857142857143,24874.300000000003
caiso,2026,6,11.785714285714285,280.0,17.0,33.92857142857143,2.142857142857143,24874.300000000003
caiso,2026,7,6.071428571428571,280.0,17.0,33.92857142857143,2.142857142857143,24874.300000000003
caiso,2026,8,0.7142857142857143,280.0,17.0,33.92857142857143,2.142857142857143,24874.300000000003
caiso,2026,9,0.0,280.0,17.0,33.92857142857143,2.142857142857143,24874.300000000003
caiso,2026,10,0.0,280.0,17.0,33.92857142857143,2.142857142857143,24874.300000000003
caiso,2026,11,0.0,280.0,17.0,33.92857142857143,2.142857142857143,24874.300000000003
caiso,2026,12,0.35714285714285715,280.0,17.0,33.92857142857143,2.142857142857143,24874.300000000003
caiso,2026,13,0.0,280.0,17.0,33.92857142857143,2.142857142857143,24874.300000000003
caiso,2026,14,0.7142857142857143,280.0,17.0,33.92857142857143,2.142857142857143,24874.300000000003
caiso,2026,15,1.0714285714285714,280.0,17.0,33.92857142857143,2.142857142857143,24874.300000000003
caiso,2026,16,1.7857142857142856,280.0,17.0,33.92857142857143,2.142857142857143,24874.300000000003
caiso,2026,17,5.357142857142857,280.0,17.0,33.92857142857143,2.142857142857143,24874.300000000003
caiso,2026,18,8.571428571428571,280.0,17.0,33.92857142857143,2.142857142857143,24874.300000000003
caiso,2026,19,12.5,280.0,17.0,33.92857142857143,2.142857142857143,24874.300000000003
caiso,2026,20,3.571428571428571,280.0,17.0,33.92857142857143,2.142857142857143,24874.300000000003
caiso,2026,21,3.9285714285714284,280.0,17.0,33.92857142857143,2.142857142857143,24874.300000000003
caiso,2026,22,7.142857142857142,280.0,17.0,33.92857142857143,2.142857142857143,24874.300000000003
caiso,2026,23,9.285714285714286,280.0,17.0,33.92857142857143,2.142857142857143,24874.300000000003
nyiso,2019,0,4.383561643835616,365.0,16.0,43.28767123287671,24.383561643835616,525.3
nyiso,2019,1,0.547945205479452,365.0,16.0,43.28767123287671,24.383561643835616,525.3
nyiso,2019,2,0.547945205479452,365.0,16.0,43.28767123287671,24.383561643835616,525.3
nyiso,2019,3,0.273972602739726,365.0,16.0,43.28767123287671,24.383561643835616,525.3
nyiso,2019,4,0.547945205479452,365.0,16.0,43.28767123287671,24.383561643835616,525.3
nyiso,2019,5,0.547945205479452,365.0,16.0,43.28767123287671,24.383561643835616,525.3
nyiso,2019,6,1.643835616438356,365.0,16.0,43.28767123287671,24.383561643835616,525.3
nyiso,2019,7,6.027397260273973,365.0,16.0,43.28767123287671,24.383561643835616,525.3
nyiso,2019,8,3.8356164383561646,365.0,16.0,43.28767123287671,24.383561643835616,525.3
nyiso,2019,9,5.205479452054795,365.0,16.0,43.28767123287671,24.383561643835616,525.3
nyiso,2019,10,4.383561643835616,365.0,16.0,43.28767123287671,24.383561643835616,525.3
nyiso,2019,11,4.10958904109589,365.0,16.0,43.28767123287671,24.383561643835616,525.3
nyiso,2019,12,3.5616438356164384,365.0,16.0,43.28767123287671,24.383561643835616,525.3
nyiso,2019,13,1.643835616438356,365.0,16.0,43.28767123287671,24.383561643835616,525.3
nyiso,2019,14,3.8356164383561646,365.0,16.0,43.28767123287671,24.383561643835616,525.3
nyiso,2019,15,6.8493150684931505,365.0,16.0,43.28767123287671,24.383561643835616,525.3
nyiso,2019,16,6.027397260273973,365.0,16.0,43.28767123287671,24.383561643835616,525.3
nyiso,2019,17,15.342465753424658,365.0,16.0,43.28767123287671,24.383561643835616,525.3
nyiso,2019,18,11.506849315068493,365.0,16.0,43.28767123287671,24.383561643835616,525.3
nyiso,2019,19,10.41095890410959,365.0,16.0,43.28767123287671,24.383561643835616,525.3
nyiso,2019,20,4.931506849315069,365.0,16.0,43.28767123287671,24.383561643835616,525.3
nyiso,2019,21,1.095890410958904,365.0,16.0,43.28767123287671,24.383561643835616,525.3
nyiso,2019,22,0.821917808219178,365.0,16.0,43.28767123287671,24.383561643835616,525.3
nyiso,2019,23,1.9178082191780823,365.0,16.0,43.28767123287671,24.383561643835616,525.3
nyiso,2020,0,5.737704918032787,366.0,17.0,54.644808743169406,18.852459016393443,697.5999999999999
nyiso,2020,1,0.0,366.0,17.0,54.644808743169406,18.852459016393443,697.5999999999999
nyiso,2020,2,0.0,366.0,17.0,54.644808743169406,18.852459016393443,697.5999999999999
nyiso,2020,3,0.273224043715847,366.0,17.0,54.644808743169406,18.852459016393443,697.5999999999999
nyiso,2020,4,0.0,366.0,17.0,54.644808743169406,18.852459016393443,697.5999999999999
nyiso,2020,5,0.546448087431694,366.0,17.0,54.644808743169406,18.852459016393443,697.5999999999999
nyiso,2020,6,1.639344262295082,366.0,17.0,54.644808743169406,18.852459016393443,697.5999999999999
nyiso,2020,7,4.644808743169399,366.0,17.0,54.644808743169406,18.852459016393443,697.5999999999999
nyiso,2020,8,2.459016393442623,366.0,17.0,54.644808743169406,18.852459016393443,697.5999999999999
nyiso,2020,9,2.73224043715847,366.0,17.0,54.644808743169406,18.852459016393443,697.5999999999999
nyiso,2020,10,2.185792349726776,366.0,17.0,54.644808743169406,18.852459016393443,697.5999999999999
nyiso,2020,11,4.098360655737705,366.0,17.0,54.644808743169406,18.852459016393443,697.5999999999999
nyiso,2020,12,4.098360655737705,366.0,17.0,54.644808743169406,18.852459016393443,697.5999999999999
nyiso,2020,13,3.278688524590164,366.0,17.0,54.644808743169406,18.852459016393443,697.5999999999999
nyiso,2020,14,3.0054644808743167,366.0,17.0,54.644808743169406,18.852459016393443,697.5999999999999
nyiso,2020,15,2.185792349726776,366.0,17.0,54.644808743169406,18.852459016393443,697.5999999999999
nyiso,2020,16,4.371584699453552,366.0,17.0,54.644808743169406,18.852459016393443,697.5999999999999
nyiso,2020,17,20.491803278688526,366.0,17.0,54.644808743169406,18.852459016393443,697.5999999999999
nyiso,2020,18,12.568306010928962,366.0,17.0,54.644808743169406,18.852459016393443,697.5999999999999
nyiso,2020,19,9.01639344262295,366.0,17.0,54.644808743169406,18.852459016393443,697.5999999999999
nyiso,2020,20,9.01639344262295,366.0,17.0,54.644808743169406,18.852459016393443,697.5999999999999
nyiso,2020,21,3.551912568306011,366.0,17.0,54.644808743169406,18.852459016393443,697.5999999999999
nyiso,2020,22,1.366120218579235,366.0,17.0,54.644808743169406,18.852459016393443,697.5999999999999
nyiso,2020,23,2.73224043715847,366.0,17.0,54.644808743169406,18.852459016393443,697.5999999999999
nyiso,2021,0,4.10958904109589,365.0,16.0,47.12328767123288,20.273972602739725,1011.9999999999999
nyiso,2021,1,1.36986301369863,365.0,16.0,47.12328767123288,20.273972602739725,1011.9999999999999
nyiso,2021,2,0.0,365.0,16.0,47.12328767123288,20.273972602739725,1011.9999999999999
nyiso,2021,3,0.273972602739726,365.0,16.0,47.12328767123288,20.273972602739725,1011.9999999999999
nyiso,2021,4,0.273972602739726,365.0,16.0,47.12328767123288,20.273972602739725,1011.9999999999999
nyiso,2021,5,0.547945205479452,365.0,16.0,47.12328767123288,20.273972602739725,1011.9999999999999
nyiso,2021,6,1.643835616438356,365.0,16.0,47.12328767123288,20.273972602739725,1011.9999999999999
nyiso,2021,7,3.0136986301369864,365.0,16.0,47.12328767123288,20.273972602739725,1011.9999999999999
nyiso,2021,8,5.47945205479452,365.0,16.0,47.12328767123288,20.273972602739725,1011.9999999999999
nyiso,2021,9,3.8356164383561646,365.0,16.0,47.12328767123288,20.273972602739725,1011.9999999999999
nyiso,2021,10,2.191780821917808,365.0,16.0,47.12328767123288,20.273972602739725,1011.9999999999999
nyiso,2021,11,4.657534246575342,365.0,16.0,47.12328767123288,20.273972602739725,1011.9999999999999
nyiso,2021,12,3.8356164383561646,365.0,16.0,47.12328767123288,20.273972602739725,1011.9999999999999
nyiso,2021,13,3.0136986301369864,365.0,16.0,47.12328767123288,20.273972602739725,1011.9999999999999
nyiso,2021,14,3.287671232876712,365.0,16.0,47.12328767123288,20.273972602739725,1011.9999999999999
nyiso,2021,15,3.287671232876712,365.0,16.0,47.12328767123288,20.273972602739725,1011.9999999999999
nyiso,2021,16,9.315068493150685,365.0,16.0,47.12328767123288,20.273972602739725,1011.9999999999999
nyiso,2021,17,15.616438356164384,365.0,16.0,47.12328767123288,20.273972602739725,1011.9999999999999
nyiso,2021,18,12.602739726027398,365.0,16.0,47.12328767123288,20.273972602739725,1011.9999999999999
nyiso,2021,19,8.493150684931507,365.0,16.0,47.12328767123288,20.273972602739725,1011.9999999999999
nyiso,2021,20,6.575342465753424,365.0,16.0,47.12328767123288,20.273972602739725,1011.9999999999999
nyiso,2021,21,3.8356164383561646,365.0,16.0,47.12328767123288,20.273972602739725,1011.9999999999999
nyiso,2021,22,1.095890410958904,365.0,16.0,47.12328767123288,20.273972602739725,1011.9999999999999
nyiso,2021,23,1.643835616438356,365.0,16.0,47.12328767123288,20.273972602739725,1011.9999999999999
nyiso,2022,0,3.5616438356164384,365.0,16.0,45.47945205479452,19.45205479452055,1278.6999999999998
nyiso,2022,1,1.643835616438356,365.0,16.0,45.47945205479452,19.45205479452055,1278.6999999999998
nyiso,2022,2,0.547945205479452,365.0,16.0,45.47945205479452,19.45205479452055,1278.6999999999998
nyiso,2022,3,0.547945205479452,365.0,16.0,45.47945205479452,19.45205479452055,1278.6999999999998
nyiso,2022,4,0.547945205479452,365.0,16.0,45.47945205479452,19.45205479452055,1278.6999999999998
nyiso,2022,5,0.547945205479452,365.0,16.0,45.47945205479452,19.45205479452055,1278.6999999999998
nyiso,2022,6,2.73972602739726,365.0,16.0,45.47945205479452,19.45205479452055,1278.6999999999998
nyiso,2022,7,7.123287671232877,365.0,16.0,45.47945205479452,19.45205479452055,1278.6999999999998
nyiso,2022,8,3.8356164383561646,365.0,16.0,45.47945205479452,19.45205479452055,1278.6999999999998
nyiso,2022,9,4.383561643835616,365.0,16.0,45.47945205479452,19.45205479452055,1278.6999999999998
nyiso,2022,10,3.5616438356164384,365.0,16.0,45.47945205479452,19.45205479452055,1278.6999999999998
nyiso,2022,11,3.0136986301369864,365.0,16.0,45.47945205479452,19.45205479452055,1278.6999999999998
nyiso,2022,12,3.5616438356164384,365.0,16.0,45.47945205479452,19.45205479452055,1278.6999999999998
nyiso,2022,13,3.0136986301369864,365.0,16.0,45.47945205479452,19.45205479452055,1278.6999999999998
nyiso,2022,14,3.287671232876712,365.0,16.0,45.47945205479452,19.45205479452055,1278.6999999999998
nyiso,2022,15,3.0136986301369864,365.0,16.0,45.47945205479452,19.45205479452055,1278.6999999999998
nyiso,2022,16,6.301369863013699,365.0,16.0,45.47945205479452,19.45205479452055,1278.6999999999998
nyiso,2022,17,17.80821917808219,365.0,16.0,45.47945205479452,19.45205479452055,1278.6999999999998
nyiso,2022,18,12.054794520547945,365.0,16.0,45.47945205479452,19.45205479452055,1278.6999999999998
nyiso,2022,19,6.8493150684931505,365.0,16.0,45.47945205479452,19.45205479452055,1278.6999999999998
nyiso,2022,20,6.575342465753424,365.0,16.0,45.47945205479452,19.45205479452055,1278.6999999999998
nyiso,2022,21,2.191780821917808,365.0,16.0,45.47945205479452,19.45205479452055,1278.6999999999998
nyiso,2022,22,0.821917808219178,365.0,16.0,45.47945205479452,19.45205479452055,1278.6999999999998
nyiso,2022,23,2.4657534246575343,365.0,16.0,45.47945205479452,19.45205479452055,1278.6999999999998
nyiso,2023,0,1.643835616438356,365.0,17.0,47.94520547945205,19.726027397260275,1591.5
nyiso,2023,1,0.547945205479452,365.0,17.0,47.94520547945205,19.726027397260275,1591.5
nyiso,2023,2,0.273972602739726,365.0,17.0,47.94520547945205,19.726027397260275,1591.5
nyiso,2023,3,0.273972602739726,365.0,17.0,47.94520547945205,19.726027397260275,1591.5
nyiso,2023,4,0.0,365.0,17.0,47.94520547945205,19.726027397260275,1591.5
nyiso,2023,5,0.821917808219178,365.0,17.0,47.94520547945205,19.726027397260275,1591.5
nyiso,2023,6,4.657534246575342,365.0,17.0,47.94520547945205,19.726027397260275,1591.5
nyiso,2023,7,7.9452054794520555,365.0,17.0,47.94520547945205,19.726027397260275,1591.5
nyiso,2023,8,4.10958904109589,365.0,17.0,47.94520547945205,19.726027397260275,1591.5
nyiso,2023,9,2.73972602739726,365.0,17.0,47.94520547945205,19.726027397260275,1591.5
nyiso,2023,10,3.0136986301369864,365.0,17.0,47.94520547945205,19.726027397260275,1591.5
nyiso,2023,11,3.8356164383561646,365.0,17.0,47.94520547945205,19.726027397260275,1591.5
nyiso,2023,12,2.73972602739726,365.0,17.0,47.94520547945205,19.726027397260275,1591.5
nyiso,2023,13,3.8356164383561646,365.0,17.0,47.94520547945205,19.726027397260275,1591.5
nyiso,2023,14,3.5616438356164384,365.0,17.0,47.94520547945205,19.726027397260275,1591.5
nyiso,2023,15,2.73972602739726,365.0,17.0,47.94520547945205,19.726027397260275,1591.5
nyiso,2023,16,6.8493150684931505,365.0,17.0,47.94520547945205,19.726027397260275,1591.5
nyiso,2023,17,14.520547945205479,365.0,17.0,47.94520547945205,19.726027397260275,1591.5
nyiso,2023,18,10.136986301369863,365.0,17.0,47.94520547945205,19.726027397260275,1591.5
nyiso,2023,19,9.315068493150685,365.0,17.0,47.94520547945205,19.726027397260275,1591.5
nyiso,2023,20,10.136986301369863,365.0,17.0,47.94520547945205,19.726027397260275,1591.5
nyiso,2023,21,3.8356164383561646,365.0,17.0,47.94520547945205,19.726027397260275,1591.5
nyiso,2023,22,1.643835616438356,365.0,17.0,47.94520547945205,19.726027397260275,1591.5
nyiso,2023,23,0.821917808219178,365.0,17.0,47.94520547945205,19.726027397260275,1591.5
nyiso,2024,0,1.366120218579235,366.0,17.0,54.644808743169406,16.939890710382514,2518.2
nyiso,2024,1,0.546448087431694,366.0,17.0,54.644808743169406,16.939890710382514,2518.2
nyiso,2024,2,0.0,366.0,17.0,54.644808743169406,16.939890710382514,2518.2
nyiso,2024,3,0.0,366.0,17.0,54.644808743169406,16.939890710382514,2518.2
nyiso,2024,4,0.0,366.0,17.0,54.644808743169406,16.939890710382514,2518.2
nyiso,2024,5,0.546448087431694,366.0,17.0,54.644808743169406,16.939890710382514,2518.2
nyiso,2024,6,3.551912568306011,366.0,17.0,54.644808743169406,16.939890710382514,2518.2
nyiso,2024,7,6.0109289617486334,366.0,17.0,54.644808743169406,16.939890710382514,2518.2
nyiso,2024,8,6.0109289617486334,366.0,17.0,54.644808743169406,16.939890710382514,2518.2
nyiso,2024,9,1.639344262295082,366.0,17.0,54.644808743169406,16.939890710382514,2518.2
nyiso,2024,10,3.825136612021858,366.0,17.0,54.644808743169406,16.939890710382514,2518.2
nyiso,2024,11,1.912568306010929,366.0,17.0,54.644808743169406,16.939890710382514,2518.2
nyiso,2024,12,2.185792349726776,366.0,17.0,54.644808743169406,16.939890710382514,2518.2
nyiso,2024,13,1.912568306010929,366.0,17.0,54.644808743169406,16.939890710382514,2518.2
nyiso,2024,14,3.278688524590164,366.0,17.0,54.644808743169406,16.939890710382514,2518.2
nyiso,2024,15,3.825136612021858,366.0,17.0,54.644808743169406,16.939890710382514,2518.2
nyiso,2024,16,6.830601092896176,366.0,17.0,54.644808743169406,16.939890710382514,2518.2
nyiso,2024,17,13.661202185792352,366.0,17.0,54.644808743169406,16.939890710382514,2518.2
nyiso,2024,18,18.0327868852459,366.0,17.0,54.644808743169406,16.939890710382514,2518.2
nyiso,2024,19,12.841530054644808,366.0,17.0,54.644808743169406,16.939890710382514,2518.2
nyiso,2024,20,6.830601092896176,366.0,17.0,54.644808743169406,16.939890710382514,2518.2
nyiso,2024,21,3.278688524590164,366.0,17.0,54.644808743169406,16.939890710382514,2518.2
nyiso,2024,22,0.819672131147541,366.0,17.0,54.644808743169406,16.939890710382514,2518.2
nyiso,2024,23,1.092896174863388,366.0,17.0,54.644808743169406,16.939890710382514,2518.2
nyiso,2025,0,1.9178082191780823,365.0,17.0,62.465753424657535,9.863013698630137,2885.9
nyiso,2025,1,0.273972602739726,365.0,17.0,62.465753424657535,9.863013698630137,2885.9
nyiso,2025,2,0.0,365.0,17.0,62.465753424657535,9.863013698630137,2885.9
nyiso,2025,3,0.273972602739726,365.0,17.0,62.465753424657535,9.863013698630137,2885.9
nyiso,2025,4,0.273972602739726,365.0,17.0,62.465753424657535,9.863013698630137,2885.9
nyiso,2025,5,0.821917808219178,365.0,17.0,62.465753424657535,9.863013698630137,2885.9
nyiso,2025,6,2.4657534246575343,365.0,17.0,62.465753424657535,9.863013698630137,2885.9
nyiso,2025,7,7.671232876712329,365.0,17.0,62.465753424657535,9.863013698630137,2885.9
nyiso,2025,8,4.10958904109589,365.0,17.0,62.465753424657535,9.863013698630137,2885.9
nyiso,2025,9,3.0136986301369864,365.0,17.0,62.465753424657535,9.863013698630137,2885.9
nyiso,2025,10,1.095890410958904,365.0,17.0,62.465753424657535,9.863013698630137,2885.9
nyiso,2025,11,1.643835616438356,365.0,17.0,62.465753424657535,9.863013698630137,2885.9
nyiso,2025,12,2.191780821917808,365.0,17.0,62.465753424657535,9.863013698630137,2885.9
nyiso,2025,13,2.191780821917808,365.0,17.0,62.465753424657535,9.863013698630137,2885.9
nyiso,2025,14,1.643835616438356,365.0,17.0,62.465753424657535,9.863013698630137,2885.9
nyiso,2025,15,1.095890410958904,365.0,17.0,62.465753424657535,9.863013698630137,2885.9
nyiso,2025,16,4.931506849315069,365.0,17.0,62.465753424657535,9.863013698630137,2885.9
nyiso,2025,17,16.43835616438356,365.0,17.0,62.465753424657535,9.863013698630137,2885.9
nyiso,2025,18,13.972602739726028,365.0,17.0,62.465753424657535,9.863013698630137,2885.9
nyiso,2025,19,15.890410958904111,365.0,17.0,62.465753424657535,9.863013698630137,2885.9
nyiso,2025,20,13.424657534246576,365.0,17.0,62.465753424657535,9.863013698630137,2885.9
nyiso,2025,21,2.73972602739726,365.0,17.0,62.465753424657535,9.863013698630137,2885.9
nyiso,2025,22,1.095890410958904,365.0,17.0,62.465753424657535,9.863013698630137,2885.9
nyiso,2025,23,0.821917808219178,365.0,17.0,62.465753424657535,9.863013698630137,2885.9
nyiso,2026,0,4.580152671755725,262.0,17.0,56.48854961832062,12.213740458015266,2942.2
nyiso,2026,1,0.38167938931297707,262.0,17.0,56.48854961832062,12.213740458015266,2942.2
nyiso,2026,2,0.0,262.0,17.0,56.48854961832062,12.213740458015266,2942.2
nyiso,2026,3,0.0,262.0,17.0,56.48854961832062,12.213740458015266,2942.2
nyiso,2026,4,0.0,262.0,17.0,56.48854961832062,12.213740458015266,2942.2
nyiso,2026,5,0.38167938931297707,262.0,17.0,56.48854961832062,12.213740458015266,2942.2
nyiso,2026,6,1.9083969465648856,262.0,17.0,56.48854961832062,12.213740458015266,2942.2
nyiso,2026,7,9.16030534351145,262.0,17.0,56.48854961832062,12.213740458015266,2942.2
nyiso,2026,8,1.5267175572519083,262.0,17.0,56.48854961832062,12.213740458015266,2942.2
nyiso,2026,9,1.9083969465648856,262.0,17.0,56.48854961832062,12.213740458015266,2942.2
nyiso,2026,10,1.5267175572519083,262.0,17.0,56.48854961832062,12.213740458015266,2942.2
nyiso,2026,11,1.5267175572519083,262.0,17.0,56.48854961832062,12.213740458015266,2942.2
nyiso,2026,12,2.2900763358778624,262.0,17.0,56.48854961832062,12.213740458015266,2942.2
nyiso,2026,13,1.5267175572519083,262.0,17.0,56.48854961832062,12.213740458015266,2942.2
nyiso,2026,14,3.0534351145038165,262.0,17.0,56.48854961832062,12.213740458015266,2942.2
nyiso,2026,15,2.2900763358778624,262.0,17.0,56.48854961832062,12.213740458015266,2942.2
nyiso,2026,16,8.015267175572518,262.0,17.0,56.48854961832062,12.213740458015266,2942.2
nyiso,2026,17,11.83206106870229,262.0,17.0,56.48854961832062,12.213740458015266,2942.2
nyiso,2026,18,11.450381679389313,262.0,17.0,56.48854961832062,12.213740458015266,2942.2
nyiso,2026,19,17.17557251908397,262.0,17.0,56.48854961832062,12.213740458015266,2942.2
nyiso,2026,20,11.83206106870229,262.0,17.0,56.48854961832062,12.213740458015266,2942.2
nyiso,2026,21,4.198473282442748,262.0,17.0,56.48854961832062,12.213740458015266,2942.2
nyiso,2026,22,2.2900763358778624,262.0,17.0,56.48854961832062,12.213740458015266,2942.2
nyiso,2026,23,1.1450381679389312,262.0,17.0,56.48854961832062,12.213740458015266,2942.2
isone,2019,0,,,,,,1364.9
isone,2019,1,,,,,,1364.9
isone,2019,2,,,,,,1364.9
isone,2019,3,,,,,,1364.9
isone,2019,4,,,,,,1364.9
isone,2019,5,,,,,,1364.9
isone,2019,6,,,,,,1364.9
isone,2019,7,,,,,,1364.9
isone,2019,8,,,,,,1364.9
isone,2019,9,,,,,,1364.9
isone,2019,10,,,,,,1364.9
isone,2019,11,,,,,,1364.9
isone,2019,12,,,,,,1364.9
isone,2019,13,,,,,,1364.9
isone,2019,14,,,,,,1364.9
isone,2019,15,,,,,,1364.9
isone,2019,16,,,,,,1364.9
isone,2019,17,,,,,,1364.9
isone,2019,18,,,,,,1364.9
isone,2019,19,,,,,,1364.9
isone,2019,20,,,,,,1364.9
isone,2019,21,,,,,,1364.9
isone,2019,22,,,,,,1364.9
isone,2019,23,,,,,,1364.9
isone,2020,0,,,,,,1672.9
isone,2020,1,,,,,,1672.9
isone,2020,2,,,,,,1672.9
isone,2020,3,,,,,,1672.9
isone,2020,4,,,,,,1672.9
isone,2020,5,,,,,,1672.9
isone,2020,6,,,,,,1672.9
isone,2020,7,,,,,,1672.9
isone,2020,8,,,,,,1672.9
isone,2020,9,,,,,,1672.9
isone,2020,10,,,,,,1672.9
isone,2020,11,,,,,,1672.9
isone,2020,12,,,,,,1672.9
isone,2020,13,,,,,,1672.9
isone,2020,14,,,,,,1672.9
isone,2020,15,,,,,,1672.9
isone,2020,16,,,,,,1672.9
isone,2020,17,,,,,,1672.9
isone,2020,18,,,,,,1672.9
isone,2020,19,,,,,,1672.9
isone,2020,20,,,,,,1672.9
isone,2020,21,,,,,,1672.9
isone,2020,22,,,,,,1672.9
isone,2020,23,,,,,,1672.9
isone,2021,0,,,,,,2220.7
isone,2021,1,,,,,,2220.7
isone,2021,2,,,,,,2220.7
isone,2021,3,,,,,,2220.7
isone,2021,4,,,,,,2220.7
isone,2021,5,,,,,,2220.7
isone,2021,6,,,,,,2220.7
isone,2021,7,,,,,,2220.7
isone,2021,8,,,,,,2220.7
isone,2021,9,,,,,,2220.7
isone,2021,10,,,,,,2220.7
isone,2021,11,,,,,,2220.7
isone,2021,12,,,,,,2220.7
isone,2021,13,,,,,,2220.7
isone,2021,14,,,,,,2220.7
isone,2021,15,,,,,,2220.7
isone,2021,16,,,,,,2220.7
isone,2021,17,,,,,,2220.7
isone,2021,18,,,,,,2220.7
isone,2021,19,,,,,,2220.7
isone,2021,20,,,,,,2220.7
isone,2021,21,,,,,,2220.7
isone,2021,22,,,,,,2220.7
isone,2021,23,,,,,,2220.7
isone,2022,0,,,,,,2614.7
isone,2022,1,,,,,,2614.7
isone,2022,2,,,,,,2614.7
isone,2022,3,,,,,,2614.7
isone,2022,4,,,,,,2614.7
isone,2022,5,,,,,,2614.7
isone,2022,6,,,,,,2614.7
isone,2022,7,,,,,,2614.7
isone,2022,8,,,,,,2614.7
isone,2022,9,,,,,,2614.7
isone,2022,10,,,,,,2614.7
isone,2022,11,,,,,,2614.7
isone,2022,12,,,,,,2614.7
isone,2022,13,,,,,,2614.7
isone,2022,14,,,,,,2614.7
isone,2022,15,,,,,,2614.7
isone,2022,16,,,,,,2614.7
isone,2022,17,,,,,,2614.7
isone,2022,18,,,,,,2614.7
isone,2022,19,,,,,,2614.7
isone,2022,20,,,,,,2614.7
isone,2022,21,,,,,,2614.7
isone,2022,22,,,,,,2614.7
isone,2022,23,,,,,,2614.7
isone,2023,0,,,,,,2964.3
isone,2023,1,,,,,,2964.3
isone,2023,2,,,,,,2964.3
isone,2023,3,,,,,,2964.3
isone,2023,4,,,,,,2964.3
isone,2023,5,,,,,,2964.3
isone,2023,6,,,,,,2964.3
isone,2023,7,,,,,,2964.3
isone,2023,8,,,,,,2964.3
isone,2023,9,,,,,,2964.3
isone,2023,10,,,,,,2964.3
isone,2023,11,,,,,,2964.3
isone,2023,12,,,,,,2964.3
isone,2023,13,,,,,,2964.3
isone,2023,14,,,,,,2964.3
isone,2023,15,,,,,,2964.3
isone,2023,16,,,,,,2964.3
isone,2023,17,,,,,,2964.3
isone,2023,18,,,,,,2964.3
isone,2023,19,,,,,,2964.3
isone,2023,20,,,,,,2964.3
isone,2023,21,,,,,,2964.3
isone,2023,22,,,,,,2964.3
isone,2023,23,,,,,,2964.3
isone,2024,0,4.273504273504273,117.0,16.0,43.58974358974359,11.965811965811966,3434.6
isone,2024,1,2.564102564102564,117.0,16.0,43.58974358974359,11.965811965811966,3434.6
isone,2024,2,0.0,117.0,16.0,43.58974358974359,11.965811965811966,3434.6
isone,2024,3,0.0,117.0,16.0,43.58974358974359,11.965811965811966,3434.6
isone,2024,4,1.7094017094017095,117.0,16.0,43.58974358974359,11.965811965811966,3434.6
isone,2024,5,1.7094017094017095,117.0,16.0,43.58974358974359,11.965811965811966,3434.6
isone,2024,6,3.418803418803419,117.0,16.0,43.58974358974359,11.965811965811966,3434.6
isone,2024,7,10.256410256410255,117.0,16.0,43.58974358974359,11.965811965811966,3434.6
isone,2024,8,3.418803418803419,117.0,16.0,43.58974358974359,11.965811965811966,3434.6
isone,2024,9,3.418803418803419,117.0,16.0,43.58974358974359,11.965811965811966,3434.6
isone,2024,10,2.564102564102564,117.0,16.0,43.58974358974359,11.965811965811966,3434.6
isone,2024,11,1.7094017094017095,117.0,16.0,43.58974358974359,11.965811965811966,3434.6
isone,2024,12,1.7094017094017095,117.0,16.0,43.58974358974359,11.965811965811966,3434.6
isone,2024,13,1.7094017094017095,117.0,16.0,43.58974358974359,11.965811965811966,3434.6
isone,2024,14,2.564102564102564,117.0,16.0,43.58974358974359,11.965811965811966,3434.6
isone,2024,15,1.7094017094017095,117.0,16.0,43.58974358974359,11.965811965811966,3434.6
isone,2024,16,9.401709401709402,117.0,16.0,43.58974358974359,11.965811965811966,3434.6
isone,2024,17,17.94871794871795,117.0,16.0,43.58974358974359,11.965811965811966,3434.6
isone,2024,18,15.384615384615385,117.0,16.0,43.58974358974359,11.965811965811966,3434.6
isone,2024,19,6.837606837606838,117.0,16.0,43.58974358974359,11.965811965811966,3434.6
isone,2024,20,2.564102564102564,117.0,16.0,43.58974358974359,11.965811965811966,3434.6
isone,2024,21,0.8547008547008548,117.0,16.0,43.58974358974359,11.965811965811966,3434.6
isone,2024,22,2.564102564102564,117.0,16.0,43.58974358974359,11.965811965811966,3434.6
isone,2024,23,1.7094017094017095,117.0,16.0,43.58974358974359,11.965811965811966,3434.6
isone,2025,0,2.719033232628399,331.0,17.0,54.98489425981873,12.990936555891238,3723.7000000000003
isone,2025,1,0.6042296072507553,331.0,17.0,54.98489425981873,12.990936555891238,3723.7000000000003
isone,2025,2,0.3021148036253776,331.0,17.0,54.98489425981873,12.990936555891238,3723.7000000000003
isone,2025,3,0.0,331.0,17.0,54.98489425981873,12.990936555891238,3723.7000000000003
isone,2025,4,0.0,331.0,17.0,54.98489425981873,12.990936555891238,3723.7000000000003
isone,2025,5,1.812688821752266,331.0,17.0,54.98489425981873,12.990936555891238,3723.7000000000003
isone,2025,6,5.13595166163142,331.0,17.0,54.98489425981873,12.990936555891238,3723.7000000000003
isone,2025,7,11.48036253776435,331.0,17.0,54.98489425981873,12.990936555891238,3723.7000000000003
isone,2025,8,2.1148036253776437,331.0,17.0,54.98489425981873,12.990936555891238,3723.7000000000003
isone,2025,9,1.5105740181268883,331.0,17.0,54.98489425981873,12.990936555891238,3723.7000000000003
isone,2025,10,3.3232628398791544,331.0,17.0,54.98489425981873,12.990936555891238,3723.7000000000003
isone,2025,11,2.416918429003021,331.0,17.0,54.98489425981873,12.990936555891238,3723.7000000000003
isone,2025,12,2.416918429003021,331.0,17.0,54.98489425981873,12.990936555891238,3723.7000000000003
isone,2025,13,2.1148036253776437,331.0,17.0,54.98489425981873,12.990936555891238,3723.7000000000003
isone,2025,14,1.2084592145015105,331.0,17.0,54.98489425981873,12.990936555891238,3723.7000000000003
isone,2025,15,1.5105740181268883,331.0,17.0,54.98489425981873,12.990936555891238,3723.7000000000003
isone,2025,16,4.531722054380665,331.0,17.0,54.98489425981873,12.990936555891238,3723.7000000000003
isone,2025,17,12.990936555891238,331.0,17.0,54.98489425981873,12.990936555891238,3723.7000000000003
isone,2025,18,16.012084592145015,331.0,17.0,54.98489425981873,12.990936555891238,3723.7000000000003
isone,2025,19,13.595166163141995,331.0,17.0,54.98489425981873,12.990936555891238,3723.7000000000003
isone,2025,20,9.06344410876133,331.0,17.0,54.98489425981873,12.990936555891238,3723.7000000000003
isone,2025,21,3.3232628398791544,331.0,17.0,54.98489425981873,12.990936555891238,3723.7000000000003
isone,2025,22,0.906344410876133,331.0,17.0,54.98489425981873,12.990936555891238,3723.7000000000003
isone,2025,23,0.906344410876133,331.0,17.0,54.98489425981873,12.990936555891238,3723.7000000000003
isone,2026,0,2.3166023166023164,259.0,16.0,41.312741312741316,17.760617760617762,3745.0
isone,2026,1,3.474903474903475,259.0,16.0,41.312741312741316,17.760617760617762,3745.0
isone,2026,2,1.1583011583011582,259.0,16.0,41.312741312741316,17.760617760617762,3745.0
isone,2026,3,0.7722007722007722,259.0,16.0,41.312741312741316,17.760617760617762,3745.0
isone,2026,4,0.7722007722007722,259.0,16.0,41.312741312741316,17.760617760617762,3745.0
isone,2026,5,0.7722007722007722,259.0,16.0,41.312741312741316,17.760617760617762,3745.0
isone,2026,6,4.633204633204633,259.0,16.0,41.312741312741316,17.760617760617762,3745.0
isone,2026,7,10.424710424710424,259.0,16.0,41.312741312741316,17.760617760617762,3745.0
isone,2026,8,3.088803088803089,259.0,16.0,41.312741312741316,17.760617760617762,3745.0
isone,2026,9,1.9305019305019304,259.0,16.0,41.312741312741316,17.760617760617762,3745.0
isone,2026,10,1.9305019305019304,259.0,16.0,41.312741312741316,17.760617760617762,3745.0
isone,2026,11,2.3166023166023164,259.0,16.0,41.312741312741316,17.760617760617762,3745.0
isone,2026,12,2.7027027027027026,259.0,16.0,41.312741312741316,17.760617760617762,3745.0
isone,2026,13,3.088803088803089,259.0,16.0,41.312741312741316,17.760617760617762,3745.0
isone,2026,14,1.9305019305019304,259.0,16.0,41.312741312741316,17.760617760617762,3745.0
isone,2026,15,5.7915057915057915,259.0,16.0,41.312741312741316,17.760617760617762,3745.0
isone,2026,16,8.108108108108109,259.0,16.0,41.312741312741316,17.760617760617762,3745.0
isone,2026,17,4.633204633204633,259.0,16.0,41.312741312741316,17.760617760617762,3745.0
isone,2026,18,9.266409266409266,259.0,16.0,41.312741312741316,17.760617760617762,3745.0
isone,2026,19,9.266409266409266,259.0,16.0,41.312741312741316,17.760617760617762,3745.0
isone,2026,20,14.285714285714285,259.0,16.0,41.312741312741316,17.760617760617762,3745.0
isone,2026,21,3.861003861003861,259.0,16.0,41.312741312741316,17.760617760617762,3745.0
isone,2026,22,2.3166023166023164,259.0,16.0,41.312741312741316,17.760617760617762,3745.0
isone,2026,23,1.1583011583011582,259.0,16.0,41.312741312741316,17.760617760617762,3745.0
spp,2019,0,,,,,,365.2
spp,2019,1,,,,,,365.2
spp,2019,2,,,,,,365.2
spp,2019,3,,,,,,365.2
spp,2019,4,,,,,,365.2
spp,2019,5,,,,,,365.2
spp,2019,6,,,,,,365.2
spp,2019,7,,,,,,365.2
spp,2019,8,,,,,,365.2
spp,2019,9,,,,,,365.2
spp,2019,10,,,,,,365.2
spp,2019,11,,,,,,365.2
spp,2019,12,,,,,,365.2
spp,2019,13,,,,,,365.2
spp,2019,14,,,,,,365.2
spp,2019,15,,,,,,365.2
spp,2019,16,,,,,,365.2
spp,2019,17,,,,,,365.2
spp,2019,18,,,,,,365.2
spp,2019,19,,,,,,365.2
spp,2019,20,,,,,,365.2
spp,2019,21,,,,,,365.2
spp,2019,22,,,,,,365.2
spp,2019,23,,,,,,365.2
spp,2020,0,,,,,,406.1
spp,2020,1,,,,,,406.1
spp,2020,2,,,,,,406.1
spp,2020,3,,,,,,406.1
spp,2020,4,,,,,,406.1
spp,2020,5,,,,,,406.1
spp,2020,6,,,,,,406.1
spp,2020,7,,,,,,406.1
spp,2020,8,,,,,,406.1
spp,2020,9,,,,,,406.1
spp,2020,10,,,,,,406.1
spp,2020,11,,,,,,406.1
spp,2020,12,,,,,,406.1
spp,2020,13,,,,,,406.1
spp,2020,14,,,,,,406.1
spp,2020,15,,,,,,406.1
spp,2020,16,,,,,,406.1
spp,2020,17,,,,,,406.1
spp,2020,18,,,,,,406.1
spp,2020,19,,,,,,406.1
spp,2020,20,,,,,,406.1
spp,2020,21,,,,,,406.1
spp,2020,22,,,,,,406.1
spp,2020,23,,,,,,406.1
spp,2021,0,,,,,,455.5
spp,2021,1,,,,,,455.5
spp,2021,2,,,,,,455.5
spp,2021,3,,,,,,455.5
spp,2021,4,,,,,,455.5
spp,2021,5,,,,,,455.5
spp,2021,6,,,,,,455.5
spp,2021,7,,,,,,455.5
spp,2021,8,,,,,,455.5
spp,2021,9,,,,,,455.5
spp,2021,10,,,,,,455.5
spp,2021,11,,,,,,455.5
spp,2021,12,,,,,,455.5
spp,2021,13,,,,,,455.5
spp,2021,14,,,,,,455.5
spp,2021,15,,,,,,455.5
spp,2021,16,,,,,,455.5
spp,2021,17,,,,,,455.5
spp,2021,18,,,,,,455.5
spp,2021,19,,,,,,455.5
spp,2021,20,,,,,,455.5
spp,2021,21,,,,,,455.5
spp,2021,22,,,,,,455.5
spp,2021,23,,,,,,455.5
spp,2022,0,,,,,,481.9
spp,2022,1,,,,,,481.9
spp,2022,2,,,,,,481.9
spp,2022,3,,,,,,481.9
spp,2022,4,,,,,,481.9
spp,2022,5,,,,,,481.9
spp,2022,6,,,,,,481.9
spp,2022,7,,,,,,481.9
spp,2022,8,,,,,,481.9
spp,2022,9,,,,,,481.9
spp,2022,10,,,,,,481.9
spp,2022,11,,,,,,481.9
spp,2022,12,,,,,,481.9
spp,2022,13,,,,,,481.9
spp,2022,14,,,,,,481.9
spp,2022,15,,,,,,481.9
spp,2022,16,,,,,,481.9
spp,2022,17,,,,,,481.9
spp,2022,18,,,,,,481.9
spp,2022,19,,,,,,481.9
spp,2022,20,,,,,,481.9
spp,2022,21,,,,,,481.9
spp,2022,22,,,,,,481.9
spp,2022,23,,,,,,481.9
spp,2023,0,,,,,,567.0
spp,2023,1,,,,,,567.0
spp,2023,2,,,,,,567.0
spp,2023,3,,,,,,567.0
spp,2023,4,,,,,,567.0
spp,2023,5,,,,,,567.0
spp,2023,6,,,,,,567.0
spp,2023,7,,,,,,567.0
spp,2023,8,,,,,,567.0
spp,2023,9,,,,,,567.0
spp,2023,10,,,,,,567.0
spp,2023,11,,,,,,567.0
spp,2023,12,,,,,,567.0
spp,2023,13,,,,,,567.0
spp,2023,14,,,,,,567.0
spp,2023,15,,,,,,567.0
spp,2023,16,,,,,,567.0
spp,2023,17,,,,,,567.0
spp,2023,18,,,,,,567.0
spp,2023,19,,,,,,567.0
spp,2023,20,,,,,,567.0
spp,2023,21,,,,,,567.0
spp,2023,22,,,,,,567.0
spp,2023,23,,,,,,567.0
spp,2024,0,2.459016393442623,122.0,13.5,27.86885245901639,27.86885245901639,799.9
spp,2024,1,2.459016393442623,122.0,13.5,27.86885245901639,27.86885245901639,799.9
spp,2024,2,0.0,122.0,13.5,27.86885245901639,27.86885245901639,799.9
spp,2024,3,0.0,122.0,13.5,27.86885245901639,27.86885245901639,799.9
spp,2024,4,0.0,122.0,13.5,27.86885245901639,27.86885245901639,799.9
spp,2024,5,0.819672131147541,122.0,13.5,27.86885245901639,27.86885245901639,799.9
spp,2024,6,4.918032786885246,122.0,13.5,27.86885245901639,27.86885245901639,799.9
spp,2024,7,5.737704918032787,122.0,13.5,27.86885245901639,27.86885245901639,799.9
spp,2024,8,4.098360655737705,122.0,13.5,27.86885245901639,27.86885245901639,799.9
spp,2024,9,10.655737704918032,122.0,13.5,27.86885245901639,27.86885245901639,799.9
spp,2024,10,5.737704918032787,122.0,13.5,27.86885245901639,27.86885245901639,799.9
spp,2024,11,0.819672131147541,122.0,13.5,27.86885245901639,27.86885245901639,799.9
spp,2024,12,9.01639344262295,122.0,13.5,27.86885245901639,27.86885245901639,799.9
spp,2024,13,3.278688524590164,122.0,13.5,27.86885245901639,27.86885245901639,799.9
spp,2024,14,1.639344262295082,122.0,13.5,27.86885245901639,27.86885245901639,799.9
spp,2024,15,7.377049180327869,122.0,13.5,27.86885245901639,27.86885245901639,799.9
spp,2024,16,11.475409836065573,122.0,13.5,27.86885245901639,27.86885245901639,799.9
spp,2024,17,16.39344262295082,122.0,13.5,27.86885245901639,27.86885245901639,799.9
spp,2024,18,6.557377049180328,122.0,13.5,27.86885245901639,27.86885245901639,799.9
spp,2024,19,2.459016393442623,122.0,13.5,27.86885245901639,27.86885245901639,799.9
spp,2024,20,0.819672131147541,122.0,13.5,27.86885245901639,27.86885245901639,799.9
spp,2024,21,1.639344262295082,122.0,13.5,27.86885245901639,27.86885245901639,799.9
spp,2024,22,1.639344262295082,122.0,13.5,27.86885245901639,27.86885245901639,799.9
spp,2024,23,0.0,122.0,13.5,27.86885245901639,27.86885245901639,799.9
spp,2025,0,2.191780821917808,365.0,15.0,36.43835616438356,27.397260273972602,1357.8999999999999
spp,2025,1,0.547945205479452,365.0,15.0,36.43835616438356,27.397260273972602,1357.8999999999999
spp,2025,2,1.36986301369863,365.0,15.0,36.43835616438356,27.397260273972602,1357.8999999999999
spp,2025,3,1.095890410958904,365.0,15.0,36.43835616438356,27.397260273972602,1357.8999999999999
spp,2025,4,0.547945205479452,365.0,15.0,36.43835616438356,27.397260273972602,1357.8999999999999
spp,2025,5,1.36986301369863,365.0,15.0,36.43835616438356,27.397260273972602,1357.8999999999999
spp,2025,6,4.383561643835616,365.0,15.0,36.43835616438356,27.397260273972602,1357.8999999999999
spp,2025,7,4.10958904109589,365.0,15.0,36.43835616438356,27.397260273972602,1357.8999999999999
spp,2025,8,3.8356164383561646,365.0,15.0,36.43835616438356,27.397260273972602,1357.8999999999999
spp,2025,9,6.8493150684931505,365.0,15.0,36.43835616438356,27.397260273972602,1357.8999999999999
spp,2025,10,5.7534246575342465,365.0,15.0,36.43835616438356,27.397260273972602,1357.8999999999999
spp,2025,11,4.383561643835616,365.0,15.0,36.43835616438356,27.397260273972602,1357.8999999999999
spp,2025,12,5.205479452054795,365.0,15.0,36.43835616438356,27.397260273972602,1357.8999999999999
spp,2025,13,4.10958904109589,365.0,15.0,36.43835616438356,27.397260273972602,1357.8999999999999
spp,2025,14,3.8356164383561646,365.0,15.0,36.43835616438356,27.397260273972602,1357.8999999999999
spp,2025,15,4.10958904109589,365.0,15.0,36.43835616438356,27.397260273972602,1357.8999999999999
spp,2025,16,6.027397260273973,365.0,15.0,36.43835616438356,27.397260273972602,1357.8999999999999
spp,2025,17,11.232876712328768,365.0,15.0,36.43835616438356,27.397260273972602,1357.8999999999999
spp,2025,18,9.863013698630137,365.0,15.0,36.43835616438356,27.397260273972602,1357.8999999999999
spp,2025,19,7.9452054794520555,365.0,15.0,36.43835616438356,27.397260273972602,1357.8999999999999
spp,2025,20,4.931506849315069,365.0,15.0,36.43835616438356,27.397260273972602,1357.8999999999999
spp,2025,21,2.4657534246575343,365.0,15.0,36.43835616438356,27.397260273972602,1357.8999999999999
spp,2025,22,2.191780821917808,365.0,15.0,36.43835616438356,27.397260273972602,1357.8999999999999
spp,2025,23,1.643835616438356,365.0,15.0,36.43835616438356,27.397260273972602,1357.8999999999999
spp,2026,0,2.5089605734767026,279.0,16.0,39.784946236559136,22.58064516129032,2410.6000000000004
spp,2026,1,1.4336917562724014,279.0,16.0,39.784946236559136,22.58064516129032,2410.6000000000004
spp,2026,2,1.7921146953405016,279.0,16.0,39.784946236559136,22.58064516129032,2410.6000000000004
spp,2026,3,0.7168458781362007,279.0,16.0,39.784946236559136,22.58064516129032,2410.6000000000004
spp,2026,4,0.35842293906810035,279.0,16.0,39.784946236559136,22.58064516129032,2410.6000000000004
spp,2026,5,1.7921146953405016,279.0,16.0,39.784946236559136,22.58064516129032,2410.6000000000004
spp,2026,6,2.867383512544803,279.0,16.0,39.784946236559136,22.58064516129032,2410.6000000000004
spp,2026,7,4.659498207885305,279.0,16.0,39.784946236559136,22.58064516129032,2410.6000000000004
spp,2026,8,5.017921146953405,279.0,16.0,39.784946236559136,22.58064516129032,2410.6000000000004
spp,2026,9,3.942652329749104,279.0,16.0,39.784946236559136,22.58064516129032,2410.6000000000004
spp,2026,10,4.659498207885305,279.0,16.0,39.784946236559136,22.58064516129032,2410.6000000000004
spp,2026,11,3.584229390681003,279.0,16.0,39.784946236559136,22.58064516129032,2410.6000000000004
spp,2026,12,3.942652329749104,279.0,16.0,39.784946236559136,22.58064516129032,2410.6000000000004
spp,2026,13,3.584229390681003,279.0,16.0,39.784946236559136,22.58064516129032,2410.6000000000004
spp,2026,14,3.584229390681003,279.0,16.0,39.784946236559136,22.58064516129032,2410.6000000000004
spp,2026,15,3.225806451612903,279.0,16.0,39.784946236559136,22.58064516129032,2410.6000000000004
spp,2026,16,8.24372759856631,279.0,16.0,39.784946236559136,22.58064516129032,2410.6000000000004
spp,2026,17,9.31899641577061,279.0,16.0,39.784946236559136,22.58064516129032,2410.6000000000004
spp,2026,18,11.827956989247312,279.0,16.0,39.784946236559136,22.58064516129032,2410.6000000000004
spp,2026,19,13.261648745519713,279.0,16.0,39.784946236559136,22.58064516129032,2410.6000000000004
spp,2026,20,1.7921146953405016,279.0,16.0,39.784946236559136,22.58064516129032,2410.6000000000004
spp,2026,21,3.584229390681003,279.0,16.0,39.784946236559136,22.58064516129032,2410.6000000000004
spp,2026,22,2.867383512544803,279.0,16.0,39.784946236559136,22.58064516129032,2410.6000000000004
spp,2026,23,1.4336917562724014,279.0,16.0,39.784946236559136,22.58064516129032,2410.6000000000004
