# Energy Research Warehouse (ERW): California cap-and-trade (CARB, joint with Quebec) auction results
# Shape: series (docs/datastandard.md v0). freq P3M: ts_utc is the first of the auction month (the summary gives no day). node names the auction as CARB numbers it.
# Retrieved: 20260925T235824Z (UTC) by warehouse/connectors/carbon_auctions.py
# Run log: warehouse/output/logs/carbon_auctions_20260925T235824Z.log
# Raw files: warehouse/raw/carbon_auctions/20260925T235824Z/ (not in git)
# Source: carb:auction-results-summary California Air Resources Board, Summary of Joint Auction Settlement Prices and Results (PDF, Last updated August 2026; linked from https://ww2.arb.ca.gov/our-work/programs/cap-and-trade-program/auction-information), https://ww2.arb.ca.gov/sites/default/files/2020-08/results_summary.pdf
# Prices in USD per metric ton of CO2e; allowances in allowances (1 allowance = 1 metric ton).
# License: internal. CARB terms for this summary are unconfirmed.
# File holds 336 rows, 2012-11-01T00:00:00Z to 2026-08-01T00:00:00Z. This run wrote 336 rows: 0 new, 336 replacing earlier rows with the same (entity, variable, ts_utc); 0 rows are kept from earlier runs. Per row, source, source_url and retrieved_at say where it came from; earlier run logs are in warehouse/output/logs/.
entity,variable,ts_utc,value,unit,freq,geo,market,node,source,source_url,retrieved_at,vintage
carb:advance_auction,allowances_offered,2012-11-01T00:00:00Z,39450000.0,count,P3M,US-CA,,Auction #1,carb:auction-results-summary,https://ww2.arb.ca.gov/sites/default/files/2020-08/results_summary.pdf,2026-09-25T23:58:24Z,
carb:advance_auction,allowances_offered,2013-02-01T00:00:00Z,9560000.0,count,P3M,US-CA,,Auction #2,carb:auction-results-summary,https://ww2.arb.ca.gov/sites/default/files/2020-08/results_summary.pdf,2026-09-25T23:58:24Z,
carb:advance_auction,allowances_offered,2013-05-01T00:00:00Z,9560000.0,count,P3M,US-CA,,Auction #3,carb:auction-results-summary,https://ww2.arb.ca.gov/sites/default/files/2020-08/results_summary.pdf,2026-09-25T23:58:24Z,
carb:advance_auction,allowances_offered,2013-08-01T00:00:00Z,9560000.0,count,P3M,US-CA,,Auction #4,carb:auction-results-summary,https://ww2.arb.ca.gov/sites/default/files/2020-08/results_summary.pdf,2026-09-25T23:58:24Z,
carb:advance_auction,allowances_offered,2013-11-01T00:00:00Z,9560000.0,count,P3M,US-CA,,Auction #5,carb:auction-results-summary,https://ww2.arb.ca.gov/sites/default/files/2020-08/results_summary.pdf,2026-09-25T23:58:24Z,
carb:advance_auction,allowances_offered,2014-02-01T00:00:00Z,9260000.0,count,P3M,US-CA,,Auction #6,carb:auction-results-summary,https://ww2.arb.ca.gov/sites/default/files/2020-08/results_summary.pdf,2026-09-25T23:58:24Z,
carb:advance_auction,allowances_offered,2014-05-01T00:00:00Z,9260000.0,count,P3M,US-CA,,Auction #7,carb:auction-results-summary,https://ww2.arb.ca.gov/sites/default/files/2020-08/results_summary.pdf,2026-09-25T23:58:24Z,
carb:advance_auction,allowances_offered,2014-08-01T00:00:00Z,9260000.0,count,P3M,US-CA,,Auction #8,carb:auction-results-summary,https://ww2.arb.ca.gov/sites/default/files/2020-08/results_summary.pdf,2026-09-25T23:58:24Z,
carb:advance_auction,allowances_offered,2014-11-01T00:00:00Z,10787000.0,count,P3M,US-CA,,Joint Auction #1,carb:auction-results-summary,https://ww2.arb.ca.gov/sites/default/files/2020-08/results_summary.pdf,2026-09-25T23:58:24Z,
carb:advance_auction,allowances_offered,2015-02-01T00:00:00Z,10431500.0,count,P3M,US-CA,,Joint Auction #2,carb:auction-results-summary,https://ww2.arb.ca.gov/sites/default/files/2020-08/results_summary.pdf,2026-09-25T23:58:24Z,
carb:advance_auction,allowances_offered,2015-05-01T00:00:00Z,10431500.0,count,P3M,US-CA,,Joint Auction #3,carb:auction-results-summary,https://ww2.arb.ca.gov/sites/default/files/2020-08/results_summary.pdf,2026-09-25T23:58:24Z,
carb:advance_auction,allowances_offered,2015-08-01T00:00:00Z,10431500.0,count,P3M,US-CA,,Joint Auction #4,carb:auction-results-summary,https://ww2.arb.ca.gov/sites/default/files/2020-08/results_summary.pdf,2026-09-25T23:58:24Z,
carb:advance_auction,allowances_offered,2015-11-01T00:00:00Z,10431500.0,count,P3M,US-CA,,Joint Auction #5,carb:auction-results-summary,https://ww2.arb.ca.gov/sites/default/files/2020-08/results_summary.pdf,2026-09-25T23:58:24Z,
carb:advance_auction,allowances_offered,2016-02-01T00:00:00Z,10078750.0,count,P3M,US-CA,,Joint Auction #6,carb:auction-results-summary,https://ww2.arb.ca.gov/sites/default/files/2020-08/results_summary.pdf,2026-09-25T23:58:24Z,
carb:advance_auction,allowances_offered,2016-05-01T00:00:00Z,10078750.0,count,P3M,US-CA,,Joint Auction #7,carb:auction-results-summary,https://ww2.arb.ca.gov/sites/default/files/2020-08/results_summary.pdf,2026-09-25T23:58:24Z,
carb:advance_auction,allowances_offered,2016-08-01T00:00:00Z,10078750.0,count,P3M,US-CA,,Joint Auction #8,carb:auction-results-summary,https://ww2.arb.ca.gov/sites/default/files/2020-08/results_summary.pdf,2026-09-25T23:58:24Z,
carb:advance_auction,allowances_offered,2016-11-01T00:00:00Z,10078750.0,count,P3M,US-CA,,Joint Auction #9,carb:auction-results-summary,https://ww2.arb.ca.gov/sites/default/files/2020-08/results_summary.pdf,2026-09-25T23:58:24Z,
carb:advance_auction,allowances_offered,2017-02-01T00:00:00Z,9723500.0,count,P3M,US-CA,,Joint Auction #10,carb:auction-results-summary,https://ww2.arb.ca.gov/sites/default/files/2020-08/results_summary.pdf,2026-09-25T23:58:24Z,
carb:advance_auction,allowances_offered,2017-05-01T00:00:00Z,9723500.0,count,P3M,US-CA,,Joint Auction #11,carb:auction-results-summary,https://ww2.arb.ca.gov/sites/default/files/2020-08/results_summary.pdf,2026-09-25T23:58:24Z,
carb:advance_auction,allowances_offered,2017-08-01T00:00:00Z,9723500.0,count,P3M,US-CA,,Joint Auction #12,carb:auction-results-summary,https://ww2.arb.ca.gov/sites/default/files/2020-08/results_summary.pdf,2026-09-25T23:58:24Z,
carb:advance_auction,allowances_offered,2017-11-01T00:00:00Z,9723500.0,count,P3M,US-CA,,Joint Auction #13,carb:auction-results-summary,https://ww2.arb.ca.gov/sites/default/files/2020-08/results_summary.pdf,2026-09-25T23:58:24Z,
carb:advance_auction,allowances_offered,2018-02-01T00:00:00Z,12427950.0,count,P3M,US-CA,,Joint Auction #14,carb:auction-results-summary,https://ww2.arb.ca.gov/sites/default/files/2020-08/results_summary.pdf,2026-09-25T23:58:24Z,
carb:advance_auction,allowances_offered,2018-05-01T00:00:00Z,12427950.0,count,P3M,US-CA,,Joint Auction #15,carb:auction-results-summary,https://ww2.arb.ca.gov/sites/default/files/2020-08/results_summary.pdf,2026-09-25T23:58:24Z,
carb:advance_auction,allowances_offered,2018-08-01T00:00:00Z,9401500.0,count,P3M,US-CA,,Joint Auction #16,carb:auction-results-summary,https://ww2.arb.ca.gov/sites/default/files/2020-08/results_summary.pdf,2026-09-25T23:58:24Z,
carb:advance_auction,allowances_offered,2018-11-01T00:00:00Z,9401500.0,count,P3M,US-CA,,Joint Auction #17,carb:auction-results-summary,https://ww2.arb.ca.gov/sites/default/files/2020-08/results_summary.pdf,2026-09-25T23:58:24Z,
carb:advance_auction,allowances_offered,2019-02-01T00:00:00Z,9038000.0,count,P3M,US-CA,,Joint Auction #18,carb:auction-results-summary,https://ww2.arb.ca.gov/sites/default/files/2020-08/results_summary.pdf,2026-09-25T23:58:24Z,
carb:advance_auction,allowances_offered,2019-05-01T00:00:00Z,9038000.0,count,P3M,US-CA,,Joint Auction #19,carb:auction-results-summary,https://ww2.arb.ca.gov/sites/default/files/2020-08/results_summary.pdf,2026-09-25T23:58:24Z,
carb:advance_auction,allowances_offered,2019-08-01T00:00:00Z,9038000.0,count,P3M,US-CA,,Joint Auction #20,carb:auction-results-summary,https://ww2.arb.ca.gov/sites/default/files/2020-08/results_summary.pdf,2026-09-25T23:58:24Z,
carb:advance_auction,allowances_offered,2019-11-01T00:00:00Z,9038000.0,count,P3M,US-CA,,Joint Auction #21,carb:auction-results-summary,https://ww2.arb.ca.gov/sites/default/files/2020-08/results_summary.pdf,2026-09-25T23:58:24Z,
carb:advance_auction,allowances_offered,2020-02-01T00:00:00Z,8672250.0,count,P3M,US-CA,,Joint Auction #22,carb:auction-results-summary,https://ww2.arb.ca.gov/sites/default/files/2020-08/results_summary.pdf,2026-09-25T23:58:24Z,
carb:advance_auction,allowances_offered,2020-05-01T00:00:00Z,8672250.0,count,P3M,US-CA,,Joint Auction #23,carb:auction-results-summary,https://ww2.arb.ca.gov/sites/default/files/2020-08/results_summary.pdf,2026-09-25T23:58:24Z,
carb:advance_auction,allowances_offered,2020-08-01T00:00:00Z,8672250.0,count,P3M,US-CA,,Joint Auction #24,carb:auction-results-summary,https://ww2.arb.ca.gov/sites/default/files/2020-08/results_summary.pdf,2026-09-25T23:58:24Z,
carb:advance_auction,allowances_offered,2020-11-01T00:00:00Z,8672250.0,count,P3M,US-CA,,Joint Auction #25,carb:auction-results-summary,https://ww2.arb.ca.gov/sites/default/files/2020-08/results_summary.pdf,2026-09-25T23:58:24Z,
carb:advance_auction,allowances_offered,2021-02-01T00:00:00Z,8306250.0,count,P3M,US-CA,,Joint Auction #26,carb:auction-results-summary,https://ww2.arb.ca.gov/sites/default/files/2020-08/results_summary.pdf,2026-09-25T23:58:24Z,
carb:advance_auction,allowances_offered,2021-05-01T00:00:00Z,8306250.0,count,P3M,US-CA,,Joint Auction #27,carb:auction-results-summary,https://ww2.arb.ca.gov/sites/default/files/2020-08/results_summary.pdf,2026-09-25T23:58:24Z,
carb:advance_auction,allowances_offered,2021-08-01T00:00:00Z,8306250.0,count,P3M,US-CA,,Joint Auction #28,carb:auction-results-summary,https://ww2.arb.ca.gov/sites/default/files/2020-08/results_summary.pdf,2026-09-25T23:58:24Z,
carb:advance_auction,allowances_offered,2021-11-01T00:00:00Z,8306250.0,count,P3M,US-CA,,Joint Auction #29,carb:auction-results-summary,https://ww2.arb.ca.gov/sites/default/files/2020-08/results_summary.pdf,2026-09-25T23:58:24Z,
carb:advance_auction,allowances_offered,2022-02-01T00:00:00Z,7942750.0,count,P3M,US-CA,,Joint Auction #30,carb:auction-results-summary,https://ww2.arb.ca.gov/sites/default/files/2020-08/results_summary.pdf,2026-09-25T23:58:24Z,
carb:advance_auction,allowances_offered,2022-05-01T00:00:00Z,7942750.0,count,P3M,US-CA,,Joint Auction #31,carb:auction-results-summary,https://ww2.arb.ca.gov/sites/default/files/2020-08/results_summary.pdf,2026-09-25T23:58:24Z,
carb:advance_auction,allowances_offered,2022-08-01T00:00:00Z,7942750.0,count,P3M,US-CA,,Joint Auction #32,carb:auction-results-summary,https://ww2.arb.ca.gov/sites/default/files/2020-08/results_summary.pdf,2026-09-25T23:58:24Z,
carb:advance_auction,allowances_offered,2022-11-01T00:00:00Z,7942750.0,count,P3M,US-CA,,Joint Auction #33,carb:auction-results-summary,https://ww2.arb.ca.gov/sites/default/files/2020-08/results_summary.pdf,2026-09-25T23:58:24Z,
carb:advance_auction,allowances_offered,2023-02-01T00:00:00Z,7577000.0,count,P3M,US-CA,,Joint Auction #34,carb:auction-results-summary,https://ww2.arb.ca.gov/sites/default/files/2020-08/results_summary.pdf,2026-09-25T23:58:24Z,
carb:advance_auction,allowances_offered,2023-05-01T00:00:00Z,7577000.0,count,P3M,US-CA,,Joint Auction #35,carb:auction-results-summary,https://ww2.arb.ca.gov/sites/default/files/2020-08/results_summary.pdf,2026-09-25T23:58:24Z,
carb:advance_auction,allowances_offered,2023-08-01T00:00:00Z,7577000.0,count,P3M,US-CA,,Joint Auction #36,carb:auction-results-summary,https://ww2.arb.ca.gov/sites/default/files/2020-08/results_summary.pdf,2026-09-25T23:58:24Z,
carb:advance_auction,allowances_offered,2023-11-01T00:00:00Z,7577000.0,count,P3M,US-CA,,Joint Auction #37,carb:auction-results-summary,https://ww2.arb.ca.gov/sites/default/files/2020-08/results_summary.pdf,2026-09-25T23:58:24Z,
carb:advance_auction,allowances_offered,2024-02-01T00:00:00Z,7211000.0,count,P3M,US-CA,,Joint Auction #38,carb:auction-results-summary,https://ww2.arb.ca.gov/sites/default/files/2020-08/results_summary.pdf,2026-09-25T23:58:24Z,
carb:advance_auction,allowances_offered,2024-05-01T00:00:00Z,7211000.0,count,P3M,US-CA,,Joint Auction #39,carb:auction-results-summary,https://ww2.arb.ca.gov/sites/default/files/2020-08/results_summary.pdf,2026-09-25T23:58:24Z,
carb:advance_auction,allowances_offered,2024-08-01T00:00:00Z,7211000.0,count,P3M,US-CA,,Joint Auction #40,carb:auction-results-summary,https://ww2.arb.ca.gov/sites/default/files/2020-08/results_summary.pdf,2026-09-25T23:58:24Z,
carb:advance_auction,allowances_offered,2024-11-01T00:00:00Z,7211000.0,count,P3M,US-CA,,Joint Auction #41,carb:auction-results-summary,https://ww2.arb.ca.gov/sites/default/files/2020-08/results_summary.pdf,2026-09-25T23:58:24Z,
carb:advance_auction,allowances_offered,2025-02-01T00:00:00Z,6847750.0,count,P3M,US-CA,,Joint Auction #42,carb:auction-results-summary,https://ww2.arb.ca.gov/sites/default/files/2020-08/results_summary.pdf,2026-09-25T23:58:24Z,
carb:advance_auction,allowances_offered,2025-05-01T00:00:00Z,6847750.0,count,P3M,US-CA,,Joint Auction #43,carb:auction-results-summary,https://ww2.arb.ca.gov/sites/default/files/2020-08/results_summary.pdf,2026-09-25T23:58:24Z,
carb:advance_auction,allowances_offered,2025-08-01T00:00:00Z,6847750.0,count,P3M,US-CA,,Joint Auction #44,carb:auction-results-summary,https://ww2.arb.ca.gov/sites/default/files/2020-08/results_summary.pdf,2026-09-25T23:58:24Z,
carb:advance_auction,allowances_offered,2025-11-01T00:00:00Z,6847750.0,count,P3M,US-CA,,Joint Auction #45,carb:auction-results-summary,https://ww2.arb.ca.gov/sites/default/files/2020-08/results_summary.pdf,2026-09-25T23:58:24Z,
carb:advance_auction,allowances_offered,2026-02-01T00:00:00Z,6481750.0,count,P3M,US-CA,,Joint Auction #46,carb:auction-results-summary,https://ww2.arb.ca.gov/sites/default/files/2020-08/results_summary.pdf,2026-09-25T23:58:24Z,
carb:advance_auction,allowances_offered,2026-05-01T00:00:00Z,6481750.0,count,P3M,US-CA,,Joint Auction #47,carb:auction-results-summary,https://ww2.arb.ca.gov/sites/default/files/2020-08/results_summary.pdf,2026-09-25T23:58:24Z,
carb:advance_auction,allowances_offered,2026-08-01T00:00:00Z,6481750.0,count,P3M,US-CA,,Joint Auction #48,carb:auction-results-summary,https://ww2.arb.ca.gov/sites/default/files/2020-08/results_summary.pdf,2026-09-25T23:58:24Z,
carb:advance_auction,allowances_sold,2012-11-01T00:00:00Z,5576000.0,count,P3M,US-CA,,Auction #1,carb:auction-results-summary,https://ww2.arb.ca.gov/sites/default/files/2020-08/results_summary.pdf,2026-09-25T23:58:24Z,
carb:advance_auction,allowances_sold,2013-02-01T00:00:00Z,4440000.0,count,P3M,US-CA,,Auction #2,carb:auction-results-summary,https://ww2.arb.ca.gov/sites/default/files/2020-08/results_summary.pdf,2026-09-25T23:58:24Z,
carb:advance_auction,allowances_sold,2013-05-01T00:00:00Z,7515000.0,count,P3M,US-CA,,Auction #3,carb:auction-results-summary,https://ww2.arb.ca.gov/sites/default/files/2020-08/results_summary.pdf,2026-09-25T23:58:24Z,
carb:advance_auction,allowances_sold,2013-08-01T00:00:00Z,9560000.0,count,P3M,US-CA,,Auction #4,carb:auction-results-summary,https://ww2.arb.ca.gov/sites/default/files/2020-08/results_summary.pdf,2026-09-25T23:58:24Z,
carb:advance_auction,allowances_sold,2013-11-01T00:00:00Z,9560000.0,count,P3M,US-CA,,Auction #5,carb:auction-results-summary,https://ww2.arb.ca.gov/sites/default/files/2020-08/results_summary.pdf,2026-09-25T23:58:24Z,
carb:advance_auction,allowances_sold,2014-02-01T00:00:00Z,9260000.0,count,P3M,US-CA,,Auction #6,carb:auction-results-summary,https://ww2.arb.ca.gov/sites/default/files/2020-08/results_summary.pdf,2026-09-25T23:58:24Z,
carb:advance_auction,allowances_sold,2014-05-01T00:00:00Z,4036000.0,count,P3M,US-CA,,Auction #7,carb:auction-results-summary,https://ww2.arb.ca.gov/sites/default/files/2020-08/results_summary.pdf,2026-09-25T23:58:24Z,
carb:advance_auction,allowances_sold,2014-08-01T00:00:00Z,6470000.0,count,P3M,US-CA,,Auction #8,carb:auction-results-summary,https://ww2.arb.ca.gov/sites/default/files/2020-08/results_summary.pdf,2026-09-25T23:58:24Z,
carb:advance_auction,allowances_sold,2014-11-01T00:00:00Z,10787000.0,count,P3M,US-CA,,Joint Auction #1,carb:auction-results-summary,https://ww2.arb.ca.gov/sites/default/files/2020-08/results_summary.pdf,2026-09-25T23:58:24Z,
carb:advance_auction,allowances_sold,2015-02-01T00:00:00Z,10431500.0,count,P3M,US-CA,,Joint Auction #2,carb:auction-results-summary,https://ww2.arb.ca.gov/sites/default/files/2020-08/results_summary.pdf,2026-09-25T23:58:24Z,
carb:advance_auction,allowances_sold,2015-05-01T00:00:00Z,9812000.0,count,P3M,US-CA,,Joint Auction #3,carb:auction-results-summary,https://ww2.arb.ca.gov/sites/default/files/2020-08/results_summary.pdf,2026-09-25T23:58:24Z,
carb:advance_auction,allowances_sold,2015-08-01T00:00:00Z,10431500.0,count,P3M,US-CA,,Joint Auction #4,carb:auction-results-summary,https://ww2.arb.ca.gov/sites/default/files/2020-08/results_summary.pdf,2026-09-25T23:58:24Z,
carb:advance_auction,allowances_sold,2015-11-01T00:00:00Z,10431500.0,count,P3M,US-CA,,Joint Auction #5,carb:auction-results-summary,https://ww2.arb.ca.gov/sites/default/files/2020-08/results_summary.pdf,2026-09-25T23:58:24Z,
carb:advance_auction,allowances_sold,2016-02-01T00:00:00Z,9361000.0,count,P3M,US-CA,,Joint Auction #6,carb:auction-results-summary,https://ww2.arb.ca.gov/sites/default/files/2020-08/results_summary.pdf,2026-09-25T23:58:24Z,
carb:advance_auction,allowances_sold,2016-05-01T00:00:00Z,914000.0,count,P3M,US-CA,,Joint Auction #7,carb:auction-results-summary,https://ww2.arb.ca.gov/sites/default/files/2020-08/results_summary.pdf,2026-09-25T23:58:24Z,
carb:advance_auction,allowances_sold,2016-08-01T00:00:00Z,769000.0,count,P3M,US-CA,,Joint Auction #8,carb:auction-results-summary,https://ww2.arb.ca.gov/sites/default/files/2020-08/results_summary.pdf,2026-09-25T23:58:24Z,
carb:advance_auction,allowances_sold,2016-11-01T00:00:00Z,1020000.0,count,P3M,US-CA,,Joint Auction #9,carb:auction-results-summary,https://ww2.arb.ca.gov/sites/default/files/2020-08/results_summary.pdf,2026-09-25T23:58:24Z,
carb:advance_auction,allowances_sold,2017-02-01T00:00:00Z,701000.0,count,P3M,US-CA,,Joint Auction #10,carb:auction-results-summary,https://ww2.arb.ca.gov/sites/default/files/2020-08/results_summary.pdf,2026-09-25T23:58:24Z,
carb:advance_auction,allowances_sold,2017-05-01T00:00:00Z,2117000.0,count,P3M,US-CA,,Joint Auction #11,carb:auction-results-summary,https://ww2.arb.ca.gov/sites/default/files/2020-08/results_summary.pdf,2026-09-25T23:58:24Z,
carb:advance_auction,allowances_sold,2017-08-01T00:00:00Z,9723500.0,count,P3M,US-CA,,Joint Auction #12,carb:auction-results-summary,https://ww2.arb.ca.gov/sites/default/files/2020-08/results_summary.pdf,2026-09-25T23:58:24Z,
carb:advance_auction,allowances_sold,2017-11-01T00:00:00Z,9723500.0,count,P3M,US-CA,,Joint Auction #13,carb:auction-results-summary,https://ww2.arb.ca.gov/sites/default/files/2020-08/results_summary.pdf,2026-09-25T23:58:24Z,
carb:advance_auction,allowances_sold,2018-02-01T00:00:00Z,8576000.0,count,P3M,US-CA,,Joint Auction #14,carb:auction-results-summary,https://ww2.arb.ca.gov/sites/default/files/2020-08/results_summary.pdf,2026-09-25T23:58:24Z,
carb:advance_auction,allowances_sold,2018-05-01T00:00:00Z,6057000.0,count,P3M,US-CA,,Joint Auction #15,carb:auction-results-summary,https://ww2.arb.ca.gov/sites/default/files/2020-08/results_summary.pdf,2026-09-25T23:58:24Z,
carb:advance_auction,allowances_sold,2018-08-01T00:00:00Z,9401500.0,count,P3M,US-CA,,Joint Auction #16,carb:auction-results-summary,https://ww2.arb.ca.gov/sites/default/files/2020-08/results_summary.pdf,2026-09-25T23:58:24Z,
carb:advance_auction,allowances_sold,2018-11-01T00:00:00Z,9401500.0,count,P3M,US-CA,,Joint Auction #17,carb:auction-results-summary,https://ww2.arb.ca.gov/sites/default/files/2020-08/results_summary.pdf,2026-09-25T23:58:24Z,
carb:advance_auction,allowances_sold,2019-02-01T00:00:00Z,5983000.0,count,P3M,US-CA,,Joint Auction #18,carb:auction-results-summary,https://ww2.arb.ca.gov/sites/default/files/2020-08/results_summary.pdf,2026-09-25T23:58:24Z,
carb:advance_auction,allowances_sold,2019-05-01T00:00:00Z,9038000.0,count,P3M,US-CA,,Joint Auction #19,carb:auction-results-summary,https://ww2.arb.ca.gov/sites/default/files/2020-08/results_summary.pdf,2026-09-25T23:58:24Z,
carb:advance_auction,allowances_sold,2019-08-01T00:00:00Z,9038000.0,count,P3M,US-CA,,Joint Auction #20,carb:auction-results-summary,https://ww2.arb.ca.gov/sites/default/files/2020-08/results_summary.pdf,2026-09-25T23:58:24Z,
carb:advance_auction,allowances_sold,2019-11-01T00:00:00Z,9038000.0,count,P3M,US-CA,,Joint Auction #21,carb:auction-results-summary,https://ww2.arb.ca.gov/sites/default/files/2020-08/results_summary.pdf,2026-09-25T23:58:24Z,
carb:advance_auction,allowances_sold,2020-02-01T00:00:00Z,8672250.0,count,P3M,US-CA,,Joint Auction #22,carb:auction-results-summary,https://ww2.arb.ca.gov/sites/default/files/2020-08/results_summary.pdf,2026-09-25T23:58:24Z,
carb:advance_auction,allowances_sold,2020-05-01T00:00:00Z,1763000.0,count,P3M,US-CA,,Joint Auction #23,carb:auction-results-summary,https://ww2.arb.ca.gov/sites/default/files/2020-08/results_summary.pdf,2026-09-25T23:58:24Z,
carb:advance_auction,allowances_sold,2020-08-01T00:00:00Z,8672250.0,count,P3M,US-CA,,Joint Auction #24,carb:auction-results-summary,https://ww2.arb.ca.gov/sites/default/files/2020-08/results_summary.pdf,2026-09-25T23:58:24Z,
carb:advance_auction,allowances_sold,2020-11-01T00:00:00Z,8672250.0,count,P3M,US-CA,,Joint Auction #25,carb:auction-results-summary,https://ww2.arb.ca.gov/sites/default/files/2020-08/results_summary.pdf,2026-09-25T23:58:24Z,
carb:advance_auction,allowances_sold,2021-02-01T00:00:00Z,8306250.0,count,P3M,US-CA,,Joint Auction #26,carb:auction-results-summary,https://ww2.arb.ca.gov/sites/default/files/2020-08/results_summary.pdf,2026-09-25T23:58:24Z,
carb:advance_auction,allowances_sold,2021-05-01T00:00:00Z,8306250.0,count,P3M,US-CA,,Joint Auction #27,carb:auction-results-summary,https://ww2.arb.ca.gov/sites/default/files/2020-08/results_summary.pdf,2026-09-25T23:58:24Z,
carb:advance_auction,allowances_sold,2021-08-01T00:00:00Z,8306250.0,count,P3M,US-CA,,Joint Auction #28,carb:auction-results-summary,https://ww2.arb.ca.gov/sites/default/files/2020-08/results_summary.pdf,2026-09-25T23:58:24Z,
carb:advance_auction,allowances_sold,2021-11-01T00:00:00Z,8306250.0,count,P3M,US-CA,,Joint Auction #29,carb:auction-results-summary,https://ww2.arb.ca.gov/sites/default/files/2020-08/results_summary.pdf,2026-09-25T23:58:24Z,
carb:advance_auction,allowances_sold,2022-02-01T00:00:00Z,7079000.0,count,P3M,US-CA,,Joint Auction #30,carb:auction-results-summary,https://ww2.arb.ca.gov/sites/default/files/2020-08/results_summary.pdf,2026-09-25T23:58:24Z,
carb:advance_auction,allowances_sold,2022-05-01T00:00:00Z,7942750.0,count,P3M,US-CA,,Joint Auction #31,carb:auction-results-summary,https://ww2.arb.ca.gov/sites/default/files/2020-08/results_summary.pdf,2026-09-25T23:58:24Z,
carb:advance_auction,allowances_sold,2022-08-01T00:00:00Z,7942750.0,count,P3M,US-CA,,Joint Auction #32,carb:auction-results-summary,https://ww2.arb.ca.gov/sites/default/files/2020-08/results_summary.pdf,2026-09-25T23:58:24Z,
carb:advance_auction,allowances_sold,2022-11-01T00:00:00Z,7942750.0,count,P3M,US-CA,,Joint Auction #33,carb:auction-results-summary,https://ww2.arb.ca.gov/sites/default/files/2020-08/results_summary.pdf,2026-09-25T23:58:24Z,
carb:advance_auction,allowances_sold,2023-02-01T00:00:00Z,7577000.0,count,P3M,US-CA,,Joint Auction #34,carb:auction-results-summary,https://ww2.arb.ca.gov/sites/default/files/2020-08/results_summary.pdf,2026-09-25T23:58:24Z,
carb:advance_auction,allowances_sold,2023-05-01T00:00:00Z,7577000.0,count,P3M,US-CA,,Joint Auction #35,carb:auction-results-summary,https://ww2.arb.ca.gov/sites/default/files/2020-08/results_summary.pdf,2026-09-25T23:58:24Z,
carb:advance_auction,allowances_sold,2023-08-01T00:00:00Z,7577000.0,count,P3M,US-CA,,Joint Auction #36,carb:auction-results-summary,https://ww2.arb.ca.gov/sites/default/files/2020-08/results_summary.pdf,2026-09-25T23:58:24Z,
carb:advance_auction,allowances_sold,2023-11-01T00:00:00Z,7577000.0,count,P3M,US-CA,,Joint Auction #37,carb:auction-results-summary,https://ww2.arb.ca.gov/sites/default/files/2020-08/results_summary.pdf,2026-09-25T23:58:24Z,
carb:advance_auction,allowances_sold,2024-02-01T00:00:00Z,7211000.0,count,P3M,US-CA,,Joint Auction #38,carb:auction-results-summary,https://ww2.arb.ca.gov/sites/default/files/2020-08/results_summary.pdf,2026-09-25T23:58:24Z,
carb:advance_auction,allowances_sold,2024-05-01T00:00:00Z,7211000.0,count,P3M,US-CA,,Joint Auction #39,carb:auction-results-summary,https://ww2.arb.ca.gov/sites/default/files/2020-08/results_summary.pdf,2026-09-25T23:58:24Z,
carb:advance_auction,allowances_sold,2024-08-01T00:00:00Z,7211000.0,count,P3M,US-CA,,Joint Auction #40,carb:auction-results-summary,https://ww2.arb.ca.gov/sites/default/files/2020-08/results_summary.pdf,2026-09-25T23:58:24Z,
carb:advance_auction,allowances_sold,2024-11-01T00:00:00Z,7211000.0,count,P3M,US-CA,,Joint Auction #41,carb:auction-results-summary,https://ww2.arb.ca.gov/sites/default/files/2020-08/results_summary.pdf,2026-09-25T23:58:24Z,
carb:advance_auction,allowances_sold,2025-02-01T00:00:00Z,6847750.0,count,P3M,US-CA,,Joint Auction #42,carb:auction-results-summary,https://ww2.arb.ca.gov/sites/default/files/2020-08/results_summary.pdf,2026-09-25T23:58:24Z,
carb:advance_auction,allowances_sold,2025-05-01T00:00:00Z,6847750.0,count,P3M,US-CA,,Joint Auction #43,carb:auction-results-summary,https://ww2.arb.ca.gov/sites/default/files/2020-08/results_summary.pdf,2026-09-25T23:58:24Z,
carb:advance_auction,allowances_sold,2025-08-01T00:00:00Z,6847750.0,count,P3M,US-CA,,Joint Auction #44,carb:auction-results-summary,https://ww2.arb.ca.gov/sites/default/files/2020-08/results_summary.pdf,2026-09-25T23:58:24Z,
carb:advance_auction,allowances_sold,2025-11-01T00:00:00Z,6847750.0,count,P3M,US-CA,,Joint Auction #45,carb:auction-results-summary,https://ww2.arb.ca.gov/sites/default/files/2020-08/results_summary.pdf,2026-09-25T23:58:24Z,
carb:advance_auction,allowances_sold,2026-02-01T00:00:00Z,6263000.0,count,P3M,US-CA,,Joint Auction #46,carb:auction-results-summary,https://ww2.arb.ca.gov/sites/default/files/2020-08/results_summary.pdf,2026-09-25T23:58:24Z,
carb:advance_auction,allowances_sold,2026-05-01T00:00:00Z,6481750.0,count,P3M,US-CA,,Joint Auction #47,carb:auction-results-summary,https://ww2.arb.ca.gov/sites/default/files/2020-08/results_summary.pdf,2026-09-25T23:58:24Z,
carb:advance_auction,allowances_sold,2026-08-01T00:00:00Z,6481750.0,count,P3M,US-CA,,Joint Auction #48,carb:auction-results-summary,https://ww2.arb.ca.gov/sites/default/files/2020-08/results_summary.pdf,2026-09-25T23:58:24Z,
carb:advance_auction,settlement_price,2012-11-01T00:00:00Z,10.0,USD/tCO2,P3M,US-CA,,Auction #1,carb:auction-results-summary,https://ww2.arb.ca.gov/sites/default/files/2020-08/results_summary.pdf,2026-09-25T23:58:24Z,
carb:advance_auction,settlement_price,2013-02-01T00:00:00Z,10.71,USD/tCO2,P3M,US-CA,,Auction #2,carb:auction-results-summary,https://ww2.arb.ca.gov/sites/default/files/2020-08/results_summary.pdf,2026-09-25T23:58:24Z,
carb:advance_auction,settlement_price,2013-05-01T00:00:00Z,10.71,USD/tCO2,P3M,US-CA,,Auction #3,carb:auction-results-summary,https://ww2.arb.ca.gov/sites/default/files/2020-08/results_summary.pdf,2026-09-25T23:58:24Z,
carb:advance_auction,settlement_price,2013-08-01T00:00:00Z,11.1,USD/tCO2,P3M,US-CA,,Auction #4,carb:auction-results-summary,https://ww2.arb.ca.gov/sites/default/files/2020-08/results_summary.pdf,2026-09-25T23:58:24Z,
carb:advance_auction,settlement_price,2013-11-01T00:00:00Z,11.1,USD/tCO2,P3M,US-CA,,Auction #5,carb:auction-results-summary,https://ww2.arb.ca.gov/sites/default/files/2020-08/results_summary.pdf,2026-09-25T23:58:24Z,
carb:advance_auction,settlement_price,2014-02-01T00:00:00Z,11.38,USD/tCO2,P3M,US-CA,,Auction #6,carb:auction-results-summary,https://ww2.arb.ca.gov/sites/default/files/2020-08/results_summary.pdf,2026-09-25T23:58:24Z,
carb:advance_auction,settlement_price,2014-05-01T00:00:00Z,11.34,USD/tCO2,P3M,US-CA,,Auction #7,carb:auction-results-summary,https://ww2.arb.ca.gov/sites/default/files/2020-08/results_summary.pdf,2026-09-25T23:58:24Z,
carb:advance_auction,settlement_price,2014-08-01T00:00:00Z,11.34,USD/tCO2,P3M,US-CA,,Auction #8,carb:auction-results-summary,https://ww2.arb.ca.gov/sites/default/files/2020-08/results_summary.pdf,2026-09-25T23:58:24Z,
carb:advance_auction,settlement_price,2014-11-01T00:00:00Z,11.86,USD/tCO2,P3M,US-CA,,Joint Auction #1,carb:auction-results-summary,https://ww2.arb.ca.gov/sites/default/files/2020-08/results_summary.pdf,2026-09-25T23:58:24Z,
carb:advance_auction,settlement_price,2015-02-01T00:00:00Z,12.1,USD/tCO2,P3M,US-CA,,Joint Auction #2,carb:auction-results-summary,https://ww2.arb.ca.gov/sites/default/files/2020-08/results_summary.pdf,2026-09-25T23:58:24Z,
carb:advance_auction,settlement_price,2015-05-01T00:00:00Z,12.1,USD/tCO2,P3M,US-CA,,Joint Auction #3,carb:auction-results-summary,https://ww2.arb.ca.gov/sites/default/files/2020-08/results_summary.pdf,2026-09-25T23:58:24Z,
carb:advance_auction,settlement_price,2015-08-01T00:00:00Z,12.3,USD/tCO2,P3M,US-CA,,Joint Auction #4,carb:auction-results-summary,https://ww2.arb.ca.gov/sites/default/files/2020-08/results_summary.pdf,2026-09-25T23:58:24Z,
carb:advance_auction,settlement_price,2015-11-01T00:00:00Z,12.65,USD/tCO2,P3M,US-CA,,Joint Auction #5,carb:auction-results-summary,https://ww2.arb.ca.gov/sites/default/files/2020-08/results_summary.pdf,2026-09-25T23:58:24Z,
carb:advance_auction,settlement_price,2016-02-01T00:00:00Z,12.73,USD/tCO2,P3M,US-CA,,Joint Auction #6,carb:auction-results-summary,https://ww2.arb.ca.gov/sites/default/files/2020-08/results_summary.pdf,2026-09-25T23:58:24Z,
carb:advance_auction,settlement_price,2016-05-01T00:00:00Z,12.73,USD/tCO2,P3M,US-CA,,Joint Auction #7,carb:auction-results-summary,https://ww2.arb.ca.gov/sites/default/files/2020-08/results_summary.pdf,2026-09-25T23:58:24Z,
carb:advance_auction,settlement_price,2016-08-01T00:00:00Z,12.73,USD/tCO2,P3M,US-CA,,Joint Auction #8,carb:auction-results-summary,https://ww2.arb.ca.gov/sites/default/files/2020-08/results_summary.pdf,2026-09-25T23:58:24Z,
carb:advance_auction,settlement_price,2016-11-01T00:00:00Z,12.73,USD/tCO2,P3M,US-CA,,Joint Auction #9,carb:auction-results-summary,https://ww2.arb.ca.gov/sites/default/files/2020-08/results_summary.pdf,2026-09-25T23:58:24Z,
carb:advance_auction,settlement_price,2017-02-01T00:00:00Z,13.57,USD/tCO2,P3M,US-CA,,Joint Auction #10,carb:auction-results-summary,https://ww2.arb.ca.gov/sites/default/files/2020-08/results_summary.pdf,2026-09-25T23:58:24Z,
carb:advance_auction,settlement_price,2017-05-01T00:00:00Z,13.57,USD/tCO2,P3M,US-CA,,Joint Auction #11,carb:auction-results-summary,https://ww2.arb.ca.gov/sites/default/files/2020-08/results_summary.pdf,2026-09-25T23:58:24Z,
carb:advance_auction,settlement_price,2017-08-01T00:00:00Z,14.55,USD/tCO2,P3M,US-CA,,Joint Auction #12,carb:auction-results-summary,https://ww2.arb.ca.gov/sites/default/files/2020-08/results_summary.pdf,2026-09-25T23:58:24Z,
carb:advance_auction,settlement_price,2017-11-01T00:00:00Z,14.76,USD/tCO2,P3M,US-CA,,Joint Auction #13,carb:auction-results-summary,https://ww2.arb.ca.gov/sites/default/files/2020-08/results_summary.pdf,2026-09-25T23:58:24Z,
carb:advance_auction,settlement_price,2018-02-01T00:00:00Z,14.53,USD/tCO2,P3M,US-CA,,Joint Auction #14,carb:auction-results-summary,https://ww2.arb.ca.gov/sites/default/files/2020-08/results_summary.pdf,2026-09-25T23:58:24Z,
carb:advance_auction,settlement_price,2018-05-01T00:00:00Z,14.53,USD/tCO2,P3M,US-CA,,Joint Auction #15,carb:auction-results-summary,https://ww2.arb.ca.gov/sites/default/files/2020-08/results_summary.pdf,2026-09-25T23:58:24Z,
carb:advance_auction,settlement_price,2018-08-01T00:00:00Z,14.9,USD/tCO2,P3M,US-CA,,Joint Auction #16,carb:auction-results-summary,https://ww2.arb.ca.gov/sites/default/files/2020-08/results_summary.pdf,2026-09-25T23:58:24Z,
carb:advance_auction,settlement_price,2018-11-01T00:00:00Z,15.33,USD/tCO2,P3M,US-CA,,Joint Auction #17,carb:auction-results-summary,https://ww2.arb.ca.gov/sites/default/files/2020-08/results_summary.pdf,2026-09-25T23:58:24Z,
carb:advance_auction,settlement_price,2019-02-01T00:00:00Z,15.62,USD/tCO2,P3M,US-CA,,Joint Auction #18,carb:auction-results-summary,https://ww2.arb.ca.gov/sites/default/files/2020-08/results_summary.pdf,2026-09-25T23:58:24Z,
carb:advance_auction,settlement_price,2019-05-01T00:00:00Z,17.4,USD/tCO2,P3M,US-CA,,Joint Auction #19,carb:auction-results-summary,https://ww2.arb.ca.gov/sites/default/files/2020-08/results_summary.pdf,2026-09-25T23:58:24Z,
carb:advance_auction,settlement_price,2019-08-01T00:00:00Z,16.85,USD/tCO2,P3M,US-CA,,Joint Auction #20,carb:auction-results-summary,https://ww2.arb.ca.gov/sites/default/files/2020-08/results_summary.pdf,2026-09-25T23:58:24Z,
carb:advance_auction,settlement_price,2019-11-01T00:00:00Z,16.8,USD/tCO2,P3M,US-CA,,Joint Auction #21,carb:auction-results-summary,https://ww2.arb.ca.gov/sites/default/files/2020-08/results_summary.pdf,2026-09-25T23:58:24Z,
carb:advance_auction,settlement_price,2020-02-01T00:00:00Z,18.0,USD/tCO2,P3M,US-CA,,Joint Auction #22,carb:auction-results-summary,https://ww2.arb.ca.gov/sites/default/files/2020-08/results_summary.pdf,2026-09-25T23:58:24Z,
carb:advance_auction,settlement_price,2020-05-01T00:00:00Z,16.68,USD/tCO2,P3M,US-CA,,Joint Auction #23,carb:auction-results-summary,https://ww2.arb.ca.gov/sites/default/files/2020-08/results_summary.pdf,2026-09-25T23:58:24Z,
carb:advance_auction,settlement_price,2020-08-01T00:00:00Z,16.73,USD/tCO2,P3M,US-CA,,Joint Auction #24,carb:auction-results-summary,https://ww2.arb.ca.gov/sites/default/files/2020-08/results_summary.pdf,2026-09-25T23:58:24Z,
carb:advance_auction,settlement_price,2020-11-01T00:00:00Z,17.35,USD/tCO2,P3M,US-CA,,Joint Auction #25,carb:auction-results-summary,https://ww2.arb.ca.gov/sites/default/files/2020-08/results_summary.pdf,2026-09-25T23:58:24Z,
carb:advance_auction,settlement_price,2021-02-01T00:00:00Z,18.01,USD/tCO2,P3M,US-CA,,Joint Auction #26,carb:auction-results-summary,https://ww2.arb.ca.gov/sites/default/files/2020-08/results_summary.pdf,2026-09-25T23:58:24Z,
carb:advance_auction,settlement_price,2021-05-01T00:00:00Z,19.04,USD/tCO2,P3M,US-CA,,Joint Auction #27,carb:auction-results-summary,https://ww2.arb.ca.gov/sites/default/files/2020-08/results_summary.pdf,2026-09-25T23:58:24Z,
carb:advance_auction,settlement_price,2021-08-01T00:00:00Z,23.69,USD/tCO2,P3M,US-CA,,Joint Auction #28,carb:auction-results-summary,https://ww2.arb.ca.gov/sites/default/files/2020-08/results_summary.pdf,2026-09-25T23:58:24Z,
carb:advance_auction,settlement_price,2021-11-01T00:00:00Z,34.01,USD/tCO2,P3M,US-CA,,Joint Auction #29,carb:auction-results-summary,https://ww2.arb.ca.gov/sites/default/files/2020-08/results_summary.pdf,2026-09-25T23:58:24Z,
carb:advance_auction,settlement_price,2022-02-01T00:00:00Z,19.7,USD/tCO2,P3M,US-CA,,Joint Auction #30,carb:auction-results-summary,https://ww2.arb.ca.gov/sites/default/files/2020-08/results_summary.pdf,2026-09-25T23:58:24Z,
carb:advance_auction,settlement_price,2022-05-01T00:00:00Z,28.13,USD/tCO2,P3M,US-CA,,Joint Auction #31,carb:auction-results-summary,https://ww2.arb.ca.gov/sites/default/files/2020-08/results_summary.pdf,2026-09-25T23:58:24Z,
carb:advance_auction,settlement_price,2022-08-01T00:00:00Z,30.0,USD/tCO2,P3M,US-CA,,Joint Auction #32,carb:auction-results-summary,https://ww2.arb.ca.gov/sites/default/files/2020-08/results_summary.pdf,2026-09-25T23:58:24Z,
carb:advance_auction,settlement_price,2022-11-01T00:00:00Z,26.0,USD/tCO2,P3M,US-CA,,Joint Auction #33,carb:auction-results-summary,https://ww2.arb.ca.gov/sites/default/files/2020-08/results_summary.pdf,2026-09-25T23:58:24Z,
carb:advance_auction,settlement_price,2023-02-01T00:00:00Z,27.01,USD/tCO2,P3M,US-CA,,Joint Auction #34,carb:auction-results-summary,https://ww2.arb.ca.gov/sites/default/files/2020-08/results_summary.pdf,2026-09-25T23:58:24Z,
carb:advance_auction,settlement_price,2023-05-01T00:00:00Z,30.05,USD/tCO2,P3M,US-CA,,Joint Auction #35,carb:auction-results-summary,https://ww2.arb.ca.gov/sites/default/files/2020-08/results_summary.pdf,2026-09-25T23:58:24Z,
carb:advance_auction,settlement_price,2023-08-01T00:00:00Z,34.16,USD/tCO2,P3M,US-CA,,Joint Auction #36,carb:auction-results-summary,https://ww2.arb.ca.gov/sites/default/files/2020-08/results_summary.pdf,2026-09-25T23:58:24Z,
carb:advance_auction,settlement_price,2023-11-01T00:00:00Z,37.4,USD/tCO2,P3M,US-CA,,Joint Auction #37,carb:auction-results-summary,https://ww2.arb.ca.gov/sites/default/files/2020-08/results_summary.pdf,2026-09-25T23:58:24Z,
carb:advance_auction,settlement_price,2024-02-01T00:00:00Z,41.0,USD/tCO2,P3M,US-CA,,Joint Auction #38,carb:auction-results-summary,https://ww2.arb.ca.gov/sites/default/files/2020-08/results_summary.pdf,2026-09-25T23:58:24Z,
carb:advance_auction,settlement_price,2024-05-01T00:00:00Z,38.35,USD/tCO2,P3M,US-CA,,Joint Auction #39,carb:auction-results-summary,https://ww2.arb.ca.gov/sites/default/files/2020-08/results_summary.pdf,2026-09-25T23:58:24Z,
carb:advance_auction,settlement_price,2024-08-01T00:00:00Z,29.75,USD/tCO2,P3M,US-CA,,Joint Auction #40,carb:auction-results-summary,https://ww2.arb.ca.gov/sites/default/files/2020-08/results_summary.pdf,2026-09-25T23:58:24Z,
carb:advance_auction,settlement_price,2024-11-01T00:00:00Z,30.16,USD/tCO2,P3M,US-CA,,Joint Auction #41,carb:auction-results-summary,https://ww2.arb.ca.gov/sites/default/files/2020-08/results_summary.pdf,2026-09-25T23:58:24Z,
carb:advance_auction,settlement_price,2025-02-01T00:00:00Z,28.0,USD/tCO2,P3M,US-CA,,Joint Auction #42,carb:auction-results-summary,https://ww2.arb.ca.gov/sites/default/files/2020-08/results_summary.pdf,2026-09-25T23:58:24Z,
carb:advance_auction,settlement_price,2025-05-01T00:00:00Z,26.15,USD/tCO2,P3M,US-CA,,Joint Auction #43,carb:auction-results-summary,https://ww2.arb.ca.gov/sites/default/files/2020-08/results_summary.pdf,2026-09-25T23:58:24Z,
carb:advance_auction,settlement_price,2025-08-01T00:00:00Z,28.5,USD/tCO2,P3M,US-CA,,Joint Auction #44,carb:auction-results-summary,https://ww2.arb.ca.gov/sites/default/files/2020-08/results_summary.pdf,2026-09-25T23:58:24Z,
carb:advance_auction,settlement_price,2025-11-01T00:00:00Z,29.61,USD/tCO2,P3M,US-CA,,Joint Auction #45,carb:auction-results-summary,https://ww2.arb.ca.gov/sites/default/files/2020-08/results_summary.pdf,2026-09-25T23:58:24Z,
carb:advance_auction,settlement_price,2026-02-01T00:00:00Z,27.94,USD/tCO2,P3M,US-CA,,Joint Auction #46,carb:auction-results-summary,https://ww2.arb.ca.gov/sites/default/files/2020-08/results_summary.pdf,2026-09-25T23:58:24Z,
carb:advance_auction,settlement_price,2026-05-01T00:00:00Z,28.76,USD/tCO2,P3M,US-CA,,Joint Auction #47,carb:auction-results-summary,https://ww2.arb.ca.gov/sites/default/files/2020-08/results_summary.pdf,2026-09-25T23:58:24Z,
carb:advance_auction,settlement_price,2026-08-01T00:00:00Z,32.75,USD/tCO2,P3M,US-CA,,Joint Auction #48,carb:auction-results-summary,https://ww2.arb.ca.gov/sites/default/files/2020-08/results_summary.pdf,2026-09-25T23:58:24Z,
carb:current_auction,allowances_offered,2012-11-01T00:00:00Z,23126110.0,count,P3M,US-CA,,Auction #1,carb:auction-results-summary,https://ww2.arb.ca.gov/sites/default/files/2020-08/results_summary.pdf,2026-09-25T23:58:24Z,
carb:current_auction,allowances_offered,2013-02-01T00:00:00Z,12924822.0,count,P3M,US-CA,,Auction #2,carb:auction-results-summary,https://ww2.arb.ca.gov/sites/default/files/2020-08/results_summary.pdf,2026-09-25T23:58:24Z,
carb:current_auction,allowances_offered,2013-05-01T00:00:00Z,14522048.0,count,P3M,US-CA,,Auction #3,carb:auction-results-summary,https://ww2.arb.ca.gov/sites/default/files/2020-08/results_summary.pdf,2026-09-25T23:58:24Z,
carb:current_auction,allowances_offered,2013-08-01T00:00:00Z,13865422.0,count,P3M,US-CA,,Auction #4,carb:auction-results-summary,https://ww2.arb.ca.gov/sites/default/files/2020-08/results_summary.pdf,2026-09-25T23:58:24Z,
carb:current_auction,allowances_offered,2013-11-01T00:00:00Z,16614526.0,count,P3M,US-CA,,Auction #5,carb:auction-results-summary,https://ww2.arb.ca.gov/sites/default/files/2020-08/results_summary.pdf,2026-09-25T23:58:24Z,
carb:current_auction,allowances_offered,2014-02-01T00:00:00Z,19538695.0,count,P3M,US-CA,,Auction #6,carb:auction-results-summary,https://ww2.arb.ca.gov/sites/default/files/2020-08/results_summary.pdf,2026-09-25T23:58:24Z,
carb:current_auction,allowances_offered,2014-05-01T00:00:00Z,16947080.0,count,P3M,US-CA,,Auction #7,carb:auction-results-summary,https://ww2.arb.ca.gov/sites/default/files/2020-08/results_summary.pdf,2026-09-25T23:58:24Z,
carb:current_auction,allowances_offered,2014-08-01T00:00:00Z,22473043.0,count,P3M,US-CA,,Auction #8,carb:auction-results-summary,https://ww2.arb.ca.gov/sites/default/files/2020-08/results_summary.pdf,2026-09-25T23:58:24Z,
carb:current_auction,allowances_offered,2014-11-01T00:00:00Z,23070987.0,count,P3M,US-CA,,Joint Auction #1,carb:auction-results-summary,https://ww2.arb.ca.gov/sites/default/files/2020-08/results_summary.pdf,2026-09-25T23:58:24Z,
carb:current_auction,allowances_offered,2015-02-01T00:00:00Z,73610528.0,count,P3M,US-CA,,Joint Auction #2,carb:auction-results-summary,https://ww2.arb.ca.gov/sites/default/files/2020-08/results_summary.pdf,2026-09-25T23:58:24Z,
carb:current_auction,allowances_offered,2015-05-01T00:00:00Z,76931627.0,count,P3M,US-CA,,Joint Auction #3,carb:auction-results-summary,https://ww2.arb.ca.gov/sites/default/files/2020-08/results_summary.pdf,2026-09-25T23:58:24Z,
carb:current_auction,allowances_offered,2015-08-01T00:00:00Z,73429360.0,count,P3M,US-CA,,Joint Auction #4,carb:auction-results-summary,https://ww2.arb.ca.gov/sites/default/files/2020-08/results_summary.pdf,2026-09-25T23:58:24Z,
carb:current_auction,allowances_offered,2015-11-01T00:00:00Z,75113008.0,count,P3M,US-CA,,Joint Auction #5,carb:auction-results-summary,https://ww2.arb.ca.gov/sites/default/files/2020-08/results_summary.pdf,2026-09-25T23:58:24Z,
carb:current_auction,allowances_offered,2016-02-01T00:00:00Z,71555827.0,count,P3M,US-CA,,Joint Auction #6,carb:auction-results-summary,https://ww2.arb.ca.gov/sites/default/files/2020-08/results_summary.pdf,2026-09-25T23:58:24Z,
carb:current_auction,allowances_offered,2016-05-01T00:00:00Z,67675951.0,count,P3M,US-CA,,Joint Auction #7,carb:auction-results-summary,https://ww2.arb.ca.gov/sites/default/files/2020-08/results_summary.pdf,2026-09-25T23:58:24Z,
carb:current_auction,allowances_offered,2016-08-01T00:00:00Z,86278410.0,count,P3M,US-CA,,Joint Auction #8,carb:auction-results-summary,https://ww2.arb.ca.gov/sites/default/files/2020-08/results_summary.pdf,2026-09-25T23:58:24Z,
carb:current_auction,allowances_offered,2016-11-01T00:00:00Z,87069495.0,count,P3M,US-CA,,Joint Auction #9,carb:auction-results-summary,https://ww2.arb.ca.gov/sites/default/files/2020-08/results_summary.pdf,2026-09-25T23:58:24Z,
carb:current_auction,allowances_offered,2017-02-01T00:00:00Z,65104273.0,count,P3M,US-CA,,Joint Auction #10,carb:auction-results-summary,https://ww2.arb.ca.gov/sites/default/files/2020-08/results_summary.pdf,2026-09-25T23:58:24Z,
carb:current_auction,allowances_offered,2017-05-01T00:00:00Z,75311960.0,count,P3M,US-CA,,Joint Auction #11,carb:auction-results-summary,https://ww2.arb.ca.gov/sites/default/files/2020-08/results_summary.pdf,2026-09-25T23:58:24Z,
carb:current_auction,allowances_offered,2017-08-01T00:00:00Z,63887833.0,count,P3M,US-CA,,Joint Auction #12,carb:auction-results-summary,https://ww2.arb.ca.gov/sites/default/files/2020-08/results_summary.pdf,2026-09-25T23:58:24Z,
carb:current_auction,allowances_offered,2017-11-01T00:00:00Z,79548286.0,count,P3M,US-CA,,Joint Auction #13,carb:auction-results-summary,https://ww2.arb.ca.gov/sites/default/files/2020-08/results_summary.pdf,2026-09-25T23:58:24Z,
carb:current_auction,allowances_offered,2018-02-01T00:00:00Z,98215920.0,count,P3M,US-CA,,Joint Auction #14,carb:auction-results-summary,https://ww2.arb.ca.gov/sites/default/files/2020-08/results_summary.pdf,2026-09-25T23:58:24Z,
carb:current_auction,allowances_offered,2018-05-01T00:00:00Z,90587738.0,count,P3M,US-CA,,Joint Auction #15,carb:auction-results-summary,https://ww2.arb.ca.gov/sites/default/files/2020-08/results_summary.pdf,2026-09-25T23:58:24Z,
carb:current_auction,allowances_offered,2018-08-01T00:00:00Z,79421265.0,count,P3M,US-CA,,Joint Auction #16,carb:auction-results-summary,https://ww2.arb.ca.gov/sites/default/files/2020-08/results_summary.pdf,2026-09-25T23:58:24Z,
carb:current_auction,allowances_offered,2018-11-01T00:00:00Z,78825717.0,count,P3M,US-CA,,Joint Auction #17,carb:auction-results-summary,https://ww2.arb.ca.gov/sites/default/files/2020-08/results_summary.pdf,2026-09-25T23:58:24Z,
carb:current_auction,allowances_offered,2019-02-01T00:00:00Z,80847404.0,count,P3M,US-CA,,Joint Auction #18,carb:auction-results-summary,https://ww2.arb.ca.gov/sites/default/files/2020-08/results_summary.pdf,2026-09-25T23:58:24Z,
carb:current_auction,allowances_offered,2019-05-01T00:00:00Z,66321122.0,count,P3M,US-CA,,Joint Auction #19,carb:auction-results-summary,https://ww2.arb.ca.gov/sites/default/files/2020-08/results_summary.pdf,2026-09-25T23:58:24Z,
carb:current_auction,allowances_offered,2019-08-01T00:00:00Z,66289515.0,count,P3M,US-CA,,Joint Auction #20,carb:auction-results-summary,https://ww2.arb.ca.gov/sites/default/files/2020-08/results_summary.pdf,2026-09-25T23:58:24Z,
carb:current_auction,allowances_offered,2019-11-01T00:00:00Z,67435661.0,count,P3M,US-CA,,Joint Auction #21,carb:auction-results-summary,https://ww2.arb.ca.gov/sites/default/files/2020-08/results_summary.pdf,2026-09-25T23:58:24Z,
carb:current_auction,allowances_offered,2020-02-01T00:00:00Z,57090077.0,count,P3M,US-CA,,Joint Auction #22,carb:auction-results-summary,https://ww2.arb.ca.gov/sites/default/files/2020-08/results_summary.pdf,2026-09-25T23:58:24Z,
carb:current_auction,allowances_offered,2020-05-01T00:00:00Z,57540731.0,count,P3M,US-CA,,Joint Auction #23,carb:auction-results-summary,https://ww2.arb.ca.gov/sites/default/files/2020-08/results_summary.pdf,2026-09-25T23:58:24Z,
carb:current_auction,allowances_offered,2020-08-01T00:00:00Z,59250484.0,count,P3M,US-CA,,Joint Auction #24,carb:auction-results-summary,https://ww2.arb.ca.gov/sites/default/files/2020-08/results_summary.pdf,2026-09-25T23:58:24Z,
carb:current_auction,allowances_offered,2020-11-01T00:00:00Z,56366432.0,count,P3M,US-CA,,Joint Auction #25,carb:auction-results-summary,https://ww2.arb.ca.gov/sites/default/files/2020-08/results_summary.pdf,2026-09-25T23:58:24Z,
carb:current_auction,allowances_offered,2021-02-01T00:00:00Z,54773607.0,count,P3M,US-CA,,Joint Auction #26,carb:auction-results-summary,https://ww2.arb.ca.gov/sites/default/files/2020-08/results_summary.pdf,2026-09-25T23:58:24Z,
carb:current_auction,allowances_offered,2021-05-01T00:00:00Z,71647138.0,count,P3M,US-CA,,Joint Auction #27,carb:auction-results-summary,https://ww2.arb.ca.gov/sites/default/files/2020-08/results_summary.pdf,2026-09-25T23:58:24Z,
carb:current_auction,allowances_offered,2021-08-01T00:00:00Z,71261536.0,count,P3M,US-CA,,Joint Auction #28,carb:auction-results-summary,https://ww2.arb.ca.gov/sites/default/files/2020-08/results_summary.pdf,2026-09-25T23:58:24Z,
carb:current_auction,allowances_offered,2021-11-01T00:00:00Z,68598217.0,count,P3M,US-CA,,Joint Auction #29,carb:auction-results-summary,https://ww2.arb.ca.gov/sites/default/files/2020-08/results_summary.pdf,2026-09-25T23:58:24Z,
carb:current_auction,allowances_offered,2022-02-01T00:00:00Z,58527697.0,count,P3M,US-CA,,Joint Auction #30,carb:auction-results-summary,https://ww2.arb.ca.gov/sites/default/files/2020-08/results_summary.pdf,2026-09-25T23:58:24Z,
carb:current_auction,allowances_offered,2022-05-01T00:00:00Z,58331300.0,count,P3M,US-CA,,Joint Auction #31,carb:auction-results-summary,https://ww2.arb.ca.gov/sites/default/files/2020-08/results_summary.pdf,2026-09-25T23:58:24Z,
carb:current_auction,allowances_offered,2022-08-01T00:00:00Z,56956085.0,count,P3M,US-CA,,Joint Auction #32,carb:auction-results-summary,https://ww2.arb.ca.gov/sites/default/files/2020-08/results_summary.pdf,2026-09-25T23:58:24Z,
carb:current_auction,allowances_offered,2022-11-01T00:00:00Z,58020854.0,count,P3M,US-CA,,Joint Auction #33,carb:auction-results-summary,https://ww2.arb.ca.gov/sites/default/files/2020-08/results_summary.pdf,2026-09-25T23:58:24Z,
carb:current_auction,allowances_offered,2023-02-01T00:00:00Z,56395720.0,count,P3M,US-CA,,Joint Auction #34,carb:auction-results-summary,https://ww2.arb.ca.gov/sites/default/files/2020-08/results_summary.pdf,2026-09-25T23:58:24Z,
carb:current_auction,allowances_offered,2023-05-01T00:00:00Z,56084237.0,count,P3M,US-CA,,Joint Auction #35,carb:auction-results-summary,https://ww2.arb.ca.gov/sites/default/files/2020-08/results_summary.pdf,2026-09-25T23:58:24Z,
carb:current_auction,allowances_offered,2023-08-01T00:00:00Z,55760384.0,count,P3M,US-CA,,Joint Auction #36,carb:auction-results-summary,https://ww2.arb.ca.gov/sites/default/files/2020-08/results_summary.pdf,2026-09-25T23:58:24Z,
carb:current_auction,allowances_offered,2023-11-01T00:00:00Z,57617565.0,count,P3M,US-CA,,Joint Auction #37,carb:auction-results-summary,https://ww2.arb.ca.gov/sites/default/files/2020-08/results_summary.pdf,2026-09-25T23:58:24Z,
carb:current_auction,allowances_offered,2024-02-01T00:00:00Z,51216056.0,count,P3M,US-CA,,Joint Auction #38,carb:auction-results-summary,https://ww2.arb.ca.gov/sites/default/files/2020-08/results_summary.pdf,2026-09-25T23:58:24Z,
carb:current_auction,allowances_offered,2024-05-01T00:00:00Z,51589488.0,count,P3M,US-CA,,Joint Auction #39,carb:auction-results-summary,https://ww2.arb.ca.gov/sites/default/files/2020-08/results_summary.pdf,2026-09-25T23:58:24Z,
carb:current_auction,allowances_offered,2024-08-01T00:00:00Z,51179715.0,count,P3M,US-CA,,Joint Auction #40,carb:auction-results-summary,https://ww2.arb.ca.gov/sites/default/files/2020-08/results_summary.pdf,2026-09-25T23:58:24Z,
carb:current_auction,allowances_offered,2024-11-01T00:00:00Z,52629612.0,count,P3M,US-CA,,Joint Auction #41,carb:auction-results-summary,https://ww2.arb.ca.gov/sites/default/files/2020-08/results_summary.pdf,2026-09-25T23:58:24Z,
carb:current_auction,allowances_offered,2025-02-01T00:00:00Z,51466028.0,count,P3M,US-CA,,Joint Auction #42,carb:auction-results-summary,https://ww2.arb.ca.gov/sites/default/files/2020-08/results_summary.pdf,2026-09-25T23:58:24Z,
carb:current_auction,allowances_offered,2025-05-01T00:00:00Z,51069285.0,count,P3M,US-CA,,Joint Auction #43,carb:auction-results-summary,https://ww2.arb.ca.gov/sites/default/files/2020-08/results_summary.pdf,2026-09-25T23:58:24Z,
carb:current_auction,allowances_offered,2025-08-01T00:00:00Z,51883970.0,count,P3M,US-CA,,Joint Auction #44,carb:auction-results-summary,https://ww2.arb.ca.gov/sites/default/files/2020-08/results_summary.pdf,2026-09-25T23:58:24Z,
carb:current_auction,allowances_offered,2025-11-01T00:00:00Z,51253305.0,count,P3M,US-CA,,Joint Auction #45,carb:auction-results-summary,https://ww2.arb.ca.gov/sites/default/files/2020-08/results_summary.pdf,2026-09-25T23:58:24Z,
carb:current_auction,allowances_offered,2026-02-01T00:00:00Z,54975757.0,count,P3M,US-CA,,Joint Auction #46,carb:auction-results-summary,https://ww2.arb.ca.gov/sites/default/files/2020-08/results_summary.pdf,2026-09-25T23:58:24Z,
carb:current_auction,allowances_offered,2026-05-01T00:00:00Z,49647415.0,count,P3M,US-CA,,Joint Auction #47,carb:auction-results-summary,https://ww2.arb.ca.gov/sites/default/files/2020-08/results_summary.pdf,2026-09-25T23:58:24Z,
carb:current_auction,allowances_offered,2026-08-01T00:00:00Z,49016180.0,count,P3M,US-CA,,Joint Auction #48,carb:auction-results-summary,https://ww2.arb.ca.gov/sites/default/files/2020-08/results_summary.pdf,2026-09-25T23:58:24Z,
carb:current_auction,allowances_sold,2012-11-01T00:00:00Z,23126110.0,count,P3M,US-CA,,Auction #1,carb:auction-results-summary,https://ww2.arb.ca.gov/sites/default/files/2020-08/results_summary.pdf,2026-09-25T23:58:24Z,
carb:current_auction,allowances_sold,2013-02-01T00:00:00Z,12924822.0,count,P3M,US-CA,,Auction #2,carb:auction-results-summary,https://ww2.arb.ca.gov/sites/default/files/2020-08/results_summary.pdf,2026-09-25T23:58:24Z,
carb:current_auction,allowances_sold,2013-05-01T00:00:00Z,14522048.0,count,P3M,US-CA,,Auction #3,carb:auction-results-summary,https://ww2.arb.ca.gov/sites/default/files/2020-08/results_summary.pdf,2026-09-25T23:58:24Z,
carb:current_auction,allowances_sold,2013-08-01T00:00:00Z,13865422.0,count,P3M,US-CA,,Auction #4,carb:auction-results-summary,https://ww2.arb.ca.gov/sites/default/files/2020-08/results_summary.pdf,2026-09-25T23:58:24Z,
carb:current_auction,allowances_sold,2013-11-01T00:00:00Z,16614526.0,count,P3M,US-CA,,Auction #5,carb:auction-results-summary,https://ww2.arb.ca.gov/sites/default/files/2020-08/results_summary.pdf,2026-09-25T23:58:24Z,
carb:current_auction,allowances_sold,2014-02-01T00:00:00Z,19538695.0,count,P3M,US-CA,,Auction #6,carb:auction-results-summary,https://ww2.arb.ca.gov/sites/default/files/2020-08/results_summary.pdf,2026-09-25T23:58:24Z,
carb:current_auction,allowances_sold,2014-05-01T00:00:00Z,16947080.0,count,P3M,US-CA,,Auction #7,carb:auction-results-summary,https://ww2.arb.ca.gov/sites/default/files/2020-08/results_summary.pdf,2026-09-25T23:58:24Z,
carb:current_auction,allowances_sold,2014-08-01T00:00:00Z,22473043.0,count,P3M,US-CA,,Auction #8,carb:auction-results-summary,https://ww2.arb.ca.gov/sites/default/files/2020-08/results_summary.pdf,2026-09-25T23:58:24Z,
carb:current_auction,allowances_sold,2014-11-01T00:00:00Z,23070987.0,count,P3M,US-CA,,Joint Auction #1,carb:auction-results-summary,https://ww2.arb.ca.gov/sites/default/files/2020-08/results_summary.pdf,2026-09-25T23:58:24Z,
carb:current_auction,allowances_sold,2015-02-01T00:00:00Z,73610528.0,count,P3M,US-CA,,Joint Auction #2,carb:auction-results-summary,https://ww2.arb.ca.gov/sites/default/files/2020-08/results_summary.pdf,2026-09-25T23:58:24Z,
carb:current_auction,allowances_sold,2015-05-01T00:00:00Z,76931627.0,count,P3M,US-CA,,Joint Auction #3,carb:auction-results-summary,https://ww2.arb.ca.gov/sites/default/files/2020-08/results_summary.pdf,2026-09-25T23:58:24Z,
carb:current_auction,allowances_sold,2015-08-01T00:00:00Z,73429360.0,count,P3M,US-CA,,Joint Auction #4,carb:auction-results-summary,https://ww2.arb.ca.gov/sites/default/files/2020-08/results_summary.pdf,2026-09-25T23:58:24Z,
carb:current_auction,allowances_sold,2015-11-01T00:00:00Z,75113008.0,count,P3M,US-CA,,Joint Auction #5,carb:auction-results-summary,https://ww2.arb.ca.gov/sites/default/files/2020-08/results_summary.pdf,2026-09-25T23:58:24Z,
carb:current_auction,allowances_sold,2016-02-01T00:00:00Z,68026000.0,count,P3M,US-CA,,Joint Auction #6,carb:auction-results-summary,https://ww2.arb.ca.gov/sites/default/files/2020-08/results_summary.pdf,2026-09-25T23:58:24Z,
carb:current_auction,allowances_sold,2016-05-01T00:00:00Z,7260000.0,count,P3M,US-CA,,Joint Auction #7,carb:auction-results-summary,https://ww2.arb.ca.gov/sites/default/files/2020-08/results_summary.pdf,2026-09-25T23:58:24Z,
carb:current_auction,allowances_sold,2016-08-01T00:00:00Z,30021000.0,count,P3M,US-CA,,Joint Auction #8,carb:auction-results-summary,https://ww2.arb.ca.gov/sites/default/files/2020-08/results_summary.pdf,2026-09-25T23:58:24Z,
carb:current_auction,allowances_sold,2016-11-01T00:00:00Z,76960000.0,count,P3M,US-CA,,Joint Auction #9,carb:auction-results-summary,https://ww2.arb.ca.gov/sites/default/files/2020-08/results_summary.pdf,2026-09-25T23:58:24Z,
carb:current_auction,allowances_sold,2017-02-01T00:00:00Z,11673000.0,count,P3M,US-CA,,Joint Auction #10,carb:auction-results-summary,https://ww2.arb.ca.gov/sites/default/files/2020-08/results_summary.pdf,2026-09-25T23:58:24Z,
carb:current_auction,allowances_sold,2017-05-01T00:00:00Z,75311960.0,count,P3M,US-CA,,Joint Auction #11,carb:auction-results-summary,https://ww2.arb.ca.gov/sites/default/files/2020-08/results_summary.pdf,2026-09-25T23:58:24Z,
carb:current_auction,allowances_sold,2017-08-01T00:00:00Z,63887833.0,count,P3M,US-CA,,Joint Auction #12,carb:auction-results-summary,https://ww2.arb.ca.gov/sites/default/files/2020-08/results_summary.pdf,2026-09-25T23:58:24Z,
carb:current_auction,allowances_sold,2017-11-01T00:00:00Z,79548286.0,count,P3M,US-CA,,Joint Auction #13,carb:auction-results-summary,https://ww2.arb.ca.gov/sites/default/files/2020-08/results_summary.pdf,2026-09-25T23:58:24Z,
carb:current_auction,allowances_sold,2018-02-01T00:00:00Z,98215920.0,count,P3M,US-CA,,Joint Auction #14,carb:auction-results-summary,https://ww2.arb.ca.gov/sites/default/files/2020-08/results_summary.pdf,2026-09-25T23:58:24Z,
carb:current_auction,allowances_sold,2018-05-01T00:00:00Z,90587738.0,count,P3M,US-CA,,Joint Auction #15,carb:auction-results-summary,https://ww2.arb.ca.gov/sites/default/files/2020-08/results_summary.pdf,2026-09-25T23:58:24Z,
carb:current_auction,allowances_sold,2018-08-01T00:00:00Z,79421265.0,count,P3M,US-CA,,Joint Auction #16,carb:auction-results-summary,https://ww2.arb.ca.gov/sites/default/files/2020-08/results_summary.pdf,2026-09-25T23:58:24Z,
carb:current_auction,allowances_sold,2018-11-01T00:00:00Z,78825717.0,count,P3M,US-CA,,Joint Auction #17,carb:auction-results-summary,https://ww2.arb.ca.gov/sites/default/files/2020-08/results_summary.pdf,2026-09-25T23:58:24Z,
carb:current_auction,allowances_sold,2019-02-01T00:00:00Z,80847404.0,count,P3M,US-CA,,Joint Auction #18,carb:auction-results-summary,https://ww2.arb.ca.gov/sites/default/files/2020-08/results_summary.pdf,2026-09-25T23:58:24Z,
carb:current_auction,allowances_sold,2019-05-01T00:00:00Z,66321122.0,count,P3M,US-CA,,Joint Auction #19,carb:auction-results-summary,https://ww2.arb.ca.gov/sites/default/files/2020-08/results_summary.pdf,2026-09-25T23:58:24Z,
carb:current_auction,allowances_sold,2019-08-01T00:00:00Z,66289515.0,count,P3M,US-CA,,Joint Auction #20,carb:auction-results-summary,https://ww2.arb.ca.gov/sites/default/files/2020-08/results_summary.pdf,2026-09-25T23:58:24Z,
carb:current_auction,allowances_sold,2019-11-01T00:00:00Z,67435661.0,count,P3M,US-CA,,Joint Auction #21,carb:auction-results-summary,https://ww2.arb.ca.gov/sites/default/files/2020-08/results_summary.pdf,2026-09-25T23:58:24Z,
carb:current_auction,allowances_sold,2020-02-01T00:00:00Z,57090077.0,count,P3M,US-CA,,Joint Auction #22,carb:auction-results-summary,https://ww2.arb.ca.gov/sites/default/files/2020-08/results_summary.pdf,2026-09-25T23:58:24Z,
carb:current_auction,allowances_sold,2020-05-01T00:00:00Z,21161000.0,count,P3M,US-CA,,Joint Auction #23,carb:auction-results-summary,https://ww2.arb.ca.gov/sites/default/files/2020-08/results_summary.pdf,2026-09-25T23:58:24Z,
carb:current_auction,allowances_sold,2020-08-01T00:00:00Z,52627000.0,count,P3M,US-CA,,Joint Auction #24,carb:auction-results-summary,https://ww2.arb.ca.gov/sites/default/files/2020-08/results_summary.pdf,2026-09-25T23:58:24Z,
carb:current_auction,allowances_sold,2020-11-01T00:00:00Z,56366432.0,count,P3M,US-CA,,Joint Auction #25,carb:auction-results-summary,https://ww2.arb.ca.gov/sites/default/files/2020-08/results_summary.pdf,2026-09-25T23:58:24Z,
carb:current_auction,allowances_sold,2021-02-01T00:00:00Z,54773607.0,count,P3M,US-CA,,Joint Auction #26,carb:auction-results-summary,https://ww2.arb.ca.gov/sites/default/files/2020-08/results_summary.pdf,2026-09-25T23:58:24Z,
carb:current_auction,allowances_sold,2021-05-01T00:00:00Z,71647138.0,count,P3M,US-CA,,Joint Auction #27,carb:auction-results-summary,https://ww2.arb.ca.gov/sites/default/files/2020-08/results_summary.pdf,2026-09-25T23:58:24Z,
carb:current_auction,allowances_sold,2021-08-01T00:00:00Z,71261536.0,count,P3M,US-CA,,Joint Auction #28,carb:auction-results-summary,https://ww2.arb.ca.gov/sites/default/files/2020-08/results_summary.pdf,2026-09-25T23:58:24Z,
carb:current_auction,allowances_sold,2021-11-01T00:00:00Z,68598217.0,count,P3M,US-CA,,Joint Auction #29,carb:auction-results-summary,https://ww2.arb.ca.gov/sites/default/files/2020-08/results_summary.pdf,2026-09-25T23:58:24Z,
carb:current_auction,allowances_sold,2022-02-01T00:00:00Z,58527697.0,count,P3M,US-CA,,Joint Auction #30,carb:auction-results-summary,https://ww2.arb.ca.gov/sites/default/files/2020-08/results_summary.pdf,2026-09-25T23:58:24Z,
carb:current_auction,allowances_sold,2022-05-01T00:00:00Z,58331300.0,count,P3M,US-CA,,Joint Auction #31,carb:auction-results-summary,https://ww2.arb.ca.gov/sites/default/files/2020-08/results_summary.pdf,2026-09-25T23:58:24Z,
carb:current_auction,allowances_sold,2022-08-01T00:00:00Z,56956085.0,count,P3M,US-CA,,Joint Auction #32,carb:auction-results-summary,https://ww2.arb.ca.gov/sites/default/files/2020-08/results_summary.pdf,2026-09-25T23:58:24Z,
carb:current_auction,allowances_sold,2022-11-01T00:00:00Z,58020854.0,count,P3M,US-CA,,Joint Auction #33,carb:auction-results-summary,https://ww2.arb.ca.gov/sites/default/files/2020-08/results_summary.pdf,2026-09-25T23:58:24Z,
carb:current_auction,allowances_sold,2023-02-01T00:00:00Z,56395720.0,count,P3M,US-CA,,Joint Auction #34,carb:auction-results-summary,https://ww2.arb.ca.gov/sites/default/files/2020-08/results_summary.pdf,2026-09-25T23:58:24Z,
carb:current_auction,allowances_sold,2023-05-01T00:00:00Z,56084237.0,count,P3M,US-CA,,Joint Auction #35,carb:auction-results-summary,https://ww2.arb.ca.gov/sites/default/files/2020-08/results_summary.pdf,2026-09-25T23:58:24Z,
carb:current_auction,allowances_sold,2023-08-01T00:00:00Z,55760384.0,count,P3M,US-CA,,Joint Auction #36,carb:auction-results-summary,https://ww2.arb.ca.gov/sites/default/files/2020-08/results_summary.pdf,2026-09-25T23:58:24Z,
carb:current_auction,allowances_sold,2023-11-01T00:00:00Z,57617565.0,count,P3M,US-CA,,Joint Auction #37,carb:auction-results-summary,https://ww2.arb.ca.gov/sites/default/files/2020-08/results_summary.pdf,2026-09-25T23:58:24Z,
carb:current_auction,allowances_sold,2024-02-01T00:00:00Z,51216056.0,count,P3M,US-CA,,Joint Auction #38,carb:auction-results-summary,https://ww2.arb.ca.gov/sites/default/files/2020-08/results_summary.pdf,2026-09-25T23:58:24Z,
carb:current_auction,allowances_sold,2024-05-01T00:00:00Z,51589488.0,count,P3M,US-CA,,Joint Auction #39,carb:auction-results-summary,https://ww2.arb.ca.gov/sites/default/files/2020-08/results_summary.pdf,2026-09-25T23:58:24Z,
carb:current_auction,allowances_sold,2024-08-01T00:00:00Z,51179715.0,count,P3M,US-CA,,Joint Auction #40,carb:auction-results-summary,https://ww2.arb.ca.gov/sites/default/files/2020-08/results_summary.pdf,2026-09-25T23:58:24Z,
carb:current_auction,allowances_sold,2024-11-01T00:00:00Z,52629612.0,count,P3M,US-CA,,Joint Auction #41,carb:auction-results-summary,https://ww2.arb.ca.gov/sites/default/files/2020-08/results_summary.pdf,2026-09-25T23:58:24Z,
carb:current_auction,allowances_sold,2025-02-01T00:00:00Z,51466028.0,count,P3M,US-CA,,Joint Auction #42,carb:auction-results-summary,https://ww2.arb.ca.gov/sites/default/files/2020-08/results_summary.pdf,2026-09-25T23:58:24Z,
carb:current_auction,allowances_sold,2025-05-01T00:00:00Z,43865000.0,count,P3M,US-CA,,Joint Auction #43,carb:auction-results-summary,https://ww2.arb.ca.gov/sites/default/files/2020-08/results_summary.pdf,2026-09-25T23:58:24Z,
carb:current_auction,allowances_sold,2025-08-01T00:00:00Z,51883970.0,count,P3M,US-CA,,Joint Auction #44,carb:auction-results-summary,https://ww2.arb.ca.gov/sites/default/files/2020-08/results_summary.pdf,2026-09-25T23:58:24Z,
carb:current_auction,allowances_sold,2025-11-01T00:00:00Z,51253305.0,count,P3M,US-CA,,Joint Auction #45,carb:auction-results-summary,https://ww2.arb.ca.gov/sites/default/files/2020-08/results_summary.pdf,2026-09-25T23:58:24Z,
carb:current_auction,allowances_sold,2026-02-01T00:00:00Z,54975757.0,count,P3M,US-CA,,Joint Auction #46,carb:auction-results-summary,https://ww2.arb.ca.gov/sites/default/files/2020-08/results_summary.pdf,2026-09-25T23:58:24Z,
carb:current_auction,allowances_sold,2026-05-01T00:00:00Z,49647415.0,count,P3M,US-CA,,Joint Auction #47,carb:auction-results-summary,https://ww2.arb.ca.gov/sites/default/files/2020-08/results_summary.pdf,2026-09-25T23:58:24Z,
carb:current_auction,allowances_sold,2026-08-01T00:00:00Z,49016180.0,count,P3M,US-CA,,Joint Auction #48,carb:auction-results-summary,https://ww2.arb.ca.gov/sites/default/files/2020-08/results_summary.pdf,2026-09-25T23:58:24Z,
carb:current_auction,settlement_price,2012-11-01T00:00:00Z,10.09,USD/tCO2,P3M,US-CA,,Auction #1,carb:auction-results-summary,https://ww2.arb.ca.gov/sites/default/files/2020-08/results_summary.pdf,2026-09-25T23:58:24Z,
carb:current_auction,settlement_price,2013-02-01T00:00:00Z,13.62,USD/tCO2,P3M,US-CA,,Auction #2,carb:auction-results-summary,https://ww2.arb.ca.gov/sites/default/files/2020-08/results_summary.pdf,2026-09-25T23:58:24Z,
carb:current_auction,settlement_price,2013-05-01T00:00:00Z,14.0,USD/tCO2,P3M,US-CA,,Auction #3,carb:auction-results-summary,https://ww2.arb.ca.gov/sites/default/files/2020-08/results_summary.pdf,2026-09-25T23:58:24Z,
carb:current_auction,settlement_price,2013-08-01T00:00:00Z,12.22,USD/tCO2,P3M,US-CA,,Auction #4,carb:auction-results-summary,https://ww2.arb.ca.gov/sites/default/files/2020-08/results_summary.pdf,2026-09-25T23:58:24Z,
carb:current_auction,settlement_price,2013-11-01T00:00:00Z,11.48,USD/tCO2,P3M,US-CA,,Auction #5,carb:auction-results-summary,https://ww2.arb.ca.gov/sites/default/files/2020-08/results_summary.pdf,2026-09-25T23:58:24Z,
carb:current_auction,settlement_price,2014-02-01T00:00:00Z,11.48,USD/tCO2,P3M,US-CA,,Auction #6,carb:auction-results-summary,https://ww2.arb.ca.gov/sites/default/files/2020-08/results_summary.pdf,2026-09-25T23:58:24Z,
carb:current_auction,settlement_price,2014-05-01T00:00:00Z,11.5,USD/tCO2,P3M,US-CA,,Auction #7,carb:auction-results-summary,https://ww2.arb.ca.gov/sites/default/files/2020-08/results_summary.pdf,2026-09-25T23:58:24Z,
carb:current_auction,settlement_price,2014-08-01T00:00:00Z,11.5,USD/tCO2,P3M,US-CA,,Auction #8,carb:auction-results-summary,https://ww2.arb.ca.gov/sites/default/files/2020-08/results_summary.pdf,2026-09-25T23:58:24Z,
carb:current_auction,settlement_price,2014-11-01T00:00:00Z,12.1,USD/tCO2,P3M,US-CA,,Joint Auction #1,carb:auction-results-summary,https://ww2.arb.ca.gov/sites/default/files/2020-08/results_summary.pdf,2026-09-25T23:58:24Z,
carb:current_auction,settlement_price,2015-02-01T00:00:00Z,12.21,USD/tCO2,P3M,US-CA,,Joint Auction #2,carb:auction-results-summary,https://ww2.arb.ca.gov/sites/default/files/2020-08/results_summary.pdf,2026-09-25T23:58:24Z,
carb:current_auction,settlement_price,2015-05-01T00:00:00Z,12.29,USD/tCO2,P3M,US-CA,,Joint Auction #3,carb:auction-results-summary,https://ww2.arb.ca.gov/sites/default/files/2020-08/results_summary.pdf,2026-09-25T23:58:24Z,
carb:current_auction,settlement_price,2015-08-01T00:00:00Z,12.52,USD/tCO2,P3M,US-CA,,Joint Auction #4,carb:auction-results-summary,https://ww2.arb.ca.gov/sites/default/files/2020-08/results_summary.pdf,2026-09-25T23:58:24Z,
carb:current_auction,settlement_price,2015-11-01T00:00:00Z,12.73,USD/tCO2,P3M,US-CA,,Joint Auction #5,carb:auction-results-summary,https://ww2.arb.ca.gov/sites/default/files/2020-08/results_summary.pdf,2026-09-25T23:58:24Z,
carb:current_auction,settlement_price,2016-02-01T00:00:00Z,12.73,USD/tCO2,P3M,US-CA,,Joint Auction #6,carb:auction-results-summary,https://ww2.arb.ca.gov/sites/default/files/2020-08/results_summary.pdf,2026-09-25T23:58:24Z,
carb:current_auction,settlement_price,2016-05-01T00:00:00Z,12.73,USD/tCO2,P3M,US-CA,,Joint Auction #7,carb:auction-results-summary,https://ww2.arb.ca.gov/sites/default/files/2020-08/results_summary.pdf,2026-09-25T23:58:24Z,
carb:current_auction,settlement_price,2016-08-01T00:00:00Z,12.73,USD/tCO2,P3M,US-CA,,Joint Auction #8,carb:auction-results-summary,https://ww2.arb.ca.gov/sites/default/files/2020-08/results_summary.pdf,2026-09-25T23:58:24Z,
carb:current_auction,settlement_price,2016-11-01T00:00:00Z,12.73,USD/tCO2,P3M,US-CA,,Joint Auction #9,carb:auction-results-summary,https://ww2.arb.ca.gov/sites/default/files/2020-08/results_summary.pdf,2026-09-25T23:58:24Z,
carb:current_auction,settlement_price,2017-02-01T00:00:00Z,13.57,USD/tCO2,P3M,US-CA,,Joint Auction #10,carb:auction-results-summary,https://ww2.arb.ca.gov/sites/default/files/2020-08/results_summary.pdf,2026-09-25T23:58:24Z,
carb:current_auction,settlement_price,2017-05-01T00:00:00Z,13.8,USD/tCO2,P3M,US-CA,,Joint Auction #11,carb:auction-results-summary,https://ww2.arb.ca.gov/sites/default/files/2020-08/results_summary.pdf,2026-09-25T23:58:24Z,
carb:current_auction,settlement_price,2017-08-01T00:00:00Z,14.75,USD/tCO2,P3M,US-CA,,Joint Auction #12,carb:auction-results-summary,https://ww2.arb.ca.gov/sites/default/files/2020-08/results_summary.pdf,2026-09-25T23:58:24Z,
carb:current_auction,settlement_price,2017-11-01T00:00:00Z,15.06,USD/tCO2,P3M,US-CA,,Joint Auction #13,carb:auction-results-summary,https://ww2.arb.ca.gov/sites/default/files/2020-08/results_summary.pdf,2026-09-25T23:58:24Z,
carb:current_auction,settlement_price,2018-02-01T00:00:00Z,14.61,USD/tCO2,P3M,US-CA,,Joint Auction #14,carb:auction-results-summary,https://ww2.arb.ca.gov/sites/default/files/2020-08/results_summary.pdf,2026-09-25T23:58:24Z,
carb:current_auction,settlement_price,2018-05-01T00:00:00Z,14.65,USD/tCO2,P3M,US-CA,,Joint Auction #15,carb:auction-results-summary,https://ww2.arb.ca.gov/sites/default/files/2020-08/results_summary.pdf,2026-09-25T23:58:24Z,
carb:current_auction,settlement_price,2018-08-01T00:00:00Z,15.05,USD/tCO2,P3M,US-CA,,Joint Auction #16,carb:auction-results-summary,https://ww2.arb.ca.gov/sites/default/files/2020-08/results_summary.pdf,2026-09-25T23:58:24Z,
carb:current_auction,settlement_price,2018-11-01T00:00:00Z,15.31,USD/tCO2,P3M,US-CA,,Joint Auction #17,carb:auction-results-summary,https://ww2.arb.ca.gov/sites/default/files/2020-08/results_summary.pdf,2026-09-25T23:58:24Z,
carb:current_auction,settlement_price,2019-02-01T00:00:00Z,15.73,USD/tCO2,P3M,US-CA,,Joint Auction #18,carb:auction-results-summary,https://ww2.arb.ca.gov/sites/default/files/2020-08/results_summary.pdf,2026-09-25T23:58:24Z,
carb:current_auction,settlement_price,2019-05-01T00:00:00Z,17.45,USD/tCO2,P3M,US-CA,,Joint Auction #19,carb:auction-results-summary,https://ww2.arb.ca.gov/sites/default/files/2020-08/results_summary.pdf,2026-09-25T23:58:24Z,
carb:current_auction,settlement_price,2019-08-01T00:00:00Z,17.16,USD/tCO2,P3M,US-CA,,Joint Auction #20,carb:auction-results-summary,https://ww2.arb.ca.gov/sites/default/files/2020-08/results_summary.pdf,2026-09-25T23:58:24Z,
carb:current_auction,settlement_price,2019-11-01T00:00:00Z,17.0,USD/tCO2,P3M,US-CA,,Joint Auction #21,carb:auction-results-summary,https://ww2.arb.ca.gov/sites/default/files/2020-08/results_summary.pdf,2026-09-25T23:58:24Z,
carb:current_auction,settlement_price,2020-02-01T00:00:00Z,17.87,USD/tCO2,P3M,US-CA,,Joint Auction #22,carb:auction-results-summary,https://ww2.arb.ca.gov/sites/default/files/2020-08/results_summary.pdf,2026-09-25T23:58:24Z,
carb:current_auction,settlement_price,2020-05-01T00:00:00Z,16.68,USD/tCO2,P3M,US-CA,,Joint Auction #23,carb:auction-results-summary,https://ww2.arb.ca.gov/sites/default/files/2020-08/results_summary.pdf,2026-09-25T23:58:24Z,
carb:current_auction,settlement_price,2020-08-01T00:00:00Z,16.68,USD/tCO2,P3M,US-CA,,Joint Auction #24,carb:auction-results-summary,https://ww2.arb.ca.gov/sites/default/files/2020-08/results_summary.pdf,2026-09-25T23:58:24Z,
carb:current_auction,settlement_price,2020-11-01T00:00:00Z,16.93,USD/tCO2,P3M,US-CA,,Joint Auction #25,carb:auction-results-summary,https://ww2.arb.ca.gov/sites/default/files/2020-08/results_summary.pdf,2026-09-25T23:58:24Z,
carb:current_auction,settlement_price,2021-02-01T00:00:00Z,17.8,USD/tCO2,P3M,US-CA,,Joint Auction #26,carb:auction-results-summary,https://ww2.arb.ca.gov/sites/default/files/2020-08/results_summary.pdf,2026-09-25T23:58:24Z,
carb:current_auction,settlement_price,2021-05-01T00:00:00Z,18.8,USD/tCO2,P3M,US-CA,,Joint Auction #27,carb:auction-results-summary,https://ww2.arb.ca.gov/sites/default/files/2020-08/results_summary.pdf,2026-09-25T23:58:24Z,
carb:current_auction,settlement_price,2021-08-01T00:00:00Z,23.3,USD/tCO2,P3M,US-CA,,Joint Auction #28,carb:auction-results-summary,https://ww2.arb.ca.gov/sites/default/files/2020-08/results_summary.pdf,2026-09-25T23:58:24Z,
carb:current_auction,settlement_price,2021-11-01T00:00:00Z,28.26,USD/tCO2,P3M,US-CA,,Joint Auction #29,carb:auction-results-summary,https://ww2.arb.ca.gov/sites/default/files/2020-08/results_summary.pdf,2026-09-25T23:58:24Z,
carb:current_auction,settlement_price,2022-02-01T00:00:00Z,29.15,USD/tCO2,P3M,US-CA,,Joint Auction #30,carb:auction-results-summary,https://ww2.arb.ca.gov/sites/default/files/2020-08/results_summary.pdf,2026-09-25T23:58:24Z,
carb:current_auction,settlement_price,2022-05-01T00:00:00Z,30.85,USD/tCO2,P3M,US-CA,,Joint Auction #31,carb:auction-results-summary,https://ww2.arb.ca.gov/sites/default/files/2020-08/results_summary.pdf,2026-09-25T23:58:24Z,
carb:current_auction,settlement_price,2022-08-01T00:00:00Z,27.0,USD/tCO2,P3M,US-CA,,Joint Auction #32,carb:auction-results-summary,https://ww2.arb.ca.gov/sites/default/files/2020-08/results_summary.pdf,2026-09-25T23:58:24Z,
carb:current_auction,settlement_price,2022-11-01T00:00:00Z,26.8,USD/tCO2,P3M,US-CA,,Joint Auction #33,carb:auction-results-summary,https://ww2.arb.ca.gov/sites/default/files/2020-08/results_summary.pdf,2026-09-25T23:58:24Z,
carb:current_auction,settlement_price,2023-02-01T00:00:00Z,27.85,USD/tCO2,P3M,US-CA,,Joint Auction #34,carb:auction-results-summary,https://ww2.arb.ca.gov/sites/default/files/2020-08/results_summary.pdf,2026-09-25T23:58:24Z,
carb:current_auction,settlement_price,2023-05-01T00:00:00Z,30.33,USD/tCO2,P3M,US-CA,,Joint Auction #35,carb:auction-results-summary,https://ww2.arb.ca.gov/sites/default/files/2020-08/results_summary.pdf,2026-09-25T23:58:24Z,
carb:current_auction,settlement_price,2023-08-01T00:00:00Z,35.2,USD/tCO2,P3M,US-CA,,Joint Auction #36,carb:auction-results-summary,https://ww2.arb.ca.gov/sites/default/files/2020-08/results_summary.pdf,2026-09-25T23:58:24Z,
carb:current_auction,settlement_price,2023-11-01T00:00:00Z,38.73,USD/tCO2,P3M,US-CA,,Joint Auction #37,carb:auction-results-summary,https://ww2.arb.ca.gov/sites/default/files/2020-08/results_summary.pdf,2026-09-25T23:58:24Z,
carb:current_auction,settlement_price,2024-02-01T00:00:00Z,41.76,USD/tCO2,P3M,US-CA,,Joint Auction #38,carb:auction-results-summary,https://ww2.arb.ca.gov/sites/default/files/2020-08/results_summary.pdf,2026-09-25T23:58:24Z,
carb:current_auction,settlement_price,2024-05-01T00:00:00Z,37.02,USD/tCO2,P3M,US-CA,,Joint Auction #39,carb:auction-results-summary,https://ww2.arb.ca.gov/sites/default/files/2020-08/results_summary.pdf,2026-09-25T23:58:24Z,
carb:current_auction,settlement_price,2024-08-01T00:00:00Z,30.24,USD/tCO2,P3M,US-CA,,Joint Auction #40,carb:auction-results-summary,https://ww2.arb.ca.gov/sites/default/files/2020-08/results_summary.pdf,2026-09-25T23:58:24Z,
carb:current_auction,settlement_price,2024-11-01T00:00:00Z,31.91,USD/tCO2,P3M,US-CA,,Joint Auction #41,carb:auction-results-summary,https://ww2.arb.ca.gov/sites/default/files/2020-08/results_summary.pdf,2026-09-25T23:58:24Z,
carb:current_auction,settlement_price,2025-02-01T00:00:00Z,29.27,USD/tCO2,P3M,US-CA,,Joint Auction #42,carb:auction-results-summary,https://ww2.arb.ca.gov/sites/default/files/2020-08/results_summary.pdf,2026-09-25T23:58:24Z,
carb:current_auction,settlement_price,2025-05-01T00:00:00Z,25.87,USD/tCO2,P3M,US-CA,,Joint Auction #43,carb:auction-results-summary,https://ww2.arb.ca.gov/sites/default/files/2020-08/results_summary.pdf,2026-09-25T23:58:24Z,
carb:current_auction,settlement_price,2025-08-01T00:00:00Z,28.76,USD/tCO2,P3M,US-CA,,Joint Auction #44,carb:auction-results-summary,https://ww2.arb.ca.gov/sites/default/files/2020-08/results_summary.pdf,2026-09-25T23:58:24Z,
carb:current_auction,settlement_price,2025-11-01T00:00:00Z,28.32,USD/tCO2,P3M,US-CA,,Joint Auction #45,carb:auction-results-summary,https://ww2.arb.ca.gov/sites/default/files/2020-08/results_summary.pdf,2026-09-25T23:58:24Z,
carb:current_auction,settlement_price,2026-02-01T00:00:00Z,27.94,USD/tCO2,P3M,US-CA,,Joint Auction #46,carb:auction-results-summary,https://ww2.arb.ca.gov/sites/default/files/2020-08/results_summary.pdf,2026-09-25T23:58:24Z,
carb:current_auction,settlement_price,2026-05-01T00:00:00Z,28.81,USD/tCO2,P3M,US-CA,,Joint Auction #47,carb:auction-results-summary,https://ww2.arb.ca.gov/sites/default/files/2020-08/results_summary.pdf,2026-09-25T23:58:24Z,
carb:current_auction,settlement_price,2026-08-01T00:00:00Z,32.48,USD/tCO2,P3M,US-CA,,Joint Auction #48,carb:auction-results-summary,https://ww2.arb.ca.gov/sites/default/files/2020-08/results_summary.pdf,2026-09-25T23:58:24Z,
